Municipality,Ward,VotingDistrict,VotingStationName,RegisteredVoters,SpoiltVotes,TotalValidVotes,PartyName,BallotType
EKU,Ward 79700001,32910230,OLIFANTFONTEIN COMMUNITY HALL,1982,16,468,AFRICAN NATIONAL CONGRESS,Ward
EKU,Ward 79700001,32910230,OLIFANTFONTEIN COMMUNITY HALL,1982,16,364,DEMOCRATIC ALLIANCE,Ward
EKU,Ward 79700001,32910230,OLIFANTFONTEIN COMMUNITY HALL,1982,16,125,ECONOMIC FREEDOM FIGHTERS,Ward
EKU,Ward 79700001,32910230,OLIFANTFONTEIN COMMUNITY HALL,1982,16,83,ACTIONSA,Ward
EKU,Ward 79700001,32910331,MIDSTREAM COLLEGE,3720,44,1301,AFRICAN NATIONAL CONGRESS,Ward
EKU,Ward 79700001,32910331,MIDSTREAM COLLEGE,3720,44,1012,DEMOCRATIC ALLIANCE,Ward
EKU,Ward 79700001,32910331,MIDSTREAM COLLEGE,3720,44,347,ECONOMIC FREEDOM FIGHTERS,Ward
EKU,Ward 79700001,32910331,MIDSTREAM COLLEGE,3720,44,231,ACTIONSA,Ward
EKU,Ward 79700001,32910375,HOSANNA KINGDOM CHURCH,2272,19,557,AFRICAN NATIONAL CONGRESS,Ward
EKU,Ward 79700001,32910375,HOSANNA KINGDOM CHURCH,2272,19,433,DEMOCRATIC ALLIANCE,Ward
EKU,Ward 79700001,32910375,HOSANNA KINGDOM CHURCH,2272,19,149,ECONOMIC FREEDOM FIGHTERS,Ward
EKU,Ward 79700001,32910375,HOSANNA KINGDOM CHURCH,2272,19,99,ACTIONSA,Ward
EKU,Ward 79700002,32890080,ASSEMBLIES OF GOD.,1831,9,260,AFRICAN NATIONAL CONGRESS,Ward
EKU,Ward 79700002,32890080,ASSEMBLIES OF GOD.,1831,9,202,DEMOCRATIC ALLIANCE,Ward
EKU,Ward 79700002,32890080,ASSEMBLIES OF GOD.,1831,9,69,ECONOMIC FREEDOM FIGHTERS,Ward
EKU,Ward 79700002,32890080,ASSEMBLIES OF GOD.,1831,9,46,ACTIONSA,Ward
EKU,Ward 79700002,32890103,ENTSHONALANGA PRIMARY SCHOOL,3343,24,711,AFRICAN NATIONAL CONGRESS,Ward
EKU,Ward 79700002,32890103,ENTSHONALANGA PRIMARY SCHOOL,3343,24,553,DEMOCRATIC ALLIANCE,Ward
EKU,Ward 79700002,32890103,ENTSHONALANGA PRIMARY SCHOOL,3343,24,189,ECONOMIC FREEDOM FIGHTERS,Ward
EKU,Ward 79700002,32890103,ENTSHONALANGA PRIMARY SCHOOL,3343,24,126,ACTIONSA,Ward
EKU,Ward 79700002,32890114,TLAMATLAMA PRIMARY SCHOOL,2460,19,563,AFRICAN NATIONAL CONGRESS,Ward
EKU,Ward 79700002,32890114,TLAMATLAMA PRIMARY SCHOOL,2460,19,438,DEMOCRATIC ALLIANCE,Ward
EKU,Ward 79700002,32890114,TLAMATLAMA PRIMARY SCHOOL,2460,19,150,ECONOMIC FREEDOM FIGHTERS,Ward
EKU,Ward 79700002,32890114,TLAMATLAMA PRIMARY SCHOOL,2460,19,100,ACTIONSA,Ward
EKU,Ward 79700003,32890068,WINNIE MANDELA SECONDARY SCHOOL.,5137,31,922,AFRICAN NATIONAL CONGRESS,Ward
EKU,Ward 79700003,32890068,WINNIE MANDELA SECONDARY SCHOOL.,5137,31,717,DEMOCRATIC ALLIANCE,Ward
EKU,Ward 79700003,32890068,WINNIE MANDELA SECONDARY SCHOOL.,5137,31,246,ECONOMIC FREEDOM FIGHTERS,Ward
EKU,Ward 79700003,32890068,WINNIE MANDELA SECONDARY SCHOOL.,5137,31,164,ACTIONSA,Ward
EKU,Ward 79700003,32890079,WINNIE MANDELA PRIMARY SCHOOL,3943,21,617,AFRICAN NATIONAL CONGRESS,Ward
EKU,Ward 79700003,32890079,WINNIE MANDELA PRIMARY SCHOOL,3943,21,480,DEMOCRATIC ALLIANCE,Ward
EKU,Ward 79700003,32890079,WINNIE MANDELA PRIMARY SCHOOL,3943,21,165,ECONOMIC FREEDOM FIGHTERS,Ward
EKU,Ward 79700003,32890079,WINNIE MANDELA PRIMARY SCHOOL,3943,21,110,ACTIONSA,Ward
EKU,Ward 79700003,32890091,REAGILE PRIMARY SCHOOL,4491,28,826,AFRICAN NATIONAL CONGRESS,Ward
EKU,Ward 79700003,32890091,REAGILE PRIMARY SCHOOL,4491,28,642,DEMOCRATIC ALLIANCE,Ward
EKU,Ward 79700003,32890091,REAGILE PRIMARY SCHOOL,4491,28,220,ECONOMIC FREEDOM FIGHTERS,Ward
EKU,Ward 79700003,32890091,REAGILE PRIMARY SCHOOL,4491,28,147,ACTIONSA,Ward
EKU,Ward 79700004,32890192,MARHULANA PRIMARY SCHOOL,2336,19,562,AFRICAN NATIONAL CONGRESS,Ward
EKU,Ward 79700004,32890192,MARHULANA PRIMARY SCHOOL,2336,19,437,DEMOCRATIC ALLIANCE,Ward
EKU,Ward 79700004,32890192,MARHULANA PRIMARY SCHOOL,2336,19,150,ECONOMIC FREEDOM FIGHTERS,Ward
EKU,Ward 79700004,32890192,MARHULANA PRIMARY SCHOOL,2336,19,100,ACTIONSA,Ward
EKU,Ward 79700004,32890204,SHUKUMANI PRIMARY SCHOOL,2826,21,614,AFRICAN NATIONAL CONGRESS,Ward
EKU,Ward 79700004,32890204,SHUKUMANI PRIMARY SCHOOL,2826,21,478,DEMOCRATIC ALLIANCE,Ward
EKU,Ward 79700004,32890204,SHUKUMANI PRIMARY SCHOOL,2826,21,164,ECONOMIC FREEDOM FIGHTERS,Ward
EKU,Ward 79700004,32890204,SHUKUMANI PRIMARY SCHOOL,2826,21,109,ACTIONSA,Ward
EKU,Ward 79700004,32890215,ECALENI PRIMARY SCHOOL,1724,14,411,AFRICAN NATIONAL CONGRESS,Ward
EKU,Ward 79700004,32890215,ECALENI PRIMARY SCHOOL,1724,14,320,DEMOCRATIC ALLIANCE,Ward
EKU,Ward 79700004,32890215,ECALENI PRIMARY SCHOOL,1724,14,110,ECONOMIC FREEDOM FIGHTERS,Ward
EKU,Ward 79700004,32890215,ECALENI PRIMARY SCHOOL,1724,14,73,ACTIONSA,Ward
EKU,Ward 79700005,32890158,BOITUMELONG SENIOR SECONDARY  SCHOOL,2665,19,562,AFRICAN NATIONAL CONGRESS,Ward
EKU,Ward 79700005,32890158,BOITUMELONG SENIOR SECONDARY  SCHOOL,2665,19,438,DEMOCRATIC ALLIANCE,Ward
EKU,Ward 79700005,32890158,BOITUMELONG SENIOR SECONDARY  SCHOOL,2665,19,150,ECONOMIC FREEDOM FIGHTERS,Ward
EKU,Ward 79700005,32890158,BOITUMELONG SENIOR SECONDARY  SCHOOL,2665,19,100,ACTIONSA,Ward
EKU,Ward 79700005,32890169,THLAKANANG PRIMARY SCHOOL,3059,21,633,AFRICAN NATIONAL CONGRESS,Ward
EKU,Ward 79700005,32890169,THLAKANANG PRIMARY SCHOOL,3059,21,492,DEMOCRATIC ALLIANCE,Ward
EKU,Ward 79700005,32890169,THLAKANANG PRIMARY SCHOOL,3059,21,169,ECONOMIC FREEDOM FIGHTERS,Ward
EKU,Ward 79700005,32890169,THLAKANANG PRIMARY SCHOOL,3059,21,112,ACTIONSA,Ward
EKU,Ward 79700005,32890259,SEDIBENG PRIMARY SCHOOL,1958,16,473,AFRICAN NATIONAL CONGRESS,Ward
EKU,Ward 79700005,32890259,SEDIBENG PRIMARY SCHOOL,1958,16,368,DEMOCRATIC ALLIANCE,Ward
EKU,Ward 79700005,32890259,SEDIBENG PRIMARY SCHOOL,1958,16,126,ECONOMIC FREEDOM FIGHTERS,Ward
EKU,Ward 79700005,32890259,SEDIBENG PRIMARY SCHOOL,1958,16,84,ACTIONSA,Ward
EKU,Ward 79700006,32890293,MVELAPHANDA PRIMARY SCHOOL,2452,17,503,AFRICAN NATIONAL CONGRESS,Ward
EKU,Ward 79700006,32890293,MVELAPHANDA PRIMARY SCHOOL,2452,17,391,DEMOCRATIC ALLIANCE,Ward
EKU,Ward 79700006,32890293,MVELAPHANDA PRIMARY SCHOOL,2452,17,134,ECONOMIC FREEDOM FIGHTERS,Ward
EKU,Ward 79700006,32890293,MVELAPHANDA PRIMARY SCHOOL,2452,17,89,ACTIONSA,Ward
EKU,Ward 79700006,32890338,TEMBISA HIGH SCHOOL,1293,9,273,AFRICAN NATIONAL CONGRESS,Ward
EKU,Ward 79700006,32890338,TEMBISA HIGH SCHOOL,1293,9,212,DEMOCRATIC ALLIANCE,Ward
EKU,Ward 79700006,32890338,TEMBISA HIGH SCHOOL,1293,9,73,ECONOMIC FREEDOM FIGHTERS,Ward
EKU,Ward 79700006,32890338,TEMBISA HIGH SCHOOL,1293,9,49,ACTIONSA,Ward
EKU,Ward 79700006,32890349,CHILD ACADEMY EDUCARE CENTRE,1768,14,399,AFRICAN NATIONAL CONGRESS,Ward
EKU,Ward 79700006,32890349,CHILD ACADEMY EDUCARE CENTRE,1768,14,310,DEMOCRATIC ALLIANCE,Ward
EKU,Ward 79700006,32890349,CHILD ACADEMY EDUCARE CENTRE,1768,14,106,ECONOMIC FREEDOM FIGHTERS,Ward
EKU,Ward 79700006,32890349,CHILD ACADEMY EDUCARE CENTRE,1768,14,71,ACTIONSA,Ward
EKU,Ward 79700007,32890305,THUTO KE MATLA COMPREHENSIVE SCHOOL,2170,15,457,AFRICAN NATIONAL CONGRESS,Ward
EKU,Ward 79700007,32890305,THUTO KE MATLA COMPREHENSIVE SCHOOL,2170,15,356,DEMOCRATIC ALLIANCE,Ward
EKU,Ward 79700007,32890305,THUTO KE MATLA COMPREHENSIVE SCHOOL,2170,15,122,ECONOMIC FREEDOM FIGHTERS,Ward
EKU,Ward 79700007,32890305,THUTO KE MATLA COMPREHENSIVE SCHOOL,2170,15,81,ACTIONSA,Ward
EKU,Ward 79700007,32890316,TRANSVAAL BASOTHO LUTHERN CHURCH,3050,22,644,AFRICAN NATIONAL CONGRESS,Ward
EKU,Ward 79700007,32890316,TRANSVAAL BASOTHO LUTHERN CHURCH,3050,22,501,DEMOCRATIC ALLIANCE,Ward
EKU,Ward 79700007,32890316,TRANSVAAL BASOTHO LUTHERN CHURCH,3050,22,172,ECONOMIC FREEDOM FIGHTERS,Ward
EKU,Ward 79700007,32890316,TRANSVAAL BASOTHO LUTHERN CHURCH,3050,22,114,ACTIONSA,Ward
EKU,Ward 79700007,32890327,BERTHARRY ENGLISH PRIVATE SCHOOL,3477,24,702,AFRICAN NATIONAL CONGRESS,Ward
EKU,Ward 79700007,32890327,BERTHARRY ENGLISH PRIVATE SCHOOL,3477,24,546,DEMOCRATIC ALLIANCE,Ward
EKU,Ward 79700007,32890327,BERTHARRY ENGLISH PRIVATE SCHOOL,3477,24,187,ECONOMIC FREEDOM FIGHTERS,Ward
EKU,Ward 79700007,32890327,BERTHARRY ENGLISH PRIVATE SCHOOL,3477,24,125,ACTIONSA,Ward
EKU,Ward 79700008,32890260,EMANGWENI PRIMARY SCHOOL,3430,22,664,AFRICAN NATIONAL CONGRESS,Ward
EKU,Ward 79700008,32890260,EMANGWENI PRIMARY SCHOOL,3430,22,516,DEMOCRATIC ALLIANCE,Ward
EKU,Ward 79700008,32890260,EMANGWENI PRIMARY SCHOOL,3430,22,177,ECONOMIC FREEDOM FIGHTERS,Ward
EKU,Ward 79700008,32890260,EMANGWENI PRIMARY SCHOOL,3430,22,118,ACTIONSA,Ward
EKU,Ward 79700008,32890271,UNITED CONGREGATIONAL CHURCH OF S.A.,3218,21,607,AFRICAN NATIONAL CONGRESS,Ward
EKU,Ward 79700008,32890271,UNITED CONGREGATIONAL CHURCH OF S.A.,3218,21,472,DEMOCRATIC ALLIANCE,Ward
EKU,Ward 79700008,32890271,UNITED CONGREGATIONAL CHURCH OF S.A.,3218,21,162,ECONOMIC FREEDOM FIGHTERS,Ward
EKU,Ward 79700008,32890271,UNITED CONGREGATIONAL CHURCH OF S.A.,3218,21,108,ACTIONSA,Ward
EKU,Ward 79700008,32890709,MUNICIPAL BUILDING ESSELENPARK EXT. 1,4138,30,899,AFRICAN NATIONAL CONGRESS,Ward
EKU,Ward 79700008,32890709,MUNICIPAL BUILDING ESSELENPARK EXT. 1,4138,30,699,DEMOCRATIC ALLIANCE,Ward
EKU,Ward 79700008,32890709,MUNICIPAL BUILDING ESSELENPARK EXT. 1,4138,30,240,ECONOMIC FREEDOM FIGHTERS,Ward
EKU,Ward 79700008,32890709,MUNICIPAL BUILDING ESSELENPARK EXT. 1,4138,30,160,ACTIONSA,Ward
EKU,Ward 79700009,32890361,SEOTLOANA PRIMARY SCHOOL,4042,26,769,AFRICAN NATIONAL CONGRESS,Ward
EKU,Ward 79700009,32890361,SEOTLOANA PRIMARY SCHOOL,4042,26,598,DEMOCRATIC ALLIANCE,Ward
EKU,Ward 79700009,32890361,SEOTLOANA PRIMARY SCHOOL,4042,26,205,ECONOMIC FREEDOM FIGHTERS,Ward
EKU,Ward 79700009,32890361,SEOTLOANA PRIMARY SCHOOL,4042,26,137,ACTIONSA,Ward
EKU,Ward 79700009,32890372,BULAMEHLO CREHCHE,2957,18,526,AFRICAN NATIONAL CONGRESS,Ward
EKU,Ward 79700009,32890372,BULAMEHLO CREHCHE,2957,18,409,DEMOCRATIC ALLIANCE,Ward
EKU,Ward 79700009,32890372,BULAMEHLO CREHCHE,2957,18,140,ECONOMIC FREEDOM FIGHTERS,Ward
EKU,Ward 79700009,32890372,BULAMEHLO CREHCHE,2957,18,93,ACTIONSA,Ward
EKU,Ward 79700009,32890383,GEREFORMEERDE KERK TEMBISA WEST,1743,13,390,AFRICAN NATIONAL CONGRESS,Ward
EKU,Ward 79700009,32890383,GEREFORMEERDE KERK TEMBISA WEST,1743,13,303,DEMOCRATIC ALLIANCE,Ward
EKU,Ward 79700009,32890383,GEREFORMEERDE KERK TEMBISA WEST,1743,13,104,ECONOMIC FREEDOM FIGHTERS,Ward
EKU,Ward 79700009,32890383,GEREFORMEERDE KERK TEMBISA WEST,1743,13,69,ACTIONSA,Ward
EKU,Ward 79700010,32890394,BOJELONG PRIMARY SCHOOL,3525,27,807,AFRICAN NATIONAL CONGRESS,Ward
EKU,Ward 79700010,32890394,BOJELONG PRIMARY SCHOOL,3525,27,628,DEMOCRATIC ALLIANCE,Ward
EKU,Ward 79700010,32890394,BOJELONG PRIMARY SCHOOL,3525,27,215,ECONOMIC FREEDOM FIGHTERS,Ward
EKU,Ward 79700010,32890394,BOJELONG PRIMARY SCHOOL,3525,27,143,ACTIONSA,Ward
EKU,Ward 79700010,32890417,WELAMLAMBO PRIMARY SCHOOL,1760,11,336,AFRICAN NATIONAL CONGRESS,Ward
EKU,Ward 79700010,32890417,WELAMLAMBO PRIMARY SCHOOL,1760,11,261,DEMOCRATIC ALLIANCE,Ward
EKU,Ward 79700010,32890417,WELAMLAMBO PRIMARY SCHOOL,1760,11,90,ECONOMIC FREEDOM FIGHTERS,Ward
EKU,Ward 79700010,32890417,WELAMLAMBO PRIMARY SCHOOL,1760,11,60,ACTIONSA,Ward
EKU,Ward 79700010,32900150,KHATLAMPING PRIMARY SCHOOL,4128,33,963,AFRICAN NATIONAL CONGRESS,Ward
EKU,Ward 79700010,32900150,KHATLAMPING PRIMARY SCHOOL,4128,33,749,DEMOCRATIC ALLIANCE,Ward
EKU,Ward 79700010,32900150,KHATLAMPING PRIMARY SCHOOL,4128,33,257,ECONOMIC FREEDOM FIGHTERS,Ward
EKU,Ward 79700010,32900150,KHATLAMPING PRIMARY SCHOOL,4128,33,171,ACTIONSA,Ward
EKU,Ward 79700011,32900161,IPONTSHE PRIMARY SCHOOL,3302,24,720,AFRICAN NATIONAL CONGRESS,Ward
EKU,Ward 79700011,32900161,IPONTSHE PRIMARY SCHOOL,3302,24,560,DEMOCRATIC ALLIANCE,Ward
EKU,Ward 79700011,32900161,IPONTSHE PRIMARY SCHOOL,3302,24,192,ECONOMIC FREEDOM FIGHTERS,Ward
EKU,Ward 79700011,32900161,IPONTSHE PRIMARY SCHOOL,3302,24,128,ACTIONSA,Ward
EKU,Ward 79700011,32900172,METHODIST CHURCH OF SA,2657,19,563,AFRICAN NATIONAL CONGRESS,Ward
EKU,Ward 79700011,32900172,METHODIST CHURCH OF SA,2657,19,438,DEMOCRATIC ALLIANCE,Ward
EKU,Ward 79700011,32900172,METHODIST CHURCH OF SA,2657,19,150,ECONOMIC FREEDOM FIGHTERS,Ward
EKU,Ward 79700011,32900172,METHODIST CHURCH OF SA,2657,19,100,ACTIONSA,Ward
EKU,Ward 79700011,32900183,PHUTHUMANI PRIMARY SCHOOL,4076,29,859,AFRICAN NATIONAL CONGRESS,Ward
EKU,Ward 79700011,32900183,PHUTHUMANI PRIMARY SCHOOL,4076,29,668,DEMOCRATIC ALLIANCE,Ward
EKU,Ward 79700011,32900183,PHUTHUMANI PRIMARY SCHOOL,4076,29,229,ECONOMIC FREEDOM FIGHTERS,Ward
EKU,Ward 79700011,32900183,PHUTHUMANI PRIMARY SCHOOL,4076,29,153,ACTIONSA,Ward
EKU,Ward 79700012,32900116,OR TAMBO PRIMARY SCHOOL,5210,36,1074,AFRICAN NATIONAL CONGRESS,Ward
EKU,Ward 79700012,32900116,OR TAMBO PRIMARY SCHOOL,5210,36,835,DEMOCRATIC ALLIANCE,Ward
EKU,Ward 79700012,32900116,OR TAMBO PRIMARY SCHOOL,5210,36,286,ECONOMIC FREEDOM FIGHTERS,Ward
EKU,Ward 79700012,32900116,OR TAMBO PRIMARY SCHOOL,5210,36,191,ACTIONSA,Ward
EKU,Ward 79700012,32900127,PHOMOLONG PRIMARY SCHOOL,5112,36,1077,AFRICAN NATIONAL CONGRESS,Ward
EKU,Ward 79700012,32900127,PHOMOLONG PRIMARY SCHOOL,5112,36,838,DEMOCRATIC ALLIANCE,Ward
EKU,Ward 79700012,32900127,PHOMOLONG PRIMARY SCHOOL,5112,36,287,ECONOMIC FREEDOM FIGHTERS,Ward
EKU,Ward 79700012,32900127,PHOMOLONG PRIMARY SCHOOL,5112,36,192,ACTIONSA,Ward
EKU,Ward 79700012,32900149,PETER ZONGWANE PRIMARY SCHOOL,4695,29,867,AFRICAN NATIONAL CONGRESS,Ward
EKU,Ward 79700012,32900149,PETER ZONGWANE PRIMARY SCHOOL,4695,29,674,DEMOCRATIC ALLIANCE,Ward
EKU,Ward 79700012,32900149,PETER ZONGWANE PRIMARY SCHOOL,4695,29,231,ECONOMIC FREEDOM FIGHTERS,Ward
EKU,Ward 79700012,32900149,PETER ZONGWANE PRIMARY SCHOOL,4695,29,154,ACTIONSA,Ward
EKU,Ward 79700013,32890529,BIRCH ACRES PRIMARY SCHOOL,4257,41,1197,AFRICAN NATIONAL CONGRESS,Ward
EKU,Ward 79700013,32890529,BIRCH ACRES PRIMARY SCHOOL,4257,41,931,DEMOCRATIC ALLIANCE,Ward
EKU,Ward 79700013,32890529,BIRCH ACRES PRIMARY SCHOOL,4257,41,319,ECONOMIC FREEDOM FIGHTERS,Ward
EKU,Ward 79700013,32890529,BIRCH ACRES PRIMARY SCHOOL,4257,41,213,ACTIONSA,Ward
EKU,Ward 79700013,32890697,DOMINION LIFE CATHEDRAL CHURCH ( BIRCH ACRES),3741,29,849,AFRICAN NATIONAL CONGRESS,Ward
EKU,Ward 79700013,32890697,DOMINION LIFE CATHEDRAL CHURCH ( BIRCH ACRES),3741,29,660,DEMOCRATIC ALLIANCE,Ward
EKU,Ward 79700013,32890697,DOMINION LIFE CATHEDRAL CHURCH ( BIRCH ACRES),3741,29,226,ECONOMIC FREEDOM FIGHTERS,Ward
EKU,Ward 79700013,32890697,DOMINION LIFE CATHEDRAL CHURCH ( BIRCH ACRES),3741,29,151,ACTIONSA,Ward
EKU,Ward 79700013,32900138,PHOMOLONG SECONDARY SCHOOL,5596,40,1171,AFRICAN NATIONAL CONGRESS,Ward
EKU,Ward 79700013,32900138,PHOMOLONG SECONDARY SCHOOL,5596,40,911,DEMOCRATIC ALLIANCE,Ward
EKU,Ward 79700013,32900138,PHOMOLONG SECONDARY SCHOOL,5596,40,312,ECONOMIC FREEDOM FIGHTERS,Ward
EKU,Ward 79700013,32900138,PHOMOLONG SECONDARY SCHOOL,5596,40,208,ACTIONSA,Ward
EKU,Ward 79700014,32890428,NYIKO PRIMARY SCHOOL,3193,24,706,AFRICAN NATIONAL CONGRESS,Ward
EKU,Ward 79700014,32890428,NYIKO PRIMARY SCHOOL,3193,24,549,DEMOCRATIC ALLIANCE,Ward
EKU,Ward 79700014,32890428,NYIKO PRIMARY SCHOOL,3193,24,188,ECONOMIC FREEDOM FIGHTERS,Ward
EKU,Ward 79700014,32890428,NYIKO PRIMARY SCHOOL,3193,24,125,ACTIONSA,Ward
EKU,Ward 79700014,32890439,MASISEBENZE COMPREHENSIVE SCHOOL,3640,27,805,AFRICAN NATIONAL CONGRESS,Ward
EKU,Ward 79700014,32890439,MASISEBENZE COMPREHENSIVE SCHOOL,3640,27,626,DEMOCRATIC ALLIANCE,Ward
EKU,Ward 79700014,32890439,MASISEBENZE COMPREHENSIVE SCHOOL,3640,27,215,ECONOMIC FREEDOM FIGHTERS,Ward
EKU,Ward 79700014,32890439,MASISEBENZE COMPREHENSIVE SCHOOL,3640,27,143,ACTIONSA,Ward
EKU,Ward 79700014,32890440,MASIQHAKAZE SECONDARY SCHOOL,2708,23,665,AFRICAN NATIONAL CONGRESS,Ward
EKU,Ward 79700014,32890440,MASIQHAKAZE SECONDARY SCHOOL,2708,23,517,DEMOCRATIC ALLIANCE,Ward
EKU,Ward 79700014,32890440,MASIQHAKAZE SECONDARY SCHOOL,2708,23,177,ECONOMIC FREEDOM FIGHTERS,Ward
EKU,Ward 79700014,32890440,MASIQHAKAZE SECONDARY SCHOOL,2708,23,118,ACTIONSA,Ward
EKU,Ward 79700015,32890013,LAERSKOOL KRUINSIG,6256,57,1698,AFRICAN NATIONAL CONGRESS,Ward
EKU,Ward 79700015,32890013,LAERSKOOL KRUINSIG,6256,57,1321,DEMOCRATIC ALLIANCE,Ward
EKU,Ward 79700015,32890013,LAERSKOOL KRUINSIG,6256,57,453,ECONOMIC FREEDOM FIGHTERS,Ward
EKU,Ward 79700015,32890013,LAERSKOOL KRUINSIG,6256,57,302,ACTIONSA,Ward
EKU,Ward 79700015,32890507,WYNAND MARAIS HALL,4448,43,1268,AFRICAN NATIONAL CONGRESS,Ward
EKU,Ward 79700015,32890507,WYNAND MARAIS HALL,4448,43,986,DEMOCRATIC ALLIANCE,Ward
EKU,Ward 79700015,32890507,WYNAND MARAIS HALL,4448,43,338,ECONOMIC FREEDOM FIGHTERS,Ward
EKU,Ward 79700015,32890507,WYNAND MARAIS HALL,4448,43,225,ACTIONSA,Ward
EKU,Ward 79700015,32890552,HOËRSKOOL JEUGLAND,4133,46,1356,AFRICAN NATIONAL CONGRESS,Ward
EKU,Ward 79700015,32890552,HOËRSKOOL JEUGLAND,4133,46,1055,DEMOCRATIC ALLIANCE,Ward
EKU,Ward 79700015,32890552,HOËRSKOOL JEUGLAND,4133,46,362,ECONOMIC FREEDOM FIGHTERS,Ward
EKU,Ward 79700015,32890552,HOËRSKOOL JEUGLAND,4133,46,241,ACTIONSA,Ward
EKU,Ward 79700016,32890024,ASTON MANOR PRIMARY SCHOOL,2752,30,888,AFRICAN NATIONAL CONGRESS,Ward
EKU,Ward 79700016,32890024,ASTON MANOR PRIMARY SCHOOL,2752,30,691,DEMOCRATIC ALLIANCE,Ward
EKU,Ward 79700016,32890024,ASTON MANOR PRIMARY SCHOOL,2752,30,237,ECONOMIC FREEDOM FIGHTERS,Ward
EKU,Ward 79700016,32890024,ASTON MANOR PRIMARY SCHOOL,2752,30,158,ACTIONSA,Ward
EKU,Ward 79700016,32890046,THE OLD APOSTOLIC CHURCH,3093,34,1000,AFRICAN NATIONAL CONGRESS,Ward
EKU,Ward 79700016,32890046,THE OLD APOSTOLIC CHURCH,3093,34,778,DEMOCRATIC ALLIANCE,Ward
EKU,Ward 79700016,32890046,THE OLD APOSTOLIC CHURCH,3093,34,267,ECONOMIC FREEDOM FIGHTERS,Ward
EKU,Ward 79700016,32890046,THE OLD APOSTOLIC CHURCH,3093,34,178,ACTIONSA,Ward
EKU,Ward 79700016,32890585,CIVIC CENTRE KEMPTON PARK,4159,27,797,AFRICAN NATIONAL CONGRESS,Ward
EKU,Ward 79700016,32890585,CIVIC CENTRE KEMPTON PARK,4159,27,620,DEMOCRATIC ALLIANCE,Ward
EKU,Ward 79700016,32890585,CIVIC CENTRE KEMPTON PARK,4159,27,213,ECONOMIC FREEDOM FIGHTERS,Ward
EKU,Ward 79700016,32890585,CIVIC CENTRE KEMPTON PARK,4159,27,142,ACTIONSA,Ward
EKU,Ward 79700017,32890035,LAERSKOOL KEMPTON PARK,3503,23,691,AFRICAN NATIONAL CONGRESS,Ward
EKU,Ward 79700017,32890035,LAERSKOOL KEMPTON PARK,3503,23,538,DEMOCRATIC ALLIANCE,Ward
EKU,Ward 79700017,32890035,LAERSKOOL KEMPTON PARK,3503,23,184,ECONOMIC FREEDOM FIGHTERS,Ward
EKU,Ward 79700017,32890035,LAERSKOOL KEMPTON PARK,3503,23,123,ACTIONSA,Ward
EKU,Ward 79700017,32890608,CRESSLAWN PRIMARY SCHOOL,4215,40,1180,AFRICAN NATIONAL CONGRESS,Ward
EKU,Ward 79700017,32890608,CRESSLAWN PRIMARY SCHOOL,4215,40,918,DEMOCRATIC ALLIANCE,Ward
EKU,Ward 79700017,32890608,CRESSLAWN PRIMARY SCHOOL,4215,40,315,ECONOMIC FREEDOM FIGHTERS,Ward
EKU,Ward 79700017,32890608,CRESSLAWN PRIMARY SCHOOL,4215,40,210,ACTIONSA,Ward
EKU,Ward 79700017,33020480,SUMMERFIELD PRIMARY SCHOOL,4567,54,1591,AFRICAN NATIONAL CONGRESS,Ward
EKU,Ward 79700017,33020480,SUMMERFIELD PRIMARY SCHOOL,4567,54,1237,DEMOCRATIC ALLIANCE,Ward
EKU,Ward 79700017,33020480,SUMMERFIELD PRIMARY SCHOOL,4567,54,424,ECONOMIC FREEDOM FIGHTERS,Ward
EKU,Ward 79700017,33020480,SUMMERFIELD PRIMARY SCHOOL,4567,54,283,ACTIONSA,Ward
EKU,Ward 79700018,32900037,TRINITY PRESBYTERIAN CHURCH,2540,28,814,AFRICAN NATIONAL CONGRESS,Ward
EKU,Ward 79700018,32900037,TRINITY PRESBYTERIAN CHURCH,2540,28,633,DEMOCRATIC ALLIANCE,Ward
EKU,Ward 79700018,32900037,TRINITY PRESBYTERIAN CHURCH,2540,28,217,ECONOMIC FREEDOM FIGHTERS,Ward
EKU,Ward 79700018,32900037,TRINITY PRESBYTERIAN CHURCH,2540,28,145,ACTIONSA,Ward
EKU,Ward 79700018,32900048,EDENVALE COMMUNITY CENTRE,3390,33,989,AFRICAN NATIONAL CONGRESS,Ward
EKU,Ward 79700018,32900048,EDENVALE COMMUNITY CENTRE,3390,33,769,DEMOCRATIC ALLIANCE,Ward
EKU,Ward 79700018,32900048,EDENVALE COMMUNITY CENTRE,3390,33,264,ECONOMIC FREEDOM FIGHTERS,Ward
EKU,Ward 79700018,32900048,EDENVALE COMMUNITY CENTRE,3390,33,176,ACTIONSA,Ward
EKU,Ward 79700018,32900082,EDENGLEN PRIMARY SCHOOL,6793,69,2051,AFRICAN NATIONAL CONGRESS,Ward
EKU,Ward 79700018,32900082,EDENGLEN PRIMARY SCHOOL,6793,69,1595,DEMOCRATIC ALLIANCE,Ward
EKU,Ward 79700018,32900082,EDENGLEN PRIMARY SCHOOL,6793,69,547,ECONOMIC FREEDOM FIGHTERS,Ward
EKU,Ward 79700018,32900082,EDENGLEN PRIMARY SCHOOL,6793,69,365,ACTIONSA,Ward
EKU,Ward 79700019,32900015,DUNVEGAN PRIMARY SCHOOL,3236,35,1043,AFRICAN NATIONAL CONGRESS,Ward
EKU,Ward 79700019,32900015,DUNVEGAN PRIMARY SCHOOL,3236,35,811,DEMOCRATIC ALLIANCE,Ward
EKU,Ward 79700019,32900015,DUNVEGAN PRIMARY SCHOOL,3236,35,278,ECONOMIC FREEDOM FIGHTERS,Ward
EKU,Ward 79700019,32900015,DUNVEGAN PRIMARY SCHOOL,3236,35,185,ACTIONSA,Ward
EKU,Ward 79700019,32900026,EDENVALE HIGH SCHOOL,2601,28,832,AFRICAN NATIONAL CONGRESS,Ward
EKU,Ward 79700019,32900026,EDENVALE HIGH SCHOOL,2601,28,648,DEMOCRATIC ALLIANCE,Ward
EKU,Ward 79700019,32900026,EDENVALE HIGH SCHOOL,2601,28,222,ECONOMIC FREEDOM FIGHTERS,Ward
EKU,Ward 79700019,32900026,EDENVALE HIGH SCHOOL,2601,28,148,ACTIONSA,Ward
EKU,Ward 79700019,32900059,NEWDAY  CHURCH,1974,19,565,AFRICAN NATIONAL CONGRESS,Ward
EKU,Ward 79700019,32900059,NEWDAY  CHURCH,1974,19,440,DEMOCRATIC ALLIANCE,Ward
EKU,Ward 79700019,32900059,NEWDAY  CHURCH,1974,19,151,ECONOMIC FREEDOM FIGHTERS,Ward
EKU,Ward 79700019,32900059,NEWDAY  CHURCH,1974,19,100,ACTIONSA,Ward
EKU,Ward 79700020,33060800,BEDFORDVIEW HIGH SCHOOL,1863,18,536,AFRICAN NATIONAL CONGRESS,Ward
EKU,Ward 79700020,33060800,BEDFORDVIEW HIGH SCHOOL,1863,18,417,DEMOCRATIC ALLIANCE,Ward
EKU,Ward 79700020,33060800,BEDFORDVIEW HIGH SCHOOL,1863,18,143,ECONOMIC FREEDOM FIGHTERS,Ward
EKU,Ward 79700020,33060800,BEDFORDVIEW HIGH SCHOOL,1863,18,95,ACTIONSA,Ward
EKU,Ward 79700020,33060811,BEDFORDVIEW CITY HALL,4944,47,1398,AFRICAN NATIONAL CONGRESS,Ward
EKU,Ward 79700020,33060811,BEDFORDVIEW CITY HALL,4944,47,1087,DEMOCRATIC ALLIANCE,Ward
EKU,Ward 79700020,33060811,BEDFORDVIEW CITY HALL,4944,47,373,ECONOMIC FREEDOM FIGHTERS,Ward
EKU,Ward 79700020,33060811,BEDFORDVIEW CITY HALL,4944,47,249,ACTIONSA,Ward
EKU,Ward 79700020,33060822,CORNERSTONE CHURCH,2227,24,722,AFRICAN NATIONAL CONGRESS,Ward
EKU,Ward 79700020,33060822,CORNERSTONE CHURCH,2227,24,561,DEMOCRATIC ALLIANCE,Ward
EKU,Ward 79700020,33060822,CORNERSTONE CHURCH,2227,24,192,ECONOMIC FREEDOM FIGHTERS,Ward
EKU,Ward 79700020,33060822,CORNERSTONE CHURCH,2227,24,128,ACTIONSA,Ward
EKU,Ward 79700021,33020514,THEMBELIHLE DAY CARE CENTRE,3976,25,752,AFRICAN NATIONAL CONGRESS,Ward
EKU,Ward 79700021,33020514,THEMBELIHLE DAY CARE CENTRE,3976,25,584,DEMOCRATIC ALLIANCE,Ward
EKU,Ward 79700021,33020514,THEMBELIHLE DAY CARE CENTRE,3976,25,200,ECONOMIC FREEDOM FIGHTERS,Ward
EKU,Ward 79700021,33020514,THEMBELIHLE DAY CARE CENTRE,3976,25,134,ACTIONSA,Ward
EKU,Ward 79700021,33020716,JERUSALEM CHURCH,2415,18,519,AFRICAN NATIONAL CONGRESS,Ward
EKU,Ward 79700021,33020716,JERUSALEM CHURCH,2415,18,404,DEMOCRATIC ALLIANCE,Ward
EKU,Ward 79700021,33020716,JERUSALEM CHURCH,2415,18,138,ECONOMIC FREEDOM FIGHTERS,Ward
EKU,Ward 79700021,33020716,JERUSALEM CHURCH,2415,18,92,ACTIONSA,Ward
EKU,Ward 79700021,33020727,TSWELOPELE PRE SCHOOL AND CRECHE,1117,7,210,AFRICAN NATIONAL CONGRESS,Ward
EKU,Ward 79700021,33020727,TSWELOPELE PRE SCHOOL AND CRECHE,1117,7,163,DEMOCRATIC ALLIANCE,Ward
EKU,Ward 79700021,33020727,TSWELOPELE PRE SCHOOL AND CRECHE,1117,7,56,ECONOMIC FREEDOM FIGHTERS,Ward
EKU,Ward 79700021,33020727,TSWELOPELE PRE SCHOOL AND CRECHE,1117,7,37,ACTIONSA,Ward
EKU,Ward 79700022,33020536,LAERSKOOL CONCORDIA,4821,50,1489,AFRICAN NATIONAL CONGRESS,Ward
EKU,Ward 79700022,33020536,LAERSKOOL CONCORDIA,4821,50,1158,DEMOCRATIC ALLIANCE,Ward
EKU,Ward 79700022,33020536,LAERSKOOL CONCORDIA,4821,50,397,ECONOMIC FREEDOM FIGHTERS,Ward
EKU,Ward 79700022,33020536,LAERSKOOL CONCORDIA,4821,50,265,ACTIONSA,Ward
EKU,Ward 79700022,33020569,LAERSKOOL GOUDRAND,3981,37,1095,AFRICAN NATIONAL CONGRESS,Ward
EKU,Ward 79700022,33020569,LAERSKOOL GOUDRAND,3981,37,852,DEMOCRATIC ALLIANCE,Ward
EKU,Ward 79700022,33020569,LAERSKOOL GOUDRAND,3981,37,292,ECONOMIC FREEDOM FIGHTERS,Ward
EKU,Ward 79700022,33020569,LAERSKOOL GOUDRAND,3981,37,195,ACTIONSA,Ward
EKU,Ward 79700022,33020570,WHISPERING WILLOW CONFERENCE CENTRE,2220,24,716,AFRICAN NATIONAL CONGRESS,Ward
EKU,Ward 79700022,33020570,WHISPERING WILLOW CONFERENCE CENTRE,2220,24,556,DEMOCRATIC ALLIANCE,Ward
EKU,Ward 79700022,33020570,WHISPERING WILLOW CONFERENCE CENTRE,2220,24,191,ECONOMIC FREEDOM FIGHTERS,Ward
EKU,Ward 79700022,33020570,WHISPERING WILLOW CONFERENCE CENTRE,2220,24,127,ACTIONSA,Ward
EKU,Ward 79700023,32890057,BONAERO PARK PRIMARY SCHOOL,4792,46,1371,AFRICAN NATIONAL CONGRESS,Ward
EKU,Ward 79700023,32890057,BONAERO PARK PRIMARY SCHOOL,4792,46,1066,DEMOCRATIC ALLIANCE,Ward
EKU,Ward 79700023,32890057,BONAERO PARK PRIMARY SCHOOL,4792,46,366,ECONOMIC FREEDOM FIGHTERS,Ward
EKU,Ward 79700023,32890057,BONAERO PARK PRIMARY SCHOOL,4792,46,244,ACTIONSA,Ward
EKU,Ward 79700023,32890866,EVANGELICAL LUTHERAN CONGREGATION  - KEMPTON PARK,1022,14,402,AFRICAN NATIONAL CONGRESS,Ward
EKU,Ward 79700023,32890866,EVANGELICAL LUTHERAN CONGREGATION  - KEMPTON PARK,1022,14,313,DEMOCRATIC ALLIANCE,Ward
EKU,Ward 79700023,32890866,EVANGELICAL LUTHERAN CONGREGATION  - KEMPTON PARK,1022,14,107,ECONOMIC FREEDOM FIGHTERS,Ward
EKU,Ward 79700023,32890866,EVANGELICAL LUTHERAN CONGREGATION  - KEMPTON PARK,1022,14,72,ACTIONSA,Ward
EKU,Ward 79700023,33010625,LADY FATIMA CHURCH,3559,39,1151,AFRICAN NATIONAL CONGRESS,Ward
EKU,Ward 79700023,33010625,LADY FATIMA CHURCH,3559,39,895,DEMOCRATIC ALLIANCE,Ward
EKU,Ward 79700023,33010625,LADY FATIMA CHURCH,3559,39,307,ECONOMIC FREEDOM FIGHTERS,Ward
EKU,Ward 79700023,33010625,LADY FATIMA CHURCH,3559,39,205,ACTIONSA,Ward
EKU,Ward 79700024,33010580,MUSIC ACADEMY OF GAUTENG,1198,10,286,AFRICAN NATIONAL CONGRESS,Ward
EKU,Ward 79700024,33010580,MUSIC ACADEMY OF GAUTENG,1198,10,223,DEMOCRATIC ALLIANCE,Ward
EKU,Ward 79700024,33010580,MUSIC ACADEMY OF GAUTENG,1198,10,76,ECONOMIC FREEDOM FIGHTERS,Ward
EKU,Ward 79700024,33010580,MUSIC ACADEMY OF GAUTENG,1198,10,51,ACTIONSA,Ward
EKU,Ward 79700024,33010591,CRYSTAL PARK HEALTH CLINIC,2868,25,753,AFRICAN NATIONAL CONGRESS,Ward
EKU,Ward 79700024,33010591,CRYSTAL PARK HEALTH CLINIC,2868,25,586,DEMOCRATIC ALLIANCE,Ward
EKU,Ward 79700024,33010591,CRYSTAL PARK HEALTH CLINIC,2868,25,201,ECONOMIC FREEDOM FIGHTERS,Ward
EKU,Ward 79700024,33010591,CRYSTAL PARK HEALTH CLINIC,2868,25,134,ACTIONSA,Ward
EKU,Ward 79700024,33010614,KATHSTAN COLLEGE,2913,31,925,AFRICAN NATIONAL CONGRESS,Ward
EKU,Ward 79700024,33010614,KATHSTAN COLLEGE,2913,31,719,DEMOCRATIC ALLIANCE,Ward
EKU,Ward 79700024,33010614,KATHSTAN COLLEGE,2913,31,247,ECONOMIC FREEDOM FIGHTERS,Ward
EKU,Ward 79700024,33010614,KATHSTAN COLLEGE,2913,31,164,ACTIONSA,Ward
EKU,Ward 79700025,32890226,BREDEL LAERSKOOL,4381,40,1196,AFRICAN NATIONAL CONGRESS,Ward
EKU,Ward 79700025,32890226,BREDEL LAERSKOOL,4381,40,930,DEMOCRATIC ALLIANCE,Ward
EKU,Ward 79700025,32890226,BREDEL LAERSKOOL,4381,40,319,ECONOMIC FREEDOM FIGHTERS,Ward
EKU,Ward 79700025,32890226,BREDEL LAERSKOOL,4381,40,213,ACTIONSA,Ward
EKU,Ward 79700025,32890877,OOSRAND AKADEMIE,2491,32,942,AFRICAN NATIONAL CONGRESS,Ward
EKU,Ward 79700025,32890877,OOSRAND AKADEMIE,2491,32,733,DEMOCRATIC ALLIANCE,Ward
EKU,Ward 79700025,32890877,OOSRAND AKADEMIE,2491,32,251,ECONOMIC FREEDOM FIGHTERS,Ward
EKU,Ward 79700025,32890877,OOSRAND AKADEMIE,2491,32,168,ACTIONSA,Ward
EKU,Ward 79700025,33010568,PUTFONTEIN PRIMARY SCHOOL,1821,20,581,AFRICAN NATIONAL CONGRESS,Ward
EKU,Ward 79700025,33010568,PUTFONTEIN PRIMARY SCHOOL,1821,20,452,DEMOCRATIC ALLIANCE,Ward
EKU,Ward 79700025,33010568,PUTFONTEIN PRIMARY SCHOOL,1821,20,155,ECONOMIC FREEDOM FIGHTERS,Ward
EKU,Ward 79700025,33010568,PUTFONTEIN PRIMARY SCHOOL,1821,20,103,ACTIONSA,Ward
EKU,Ward 79700026,33010142,BARCELONA SHOW HOUSES(WATER TANK),3101,22,664,AFRICAN NATIONAL CONGRESS,Ward
EKU,Ward 79700026,33010142,BARCELONA SHOW HOUSES(WATER TANK),3101,22,517,DEMOCRATIC ALLIANCE,Ward
EKU,Ward 79700026,33010142,BARCELONA SHOW HOUSES(WATER TANK),3101,22,177,ECONOMIC FREEDOM FIGHTERS,Ward
EKU,Ward 79700026,33010142,BARCELONA SHOW HOUSES(WATER TANK),3101,22,118,ACTIONSA,Ward
EKU,Ward 79700026,33010153,ETWATWA EXT 23 NEW SCHOOL,1943,16,472,AFRICAN NATIONAL CONGRESS,Ward
EKU,Ward 79700026,33010153,ETWATWA EXT 23 NEW SCHOOL,1943,16,367,DEMOCRATIC ALLIANCE,Ward
EKU,Ward 79700026,33010153,ETWATWA EXT 23 NEW SCHOOL,1943,16,126,ECONOMIC FREEDOM FIGHTERS,Ward
EKU,Ward 79700026,33010153,ETWATWA EXT 23 NEW SCHOOL,1943,16,84,ACTIONSA,Ward
EKU,Ward 79700026,33010164,ELOHIM COMMUNITY CHURCH,2864,23,668,AFRICAN NATIONAL CONGRESS,Ward
EKU,Ward 79700026,33010164,ELOHIM COMMUNITY CHURCH,2864,23,519,DEMOCRATIC ALLIANCE,Ward
EKU,Ward 79700026,33010164,ELOHIM COMMUNITY CHURCH,2864,23,178,ECONOMIC FREEDOM FIGHTERS,Ward
EKU,Ward 79700026,33010164,ELOHIM COMMUNITY CHURCH,2864,23,119,ACTIONSA,Ward
EKU,Ward 79700027,33010647,EAST RAND SPEEDBOAT CLUB,3665,41,1221,AFRICAN NATIONAL CONGRESS,Ward
EKU,Ward 79700027,33010647,EAST RAND SPEEDBOAT CLUB,3665,41,950,DEMOCRATIC ALLIANCE,Ward
EKU,Ward 79700027,33010647,EAST RAND SPEEDBOAT CLUB,3665,41,326,ECONOMIC FREEDOM FIGHTERS,Ward
EKU,Ward 79700027,33010647,EAST RAND SPEEDBOAT CLUB,3665,41,217,ACTIONSA,Ward
EKU,Ward 79700027,33010658,ST ANDREWS COMMUNITY CHURCH,3872,42,1227,AFRICAN NATIONAL CONGRESS,Ward
EKU,Ward 79700027,33010658,ST ANDREWS COMMUNITY CHURCH,3872,42,954,DEMOCRATIC ALLIANCE,Ward
EKU,Ward 79700027,33010658,ST ANDREWS COMMUNITY CHURCH,3872,42,327,ECONOMIC FREEDOM FIGHTERS,Ward
EKU,Ward 79700027,33010658,ST ANDREWS COMMUNITY CHURCH,3872,42,218,ACTIONSA,Ward
EKU,Ward 79700027,33010669,JOHN BARRABLE HALL,4644,51,1506,AFRICAN NATIONAL CONGRESS,Ward
EKU,Ward 79700027,33010669,JOHN BARRABLE HALL,4644,51,1171,DEMOCRATIC ALLIANCE,Ward
EKU,Ward 79700027,33010669,JOHN BARRABLE HALL,4644,51,402,ECONOMIC FREEDOM FIGHTERS,Ward
EKU,Ward 79700027,33010669,JOHN BARRABLE HALL,4644,51,268,ACTIONSA,Ward
EKU,Ward 79700028,33010681,BELVEDERE SCHOOL,5082,55,1617,AFRICAN NATIONAL CONGRESS,Ward
EKU,Ward 79700028,33010681,BELVEDERE SCHOOL,5082,55,1258,DEMOCRATIC ALLIANCE,Ward
EKU,Ward 79700028,33010681,BELVEDERE SCHOOL,5082,55,431,ECONOMIC FREEDOM FIGHTERS,Ward
EKU,Ward 79700028,33010681,BELVEDERE SCHOOL,5082,55,288,ACTIONSA,Ward
EKU,Ward 79700028,33010715,BENONI BAPTIST CHURCH,3807,42,1245,AFRICAN NATIONAL CONGRESS,Ward
EKU,Ward 79700028,33010715,BENONI BAPTIST CHURCH,3807,42,968,DEMOCRATIC ALLIANCE,Ward
EKU,Ward 79700028,33010715,BENONI BAPTIST CHURCH,3807,42,332,ECONOMIC FREEDOM FIGHTERS,Ward
EKU,Ward 79700028,33010715,BENONI BAPTIST CHURCH,3807,42,221,ACTIONSA,Ward
EKU,Ward 79700028,33010726,GAUTENG EASTERN TENNIS ASSOCIATION,3642,34,1006,AFRICAN NATIONAL CONGRESS,Ward
EKU,Ward 79700028,33010726,GAUTENG EASTERN TENNIS ASSOCIATION,3642,34,783,DEMOCRATIC ALLIANCE,Ward
EKU,Ward 79700028,33010726,GAUTENG EASTERN TENNIS ASSOCIATION,3642,34,268,ECONOMIC FREEDOM FIGHTERS,Ward
EKU,Ward 79700028,33010726,GAUTENG EASTERN TENNIS ASSOCIATION,3642,34,179,ACTIONSA,Ward
EKU,Ward 79700029,33010760,SIYENZIWE DAY CARE,3003,20,587,AFRICAN NATIONAL CONGRESS,Ward
EKU,Ward 79700029,33010760,SIYENZIWE DAY CARE,3003,20,457,DEMOCRATIC ALLIANCE,Ward
EKU,Ward 79700029,33010760,SIYENZIWE DAY CARE,3003,20,157,ECONOMIC FREEDOM FIGHTERS,Ward
EKU,Ward 79700029,33010760,SIYENZIWE DAY CARE,3003,20,104,ACTIONSA,Ward
EKU,Ward 79700029,33010771,ST JOSEPH'S CATHOLIC CHURCH HALL,1556,14,425,AFRICAN NATIONAL CONGRESS,Ward
EKU,Ward 79700029,33010771,ST JOSEPH'S CATHOLIC CHURCH HALL,1556,14,330,DEMOCRATIC ALLIANCE,Ward
EKU,Ward 79700029,33010771,ST JOSEPH'S CATHOLIC CHURCH HALL,1556,14,113,ECONOMIC FREEDOM FIGHTERS,Ward
EKU,Ward 79700029,33010771,ST JOSEPH'S CATHOLIC CHURCH HALL,1556,14,76,ACTIONSA,Ward
EKU,Ward 79700029,33010782,ACTONVILLE COMMUNITY HALL,3326,27,789,AFRICAN NATIONAL CONGRESS,Ward
EKU,Ward 79700029,33010782,ACTONVILLE COMMUNITY HALL,3326,27,614,DEMOCRATIC ALLIANCE,Ward
EKU,Ward 79700029,33010782,ACTONVILLE COMMUNITY HALL,3326,27,210,ECONOMIC FREEDOM FIGHTERS,Ward
EKU,Ward 79700029,33010782,ACTONVILLE COMMUNITY HALL,3326,27,140,ACTIONSA,Ward
EKU,Ward 79700030,33010793,SOLOMON MOTLANA PRIMARY SCHOOL,2127,18,528,AFRICAN NATIONAL CONGRESS,Ward
EKU,Ward 79700030,33010793,SOLOMON MOTLANA PRIMARY SCHOOL,2127,18,411,DEMOCRATIC ALLIANCE,Ward
EKU,Ward 79700030,33010793,SOLOMON MOTLANA PRIMARY SCHOOL,2127,18,141,ECONOMIC FREEDOM FIGHTERS,Ward
EKU,Ward 79700030,33010793,SOLOMON MOTLANA PRIMARY SCHOOL,2127,18,94,ACTIONSA,Ward
EKU,Ward 79700030,33010816,ISAAC MAKAU PRIMARY SCHOOL,1983,17,493,AFRICAN NATIONAL CONGRESS,Ward
EKU,Ward 79700030,33010816,ISAAC MAKAU PRIMARY SCHOOL,1983,17,383,DEMOCRATIC ALLIANCE,Ward
EKU,Ward 79700030,33010816,ISAAC MAKAU PRIMARY SCHOOL,1983,17,131,ECONOMIC FREEDOM FIGHTERS,Ward
EKU,Ward 79700030,33010816,ISAAC MAKAU PRIMARY SCHOOL,1983,17,88,ACTIONSA,Ward
EKU,Ward 79700030,33010827,WATTVILLE DAYCARE CENTRE,2830,23,679,AFRICAN NATIONAL CONGRESS,Ward
EKU,Ward 79700030,33010827,WATTVILLE DAYCARE CENTRE,2830,23,528,DEMOCRATIC ALLIANCE,Ward
EKU,Ward 79700030,33010827,WATTVILLE DAYCARE CENTRE,2830,23,181,ECONOMIC FREEDOM FIGHTERS,Ward
EKU,Ward 79700030,33010827,WATTVILLE DAYCARE CENTRE,2830,23,121,ACTIONSA,Ward
EKU,Ward 79700031,33010209,EKUKHANYENI INTERMEDIATE SCHOOL,2940,25,739,AFRICAN NATIONAL CONGRESS,Ward
EKU,Ward 79700031,33010209,EKUKHANYENI INTERMEDIATE SCHOOL,2940,25,575,DEMOCRATIC ALLIANCE,Ward
EKU,Ward 79700031,33010209,EKUKHANYENI INTERMEDIATE SCHOOL,2940,25,197,ECONOMIC FREEDOM FIGHTERS,Ward
EKU,Ward 79700031,33010209,EKUKHANYENI INTERMEDIATE SCHOOL,2940,25,131,ACTIONSA,Ward
EKU,Ward 79700031,33010850,WATTVILLE YOUTH CENTRE,2983,25,725,AFRICAN NATIONAL CONGRESS,Ward
EKU,Ward 79700031,33010850,WATTVILLE YOUTH CENTRE,2983,25,564,DEMOCRATIC ALLIANCE,Ward
EKU,Ward 79700031,33010850,WATTVILLE YOUTH CENTRE,2983,25,193,ECONOMIC FREEDOM FIGHTERS,Ward
EKU,Ward 79700031,33010850,WATTVILLE YOUTH CENTRE,2983,25,129,ACTIONSA,Ward
EKU,Ward 79700031,33020345,VAN DYK PRIMARY SCHOOL,4543,48,1410,AFRICAN NATIONAL CONGRESS,Ward
EKU,Ward 79700031,33020345,VAN DYK PRIMARY SCHOOL,4543,48,1097,DEMOCRATIC ALLIANCE,Ward
EKU,Ward 79700031,33020345,VAN DYK PRIMARY SCHOOL,4543,48,376,ECONOMIC FREEDOM FIGHTERS,Ward
EKU,Ward 79700031,33020345,VAN DYK PRIMARY SCHOOL,4543,48,251,ACTIONSA,Ward
EKU,Ward 79700032,33020356,PARKRAND PRIMARY SCHOOL,1982,22,650,AFRICAN NATIONAL CONGRESS,Ward
EKU,Ward 79700032,33020356,PARKRAND PRIMARY SCHOOL,1982,22,506,DEMOCRATIC ALLIANCE,Ward
EKU,Ward 79700032,33020356,PARKRAND PRIMARY SCHOOL,1982,22,173,ECONOMIC FREEDOM FIGHTERS,Ward
EKU,Ward 79700032,33020356,PARKRAND PRIMARY SCHOOL,1982,22,116,ACTIONSA,Ward
EKU,Ward 79700032,33020367,BAANBREKER LAERSKOOL,2958,35,1024,AFRICAN NATIONAL CONGRESS,Ward
EKU,Ward 79700032,33020367,BAANBREKER LAERSKOOL,2958,35,796,DEMOCRATIC ALLIANCE,Ward
EKU,Ward 79700032,33020367,BAANBREKER LAERSKOOL,2958,35,273,ECONOMIC FREEDOM FIGHTERS,Ward
EKU,Ward 79700032,33020367,BAANBREKER LAERSKOOL,2958,35,182,ACTIONSA,Ward
EKU,Ward 79700032,33020378,PARKDENE PRIMARY SCHOOL,3425,36,1049,AFRICAN NATIONAL CONGRESS,Ward
EKU,Ward 79700032,33020378,PARKDENE PRIMARY SCHOOL,3425,36,816,DEMOCRATIC ALLIANCE,Ward
EKU,Ward 79700032,33020378,PARKDENE PRIMARY SCHOOL,3425,36,280,ECONOMIC FREEDOM FIGHTERS,Ward
EKU,Ward 79700032,33020378,PARKDENE PRIMARY SCHOOL,3425,36,186,ACTIONSA,Ward
EKU,Ward 79700033,33020479,TENT (DELMOORE PARK),1822,15,454,AFRICAN NATIONAL CONGRESS,Ward
EKU,Ward 79700033,33020479,TENT (DELMOORE PARK),1822,15,353,DEMOCRATIC ALLIANCE,Ward
EKU,Ward 79700033,33020479,TENT (DELMOORE PARK),1822,15,121,ECONOMIC FREEDOM FIGHTERS,Ward
EKU,Ward 79700033,33020479,TENT (DELMOORE PARK),1822,15,81,ACTIONSA,Ward
EKU,Ward 79700033,33020503,LIGHT OF THE WORLD MINISTRIES,4023,24,702,AFRICAN NATIONAL CONGRESS,Ward
EKU,Ward 79700033,33020503,LIGHT OF THE WORLD MINISTRIES,4023,24,546,DEMOCRATIC ALLIANCE,Ward
EKU,Ward 79700033,33020503,LIGHT OF THE WORLD MINISTRIES,4023,24,187,ECONOMIC FREEDOM FIGHTERS,Ward
EKU,Ward 79700033,33020503,LIGHT OF THE WORLD MINISTRIES,4023,24,125,ACTIONSA,Ward
EKU,Ward 79700033,33020525,LAERSKOOL WITFIELD.,2773,30,875,AFRICAN NATIONAL CONGRESS,Ward
EKU,Ward 79700033,33020525,LAERSKOOL WITFIELD.,2773,30,681,DEMOCRATIC ALLIANCE,Ward
EKU,Ward 79700033,33020525,LAERSKOOL WITFIELD.,2773,30,233,ECONOMIC FREEDOM FIGHTERS,Ward
EKU,Ward 79700033,33020525,LAERSKOOL WITFIELD.,2773,30,156,ACTIONSA,Ward
EKU,Ward 79700034,33020390,DROMMEDARIS PRIMARY SCHOOL,2959,30,875,AFRICAN NATIONAL CONGRESS,Ward
EKU,Ward 79700034,33020390,DROMMEDARIS PRIMARY SCHOOL,2959,30,680,DEMOCRATIC ALLIANCE,Ward
EKU,Ward 79700034,33020390,DROMMEDARIS PRIMARY SCHOOL,2959,30,233,ECONOMIC FREEDOM FIGHTERS,Ward
EKU,Ward 79700034,33020390,DROMMEDARIS PRIMARY SCHOOL,2959,30,156,ACTIONSA,Ward
EKU,Ward 79700034,33020402,OOSRAND SEKONDÊRE SKOOL,1359,14,399,AFRICAN NATIONAL CONGRESS,Ward
EKU,Ward 79700034,33020402,OOSRAND SEKONDÊRE SKOOL,1359,14,310,DEMOCRATIC ALLIANCE,Ward
EKU,Ward 79700034,33020402,OOSRAND SEKONDÊRE SKOOL,1359,14,106,ECONOMIC FREEDOM FIGHTERS,Ward
EKU,Ward 79700034,33020402,OOSRAND SEKONDÊRE SKOOL,1359,14,71,ACTIONSA,Ward
EKU,Ward 79700034,33020413,CHRISTIAN REFORMED - CHURCH,3133,32,954,AFRICAN NATIONAL CONGRESS,Ward
EKU,Ward 79700034,33020413,CHRISTIAN REFORMED - CHURCH,3133,32,742,DEMOCRATIC ALLIANCE,Ward
EKU,Ward 79700034,33020413,CHRISTIAN REFORMED - CHURCH,3133,32,254,ECONOMIC FREEDOM FIGHTERS,Ward
EKU,Ward 79700034,33020413,CHRISTIAN REFORMED - CHURCH,3133,32,170,ACTIONSA,Ward
EKU,Ward 79700035,33060721,GALWAY PRIMARY SCHOOL,3838,22,641,AFRICAN NATIONAL CONGRESS,Ward
EKU,Ward 79700035,33060721,GALWAY PRIMARY SCHOOL,3838,22,499,DEMOCRATIC ALLIANCE,Ward
EKU,Ward 79700035,33060721,GALWAY PRIMARY SCHOOL,3838,22,171,ECONOMIC FREEDOM FIGHTERS,Ward
EKU,Ward 79700035,33060721,GALWAY PRIMARY SCHOOL,3838,22,114,ACTIONSA,Ward
EKU,Ward 79700035,33060732,DUKATHOLE CLINIC,3199,21,635,AFRICAN NATIONAL CONGRESS,Ward
EKU,Ward 79700035,33060732,DUKATHOLE CLINIC,3199,21,494,DEMOCRATIC ALLIANCE,Ward
EKU,Ward 79700035,33060732,DUKATHOLE CLINIC,3199,21,169,ECONOMIC FREEDOM FIGHTERS,Ward
EKU,Ward 79700035,33060732,DUKATHOLE CLINIC,3199,21,113,ACTIONSA,Ward
EKU,Ward 79700035,33060743,EKURHULENI PRIMARY SCHOOL,2936,21,612,AFRICAN NATIONAL CONGRESS,Ward
EKU,Ward 79700035,33060743,EKURHULENI PRIMARY SCHOOL,2936,21,476,DEMOCRATIC ALLIANCE,Ward
EKU,Ward 79700035,33060743,EKURHULENI PRIMARY SCHOOL,2936,21,163,ECONOMIC FREEDOM FIGHTERS,Ward
EKU,Ward 79700035,33060743,EKURHULENI PRIMARY SCHOOL,2936,21,109,ACTIONSA,Ward
EKU,Ward 79700036,33060710,GERMISTON HIGH SCHOOL,1543,15,436,AFRICAN NATIONAL CONGRESS,Ward
EKU,Ward 79700036,33060710,GERMISTON HIGH SCHOOL,1543,15,339,DEMOCRATIC ALLIANCE,Ward
EKU,Ward 79700036,33060710,GERMISTON HIGH SCHOOL,1543,15,116,ECONOMIC FREEDOM FIGHTERS,Ward
EKU,Ward 79700036,33060710,GERMISTON HIGH SCHOOL,1543,15,78,ACTIONSA,Ward
EKU,Ward 79700036,33060787,WYCHWOOD PRIMARY SCHOOL,2985,27,786,AFRICAN NATIONAL CONGRESS,Ward
EKU,Ward 79700036,33060787,WYCHWOOD PRIMARY SCHOOL,2985,27,611,DEMOCRATIC ALLIANCE,Ward
EKU,Ward 79700036,33060787,WYCHWOOD PRIMARY SCHOOL,2985,27,210,ECONOMIC FREEDOM FIGHTERS,Ward
EKU,Ward 79700036,33060787,WYCHWOOD PRIMARY SCHOOL,2985,27,140,ACTIONSA,Ward
EKU,Ward 79700036,33060798,PRIMROSE PRIMARY SCHOOL,4198,38,1133,AFRICAN NATIONAL CONGRESS,Ward
EKU,Ward 79700036,33060798,PRIMROSE PRIMARY SCHOOL,4198,38,881,DEMOCRATIC ALLIANCE,Ward
EKU,Ward 79700036,33060798,PRIMROSE PRIMARY SCHOOL,4198,38,302,ECONOMIC FREEDOM FIGHTERS,Ward
EKU,Ward 79700036,33060798,PRIMROSE PRIMARY SCHOOL,4198,38,201,ACTIONSA,Ward
EKU,Ward 79700037,33000275,ALBERTON RUGBY CLUB,3615,41,1220,AFRICAN NATIONAL CONGRESS,Ward
EKU,Ward 79700037,33000275,ALBERTON RUGBY CLUB,3615,41,949,DEMOCRATIC ALLIANCE,Ward
EKU,Ward 79700037,33000275,ALBERTON RUGBY CLUB,3615,41,325,ECONOMIC FREEDOM FIGHTERS,Ward
EKU,Ward 79700037,33000275,ALBERTON RUGBY CLUB,3615,41,217,ACTIONSA,Ward
EKU,Ward 79700037,33000309,LAERSKOOL PRESIDENT STEYN,4836,53,1579,AFRICAN NATIONAL CONGRESS,Ward
EKU,Ward 79700037,33000309,LAERSKOOL PRESIDENT STEYN,4836,53,1228,DEMOCRATIC ALLIANCE,Ward
EKU,Ward 79700037,33000309,LAERSKOOL PRESIDENT STEYN,4836,53,421,ECONOMIC FREEDOM FIGHTERS,Ward
EKU,Ward 79700037,33000309,LAERSKOOL PRESIDENT STEYN,4836,53,281,ACTIONSA,Ward
EKU,Ward 79700037,33000321,ALBERTON TEACHER`S CENTRE,3709,35,1022,AFRICAN NATIONAL CONGRESS,Ward
EKU,Ward 79700037,33000321,ALBERTON TEACHER`S CENTRE,3709,35,794,DEMOCRATIC ALLIANCE,Ward
EKU,Ward 79700037,33000321,ALBERTON TEACHER`S CENTRE,3709,35,272,ECONOMIC FREEDOM FIGHTERS,Ward
EKU,Ward 79700037,33000321,ALBERTON TEACHER`S CENTRE,3709,35,182,ACTIONSA,Ward
EKU,Ward 79700038,33000196,EKURHULENI WEST COLLEGE,3701,41,1211,AFRICAN NATIONAL CONGRESS,Ward
EKU,Ward 79700038,33000196,EKURHULENI WEST COLLEGE,3701,41,942,DEMOCRATIC ALLIANCE,Ward
EKU,Ward 79700038,33000196,EKURHULENI WEST COLLEGE,3701,41,323,ECONOMIC FREEDOM FIGHTERS,Ward
EKU,Ward 79700038,33000196,EKURHULENI WEST COLLEGE,3701,41,215,ACTIONSA,Ward
EKU,Ward 79700038,33000208,GLENBRACK JUNIOR HIGH SCHOOL,3258,36,1052,AFRICAN NATIONAL CONGRESS,Ward
EKU,Ward 79700038,33000208,GLENBRACK JUNIOR HIGH SCHOOL,3258,36,818,DEMOCRATIC ALLIANCE,Ward
EKU,Ward 79700038,33000208,GLENBRACK JUNIOR HIGH SCHOOL,3258,36,281,ECONOMIC FREEDOM FIGHTERS,Ward
EKU,Ward 79700038,33000208,GLENBRACK JUNIOR HIGH SCHOOL,3258,36,187,ACTIONSA,Ward
EKU,Ward 79700038,33000219,LAERSKOOL ORION,2013,22,635,AFRICAN NATIONAL CONGRESS,Ward
EKU,Ward 79700038,33000219,LAERSKOOL ORION,2013,22,494,DEMOCRATIC ALLIANCE,Ward
EKU,Ward 79700038,33000219,LAERSKOOL ORION,2013,22,169,ECONOMIC FREEDOM FIGHTERS,Ward
EKU,Ward 79700038,33000219,LAERSKOOL ORION,2013,22,113,ACTIONSA,Ward
EKU,Ward 79700039,33060013,BOYS SCOUTS HALL,2341,25,750,AFRICAN NATIONAL CONGRESS,Ward
EKU,Ward 79700039,33060013,BOYS SCOUTS HALL,2341,25,583,DEMOCRATIC ALLIANCE,Ward
EKU,Ward 79700039,33060013,BOYS SCOUTS HALL,2341,25,200,ECONOMIC FREEDOM FIGHTERS,Ward
EKU,Ward 79700039,33060013,BOYS SCOUTS HALL,2341,25,133,ACTIONSA,Ward
EKU,Ward 79700039,33060664,DINWIDDIE HIGH SCHOOL,2788,28,826,AFRICAN NATIONAL CONGRESS,Ward
EKU,Ward 79700039,33060664,DINWIDDIE HIGH SCHOOL,2788,28,643,DEMOCRATIC ALLIANCE,Ward
EKU,Ward 79700039,33060664,DINWIDDIE HIGH SCHOOL,2788,28,220,ECONOMIC FREEDOM FIGHTERS,Ward
EKU,Ward 79700039,33060664,DINWIDDIE HIGH SCHOOL,2788,28,147,ACTIONSA,Ward
EKU,Ward 79700039,33060675,ELSBURG HALL,4279,42,1251,AFRICAN NATIONAL CONGRESS,Ward
EKU,Ward 79700039,33060675,ELSBURG HALL,4279,42,973,DEMOCRATIC ALLIANCE,Ward
EKU,Ward 79700039,33060675,ELSBURG HALL,4279,42,334,ECONOMIC FREEDOM FIGHTERS,Ward
EKU,Ward 79700039,33060675,ELSBURG HALL,4279,42,222,ACTIONSA,Ward
EKU,Ward 79700040,33060529,AME CHURCH,2900,22,658,AFRICAN NATIONAL CONGRESS,Ward
EKU,Ward 79700040,33060529,AME CHURCH,2900,22,512,DEMOCRATIC ALLIANCE,Ward
EKU,Ward 79700040,33060529,AME CHURCH,2900,22,175,ECONOMIC FREEDOM FIGHTERS,Ward
EKU,Ward 79700040,33060529,AME CHURCH,2900,22,117,ACTIONSA,Ward
EKU,Ward 79700040,33060631,LEONDALE HALL,3505,28,837,AFRICAN NATIONAL CONGRESS,Ward
EKU,Ward 79700040,33060631,LEONDALE HALL,3505,28,651,DEMOCRATIC ALLIANCE,Ward
EKU,Ward 79700040,33060631,LEONDALE HALL,3505,28,223,ECONOMIC FREEDOM FIGHTERS,Ward
EKU,Ward 79700040,33060631,LEONDALE HALL,3505,28,149,ACTIONSA,Ward
EKU,Ward 79700040,33061036,BUHLE PARK SECONDARY SCHOOL,4507,36,1064,AFRICAN NATIONAL CONGRESS,Ward
EKU,Ward 79700040,33061036,BUHLE PARK SECONDARY SCHOOL,4507,36,827,DEMOCRATIC ALLIANCE,Ward
EKU,Ward 79700040,33061036,BUHLE PARK SECONDARY SCHOOL,4507,36,284,ECONOMIC FREEDOM FIGHTERS,Ward
EKU,Ward 79700040,33061036,BUHLE PARK SECONDARY SCHOOL,4507,36,189,ACTIONSA,Ward
EKU,Ward 79700041,33060642,RONDEBULT EXT2 SEC SCHOOL,2941,22,640,AFRICAN NATIONAL CONGRESS,Ward
EKU,Ward 79700041,33060642,RONDEBULT EXT2 SEC SCHOOL,2941,22,498,DEMOCRATIC ALLIANCE,Ward
EKU,Ward 79700041,33060642,RONDEBULT EXT2 SEC SCHOOL,2941,22,171,ECONOMIC FREEDOM FIGHTERS,Ward
EKU,Ward 79700041,33060642,RONDEBULT EXT2 SEC SCHOOL,2941,22,114,ACTIONSA,Ward
EKU,Ward 79700041,33060990,PHUMULA GARDENS PRIMARY SCHOOL,4709,35,1045,AFRICAN NATIONAL CONGRESS,Ward
EKU,Ward 79700041,33060990,PHUMULA GARDENS PRIMARY SCHOOL,4709,35,813,DEMOCRATIC ALLIANCE,Ward
EKU,Ward 79700041,33060990,PHUMULA GARDENS PRIMARY SCHOOL,4709,35,279,ECONOMIC FREEDOM FIGHTERS,Ward
EKU,Ward 79700041,33060990,PHUMULA GARDENS PRIMARY SCHOOL,4709,35,186,ACTIONSA,Ward
EKU,Ward 79700041,33061058,FAITH CHURCH.,5993,41,1202,AFRICAN NATIONAL CONGRESS,Ward
EKU,Ward 79700041,33061058,FAITH CHURCH.,5993,41,934,DEMOCRATIC ALLIANCE,Ward
EKU,Ward 79700041,33061058,FAITH CHURCH.,5993,41,320,ECONOMIC FREEDOM FIGHTERS,Ward
EKU,Ward 79700041,33061058,FAITH CHURCH.,5993,41,214,ACTIONSA,Ward
EKU,Ward 79700042,33020389,CONQUERORS THROUGH CHRIST MINISTRIES,6552,48,1412,AFRICAN NATIONAL CONGRESS,Ward
EKU,Ward 79700042,33020389,CONQUERORS THROUGH CHRIST MINISTRIES,6552,48,1098,DEMOCRATIC ALLIANCE,Ward
EKU,Ward 79700042,33020389,CONQUERORS THROUGH CHRIST MINISTRIES,6552,48,377,ECONOMIC FREEDOM FIGHTERS,Ward
EKU,Ward 79700042,33020389,CONQUERORS THROUGH CHRIST MINISTRIES,6552,48,251,ACTIONSA,Ward
EKU,Ward 79700042,33020738,NONCEDO DAY CARE CENTRE,1756,16,485,AFRICAN NATIONAL CONGRESS,Ward
EKU,Ward 79700042,33020738,NONCEDO DAY CARE CENTRE,1756,16,377,DEMOCRATIC ALLIANCE,Ward
EKU,Ward 79700042,33020738,NONCEDO DAY CARE CENTRE,1756,16,129,ECONOMIC FREEDOM FIGHTERS,Ward
EKU,Ward 79700042,33020738,NONCEDO DAY CARE CENTRE,1756,16,86,ACTIONSA,Ward
EKU,Ward 79700042,33060653,SCHOOL OF ACHIEVEMENT,5348,54,1588,AFRICAN NATIONAL CONGRESS,Ward
EKU,Ward 79700042,33060653,SCHOOL OF ACHIEVEMENT,5348,54,1235,DEMOCRATIC ALLIANCE,Ward
EKU,Ward 79700042,33060653,SCHOOL OF ACHIEVEMENT,5348,54,423,ECONOMIC FREEDOM FIGHTERS,Ward
EKU,Ward 79700042,33060653,SCHOOL OF ACHIEVEMENT,5348,54,282,ACTIONSA,Ward
EKU,Ward 79700043,33020299,FALCON EDUCATIONAL SCHOOL,3507,28,837,AFRICAN NATIONAL CONGRESS,Ward
EKU,Ward 79700043,33020299,FALCON EDUCATIONAL SCHOOL,3507,28,651,DEMOCRATIC ALLIANCE,Ward
EKU,Ward 79700043,33020299,FALCON EDUCATIONAL SCHOOL,3507,28,223,ECONOMIC FREEDOM FIGHTERS,Ward
EKU,Ward 79700043,33020299,FALCON EDUCATIONAL SCHOOL,3507,28,149,ACTIONSA,Ward
EKU,Ward 79700043,33020312,SUNWARD PARK HIGH SCHOOL,2375,26,781,AFRICAN NATIONAL CONGRESS,Ward
EKU,Ward 79700043,33020312,SUNWARD PARK HIGH SCHOOL,2375,26,607,DEMOCRATIC ALLIANCE,Ward
EKU,Ward 79700043,33020312,SUNWARD PARK HIGH SCHOOL,2375,26,208,ECONOMIC FREEDOM FIGHTERS,Ward
EKU,Ward 79700043,33020312,SUNWARD PARK HIGH SCHOOL,2375,26,139,ACTIONSA,Ward
EKU,Ward 79700043,33020323,FREEWAY PARK PRIMARY SCHOOL,2898,32,935,AFRICAN NATIONAL CONGRESS,Ward
EKU,Ward 79700043,33020323,FREEWAY PARK PRIMARY SCHOOL,2898,32,727,DEMOCRATIC ALLIANCE,Ward
EKU,Ward 79700043,33020323,FREEWAY PARK PRIMARY SCHOOL,2898,32,249,ECONOMIC FREEDOM FIGHTERS,Ward
EKU,Ward 79700043,33020323,FREEWAY PARK PRIMARY SCHOOL,2898,32,166,ACTIONSA,Ward
EKU,Ward 79700044,33020042,KUTLOANONG PRIMARY SCHOOL,2077,20,577,AFRICAN NATIONAL CONGRESS,Ward
EKU,Ward 79700044,33020042,KUTLOANONG PRIMARY SCHOOL,2077,20,449,DEMOCRATIC ALLIANCE,Ward
EKU,Ward 79700044,33020042,KUTLOANONG PRIMARY SCHOOL,2077,20,154,ECONOMIC FREEDOM FIGHTERS,Ward
EKU,Ward 79700044,33020042,KUTLOANONG PRIMARY SCHOOL,2077,20,103,ACTIONSA,Ward
EKU,Ward 79700044,33020053,ILLINGE HIGH SCHOOL,2705,21,627,AFRICAN NATIONAL CONGRESS,Ward
EKU,Ward 79700044,33020053,ILLINGE HIGH SCHOOL,2705,21,488,DEMOCRATIC ALLIANCE,Ward
EKU,Ward 79700044,33020053,ILLINGE HIGH SCHOOL,2705,21,167,ECONOMIC FREEDOM FIGHTERS,Ward
EKU,Ward 79700044,33020053,ILLINGE HIGH SCHOOL,2705,21,112,ACTIONSA,Ward
EKU,Ward 79700044,33020064,KHAYELIHLE PRIMARY SCHOOL,3005,28,830,AFRICAN NATIONAL CONGRESS,Ward
EKU,Ward 79700044,33020064,KHAYELIHLE PRIMARY SCHOOL,3005,28,646,DEMOCRATIC ALLIANCE,Ward
EKU,Ward 79700044,33020064,KHAYELIHLE PRIMARY SCHOOL,3005,28,221,ECONOMIC FREEDOM FIGHTERS,Ward
EKU,Ward 79700044,33020064,KHAYELIHLE PRIMARY SCHOOL,3005,28,148,ACTIONSA,Ward
EKU,Ward 79700045,33020222,MASITHWALISANE SECONDARY SCHOOL,2871,24,722,AFRICAN NATIONAL CONGRESS,Ward
EKU,Ward 79700045,33020222,MASITHWALISANE SECONDARY SCHOOL,2871,24,561,DEMOCRATIC ALLIANCE,Ward
EKU,Ward 79700045,33020222,MASITHWALISANE SECONDARY SCHOOL,2871,24,192,ECONOMIC FREEDOM FIGHTERS,Ward
EKU,Ward 79700045,33020222,MASITHWALISANE SECONDARY SCHOOL,2871,24,128,ACTIONSA,Ward
EKU,Ward 79700045,33020244,BOPANG KGOTSO SCHOOL,2721,23,684,AFRICAN NATIONAL CONGRESS,Ward
EKU,Ward 79700045,33020244,BOPANG KGOTSO SCHOOL,2721,23,532,DEMOCRATIC ALLIANCE,Ward
EKU,Ward 79700045,33020244,BOPANG KGOTSO SCHOOL,2721,23,182,ECONOMIC FREEDOM FIGHTERS,Ward
EKU,Ward 79700045,33020244,BOPANG KGOTSO SCHOOL,2721,23,122,ACTIONSA,Ward
EKU,Ward 79700045,33020255,TENT (TONYS MINI MARKET),2338,18,538,AFRICAN NATIONAL CONGRESS,Ward
EKU,Ward 79700045,33020255,TENT (TONYS MINI MARKET),2338,18,419,DEMOCRATIC ALLIANCE,Ward
EKU,Ward 79700045,33020255,TENT (TONYS MINI MARKET),2338,18,144,ECONOMIC FREEDOM FIGHTERS,Ward
EKU,Ward 79700045,33020255,TENT (TONYS MINI MARKET),2338,18,96,ACTIONSA,Ward
EKU,Ward 79700046,33020110,ORHOVELANI EDUCATION CENTRE,2624,17,495,AFRICAN NATIONAL CONGRESS,Ward
EKU,Ward 79700046,33020110,ORHOVELANI EDUCATION CENTRE,2624,17,385,DEMOCRATIC ALLIANCE,Ward
EKU,Ward 79700046,33020110,ORHOVELANI EDUCATION CENTRE,2624,17,132,ECONOMIC FREEDOM FIGHTERS,Ward
EKU,Ward 79700046,33020110,ORHOVELANI EDUCATION CENTRE,2624,17,88,ACTIONSA,Ward
EKU,Ward 79700046,33020132,MTHIMKHULU PRIMARY SCHOOL,2845,23,689,AFRICAN NATIONAL CONGRESS,Ward
EKU,Ward 79700046,33020132,MTHIMKHULU PRIMARY SCHOOL,2845,23,536,DEMOCRATIC ALLIANCE,Ward
EKU,Ward 79700046,33020132,MTHIMKHULU PRIMARY SCHOOL,2845,23,184,ECONOMIC FREEDOM FIGHTERS,Ward
EKU,Ward 79700046,33020132,MTHIMKHULU PRIMARY SCHOOL,2845,23,123,ACTIONSA,Ward
EKU,Ward 79700046,33020187,J.D. DUMANE COMMUNITY CENTRE,3175,29,857,AFRICAN NATIONAL CONGRESS,Ward
EKU,Ward 79700046,33020187,J.D. DUMANE COMMUNITY CENTRE,3175,29,667,DEMOCRATIC ALLIANCE,Ward
EKU,Ward 79700046,33020187,J.D. DUMANE COMMUNITY CENTRE,3175,29,229,ECONOMIC FREEDOM FIGHTERS,Ward
EKU,Ward 79700046,33020187,J.D. DUMANE COMMUNITY CENTRE,3175,29,152,ACTIONSA,Ward
EKU,Ward 79700047,33020075,METHODIST CHURCH,2511,23,679,AFRICAN NATIONAL CONGRESS,Ward
EKU,Ward 79700047,33020075,METHODIST CHURCH,2511,23,528,DEMOCRATIC ALLIANCE,Ward
EKU,Ward 79700047,33020075,METHODIST CHURCH,2511,23,181,ECONOMIC FREEDOM FIGHTERS,Ward
EKU,Ward 79700047,33020075,METHODIST CHURCH,2511,23,121,ACTIONSA,Ward
EKU,Ward 79700047,33020086,THABANG PRIMARY SCHOOL,3512,30,898,AFRICAN NATIONAL CONGRESS,Ward
EKU,Ward 79700047,33020086,THABANG PRIMARY SCHOOL,3512,30,699,DEMOCRATIC ALLIANCE,Ward
EKU,Ward 79700047,33020086,THABANG PRIMARY SCHOOL,3512,30,240,ECONOMIC FREEDOM FIGHTERS,Ward
EKU,Ward 79700047,33020086,THABANG PRIMARY SCHOOL,3512,30,160,ACTIONSA,Ward
EKU,Ward 79700047,33020097,ITUMELENG NURSERY AND PRE-SCHOOL,2924,23,692,AFRICAN NATIONAL CONGRESS,Ward
EKU,Ward 79700047,33020097,ITUMELENG NURSERY AND PRE-SCHOOL,2924,23,538,DEMOCRATIC ALLIANCE,Ward
EKU,Ward 79700047,33020097,ITUMELENG NURSERY AND PRE-SCHOOL,2924,23,185,ECONOMIC FREEDOM FIGHTERS,Ward
EKU,Ward 79700047,33020097,ITUMELENG NURSERY AND PRE-SCHOOL,2924,23,123,ACTIONSA,Ward
EKU,Ward 79700048,33060282,SONQOBA SCHOOL,2405,22,651,AFRICAN NATIONAL CONGRESS,Ward
EKU,Ward 79700048,33060282,SONQOBA SCHOOL,2405,22,506,DEMOCRATIC ALLIANCE,Ward
EKU,Ward 79700048,33060282,SONQOBA SCHOOL,2405,22,174,ECONOMIC FREEDOM FIGHTERS,Ward
EKU,Ward 79700048,33060282,SONQOBA SCHOOL,2405,22,116,ACTIONSA,Ward
EKU,Ward 79700048,33060293,PHUMULANE SCHOOL,2601,22,651,AFRICAN NATIONAL CONGRESS,Ward
EKU,Ward 79700048,33060293,PHUMULANE SCHOOL,2601,22,506,DEMOCRATIC ALLIANCE,Ward
EKU,Ward 79700048,33060293,PHUMULANE SCHOOL,2601,22,174,ECONOMIC FREEDOM FIGHTERS,Ward
EKU,Ward 79700048,33060293,PHUMULANE SCHOOL,2601,22,116,ACTIONSA,Ward
EKU,Ward 79700048,33060327,MPONTSHENG HIGH SCHOOL,2089,19,547,AFRICAN NATIONAL CONGRESS,Ward
EKU,Ward 79700048,33060327,MPONTSHENG HIGH SCHOOL,2089,19,425,DEMOCRATIC ALLIANCE,Ward
EKU,Ward 79700048,33060327,MPONTSHENG HIGH SCHOOL,2089,19,146,ECONOMIC FREEDOM FIGHTERS,Ward
EKU,Ward 79700048,33060327,MPONTSHENG HIGH SCHOOL,2089,19,97,ACTIONSA,Ward
EKU,Ward 79700049,33060372,MATSHEDISO SCHOOL,2352,20,577,AFRICAN NATIONAL CONGRESS,Ward
EKU,Ward 79700049,33060372,MATSHEDISO SCHOOL,2352,20,449,DEMOCRATIC ALLIANCE,Ward
EKU,Ward 79700049,33060372,MATSHEDISO SCHOOL,2352,20,154,ECONOMIC FREEDOM FIGHTERS,Ward
EKU,Ward 79700049,33060372,MATSHEDISO SCHOOL,2352,20,103,ACTIONSA,Ward
EKU,Ward 79700049,33060383,EWC KATHORUS COLLEGE,2545,21,629,AFRICAN NATIONAL CONGRESS,Ward
EKU,Ward 79700049,33060383,EWC KATHORUS COLLEGE,2545,21,489,DEMOCRATIC ALLIANCE,Ward
EKU,Ward 79700049,33060383,EWC KATHORUS COLLEGE,2545,21,168,ECONOMIC FREEDOM FIGHTERS,Ward
EKU,Ward 79700049,33060383,EWC KATHORUS COLLEGE,2545,21,112,ACTIONSA,Ward
EKU,Ward 79700049,33060394,KEKETSO PRIMARY SCHOOL,2595,21,632,AFRICAN NATIONAL CONGRESS,Ward
EKU,Ward 79700049,33060394,KEKETSO PRIMARY SCHOOL,2595,21,491,DEMOCRATIC ALLIANCE,Ward
EKU,Ward 79700049,33060394,KEKETSO PRIMARY SCHOOL,2595,21,168,ECONOMIC FREEDOM FIGHTERS,Ward
EKU,Ward 79700049,33060394,KEKETSO PRIMARY SCHOOL,2595,21,112,ACTIONSA,Ward
EKU,Ward 79700050,33060439,TENT @ FREEDOM PARK SQUARE,2744,21,621,AFRICAN NATIONAL CONGRESS,Ward
EKU,Ward 79700050,33060439,TENT @ FREEDOM PARK SQUARE,2744,21,483,DEMOCRATIC ALLIANCE,Ward
EKU,Ward 79700050,33060439,TENT @ FREEDOM PARK SQUARE,2744,21,165,ECONOMIC FREEDOM FIGHTERS,Ward
EKU,Ward 79700050,33060439,TENT @ FREEDOM PARK SQUARE,2744,21,110,ACTIONSA,Ward
EKU,Ward 79700050,33060440,PHUMELELA COMBINED SCHOOL,1448,12,365,AFRICAN NATIONAL CONGRESS,Ward
EKU,Ward 79700050,33060440,PHUMELELA COMBINED SCHOOL,1448,12,284,DEMOCRATIC ALLIANCE,Ward
EKU,Ward 79700050,33060440,PHUMELELA COMBINED SCHOOL,1448,12,97,ECONOMIC FREEDOM FIGHTERS,Ward
EKU,Ward 79700050,33060440,PHUMELELA COMBINED SCHOOL,1448,12,65,ACTIONSA,Ward
EKU,Ward 79700050,33060462,DE BRUYN PRIMARY SCHOOL,1220,11,334,AFRICAN NATIONAL CONGRESS,Ward
EKU,Ward 79700050,33060462,DE BRUYN PRIMARY SCHOOL,1220,11,260,DEMOCRATIC ALLIANCE,Ward
EKU,Ward 79700050,33060462,DE BRUYN PRIMARY SCHOOL,1220,11,89,ECONOMIC FREEDOM FIGHTERS,Ward
EKU,Ward 79700050,33060462,DE BRUYN PRIMARY SCHOOL,1220,11,59,ACTIONSA,Ward
EKU,Ward 79700051,33060563,TAMAHO CHILD CARE CENTRE,2627,19,574,AFRICAN NATIONAL CONGRESS,Ward
EKU,Ward 79700051,33060563,TAMAHO CHILD CARE CENTRE,2627,19,446,DEMOCRATIC ALLIANCE,Ward
EKU,Ward 79700051,33060563,TAMAHO CHILD CARE CENTRE,2627,19,153,ECONOMIC FREEDOM FIGHTERS,Ward
EKU,Ward 79700051,33060563,TAMAHO CHILD CARE CENTRE,2627,19,102,ACTIONSA,Ward
EKU,Ward 79700051,33060574,TAMAHO PRIMARY SCHOOL,2721,20,576,AFRICAN NATIONAL CONGRESS,Ward
EKU,Ward 79700051,33060574,TAMAHO PRIMARY SCHOOL,2721,20,448,DEMOCRATIC ALLIANCE,Ward
EKU,Ward 79700051,33060574,TAMAHO PRIMARY SCHOOL,2721,20,154,ECONOMIC FREEDOM FIGHTERS,Ward
EKU,Ward 79700051,33060574,TAMAHO PRIMARY SCHOOL,2721,20,102,ACTIONSA,Ward
EKU,Ward 79700051,33060585,WORD OF LIFE VICTORY CENTRE,2263,17,510,AFRICAN NATIONAL CONGRESS,Ward
EKU,Ward 79700051,33060585,WORD OF LIFE VICTORY CENTRE,2263,17,397,DEMOCRATIC ALLIANCE,Ward
EKU,Ward 79700051,33060585,WORD OF LIFE VICTORY CENTRE,2263,17,136,ECONOMIC FREEDOM FIGHTERS,Ward
EKU,Ward 79700051,33060585,WORD OF LIFE VICTORY CENTRE,2263,17,91,ACTIONSA,Ward
EKU,Ward 79700052,33000185,THOKOZA AUDITORIUM HALL,5316,36,1072,AFRICAN NATIONAL CONGRESS,Ward
EKU,Ward 79700052,33000185,THOKOZA AUDITORIUM HALL,5316,36,834,DEMOCRATIC ALLIANCE,Ward
EKU,Ward 79700052,33000185,THOKOZA AUDITORIUM HALL,5316,36,286,ECONOMIC FREEDOM FIGHTERS,Ward
EKU,Ward 79700052,33000185,THOKOZA AUDITORIUM HALL,5316,36,191,ACTIONSA,Ward
EKU,Ward 79700052,33000343,BAMBANANI DAYCARE CENTRE,1541,11,314,AFRICAN NATIONAL CONGRESS,Ward
EKU,Ward 79700052,33000343,BAMBANANI DAYCARE CENTRE,1541,11,244,DEMOCRATIC ALLIANCE,Ward
EKU,Ward 79700052,33000343,BAMBANANI DAYCARE CENTRE,1541,11,84,ECONOMIC FREEDOM FIGHTERS,Ward
EKU,Ward 79700052,33000343,BAMBANANI DAYCARE CENTRE,1541,11,56,ACTIONSA,Ward
EKU,Ward 79700052,33060484,SAMSON PRIMARY SCHOOL,2162,17,508,AFRICAN NATIONAL CONGRESS,Ward
EKU,Ward 79700052,33060484,SAMSON PRIMARY SCHOOL,2162,17,395,DEMOCRATIC ALLIANCE,Ward
EKU,Ward 79700052,33060484,SAMSON PRIMARY SCHOOL,2162,17,135,ECONOMIC FREEDOM FIGHTERS,Ward
EKU,Ward 79700052,33060484,SAMSON PRIMARY SCHOOL,2162,17,90,ACTIONSA,Ward
EKU,Ward 79700053,33000062,PHOLA PARK HALL,4074,30,894,AFRICAN NATIONAL CONGRESS,Ward
EKU,Ward 79700053,33000062,PHOLA PARK HALL,4074,30,695,DEMOCRATIC ALLIANCE,Ward
EKU,Ward 79700053,33000062,PHOLA PARK HALL,4074,30,238,ECONOMIC FREEDOM FIGHTERS,Ward
EKU,Ward 79700053,33000062,PHOLA PARK HALL,4074,30,159,ACTIONSA,Ward
EKU,Ward 79700053,33000073,TIISETSONG HIGH SCHOOL,2762,23,687,AFRICAN NATIONAL CONGRESS,Ward
EKU,Ward 79700053,33000073,TIISETSONG HIGH SCHOOL,2762,23,534,DEMOCRATIC ALLIANCE,Ward
EKU,Ward 79700053,33000073,TIISETSONG HIGH SCHOOL,2762,23,183,ECONOMIC FREEDOM FIGHTERS,Ward
EKU,Ward 79700053,33000073,TIISETSONG HIGH SCHOOL,2762,23,122,ACTIONSA,Ward
EKU,Ward 79700053,33000398,TENT (THINASONKE EXT.3),731,7,208,AFRICAN NATIONAL CONGRESS,Ward
EKU,Ward 79700053,33000398,TENT (THINASONKE EXT.3),731,7,162,DEMOCRATIC ALLIANCE,Ward
EKU,Ward 79700053,33000398,TENT (THINASONKE EXT.3),731,7,55,ECONOMIC FREEDOM FIGHTERS,Ward
EKU,Ward 79700053,33000398,TENT (THINASONKE EXT.3),731,7,37,ACTIONSA,Ward
EKU,Ward 79700054,33000130,UNITING REFORMED CHURCH,2119,19,548,AFRICAN NATIONAL CONGRESS,Ward
EKU,Ward 79700054,33000130,UNITING REFORMED CHURCH,2119,19,426,DEMOCRATIC ALLIANCE,Ward
EKU,Ward 79700054,33000130,UNITING REFORMED CHURCH,2119,19,146,ECONOMIC FREEDOM FIGHTERS,Ward
EKU,Ward 79700054,33000130,UNITING REFORMED CHURCH,2119,19,97,ACTIONSA,Ward
EKU,Ward 79700054,33000141,LUTHERAN CHURCH,2085,17,508,AFRICAN NATIONAL CONGRESS,Ward
EKU,Ward 79700054,33000141,LUTHERAN CHURCH,2085,17,395,DEMOCRATIC ALLIANCE,Ward
EKU,Ward 79700054,33000141,LUTHERAN CHURCH,2085,17,135,ECONOMIC FREEDOM FIGHTERS,Ward
EKU,Ward 79700054,33000141,LUTHERAN CHURCH,2085,17,90,ACTIONSA,Ward
EKU,Ward 79700054,33000152,REFORM APOSTOLIC CHURCH OF S.A  ( THINTWA VILLAGE),2731,24,717,AFRICAN NATIONAL CONGRESS,Ward
EKU,Ward 79700054,33000152,REFORM APOSTOLIC CHURCH OF S.A  ( THINTWA VILLAGE),2731,24,558,DEMOCRATIC ALLIANCE,Ward
EKU,Ward 79700054,33000152,REFORM APOSTOLIC CHURCH OF S.A  ( THINTWA VILLAGE),2731,24,191,ECONOMIC FREEDOM FIGHTERS,Ward
EKU,Ward 79700054,33000152,REFORM APOSTOLIC CHURCH OF S.A  ( THINTWA VILLAGE),2731,24,128,ACTIONSA,Ward
EKU,Ward 79700055,33060260,NOKULUNGO PRIMARY SCHOOL,1591,15,435,AFRICAN NATIONAL CONGRESS,Ward
EKU,Ward 79700055,33060260,NOKULUNGO PRIMARY SCHOOL,1591,15,338,DEMOCRATIC ALLIANCE,Ward
EKU,Ward 79700055,33060260,NOKULUNGO PRIMARY SCHOOL,1591,15,116,ECONOMIC FREEDOM FIGHTERS,Ward
EKU,Ward 79700055,33060260,NOKULUNGO PRIMARY SCHOOL,1591,15,77,ACTIONSA,Ward
EKU,Ward 79700055,33060305,THEMBALETHU PRIMARY SCHOOL,1733,15,448,AFRICAN NATIONAL CONGRESS,Ward
EKU,Ward 79700055,33060305,THEMBALETHU PRIMARY SCHOOL,1733,15,348,DEMOCRATIC ALLIANCE,Ward
EKU,Ward 79700055,33060305,THEMBALETHU PRIMARY SCHOOL,1733,15,119,ECONOMIC FREEDOM FIGHTERS,Ward
EKU,Ward 79700055,33060305,THEMBALETHU PRIMARY SCHOOL,1733,15,80,ACTIONSA,Ward
EKU,Ward 79700055,33060316,KATLEHONG TECHNICAL CENTRE,2032,15,444,AFRICAN NATIONAL CONGRESS,Ward
EKU,Ward 79700055,33060316,KATLEHONG TECHNICAL CENTRE,2032,15,345,DEMOCRATIC ALLIANCE,Ward
EKU,Ward 79700055,33060316,KATLEHONG TECHNICAL CENTRE,2032,15,118,ECONOMIC FREEDOM FIGHTERS,Ward
EKU,Ward 79700055,33060316,KATLEHONG TECHNICAL CENTRE,2032,15,79,ACTIONSA,Ward
EKU,Ward 79700056,33000084,UMZAMO PRIMARY SCHOOL,1986,18,518,AFRICAN NATIONAL CONGRESS,Ward
EKU,Ward 79700056,33000084,UMZAMO PRIMARY SCHOOL,1986,18,402,DEMOCRATIC ALLIANCE,Ward
EKU,Ward 79700056,33000084,UMZAMO PRIMARY SCHOOL,1986,18,138,ECONOMIC FREEDOM FIGHTERS,Ward
EKU,Ward 79700056,33000084,UMZAMO PRIMARY SCHOOL,1986,18,92,ACTIONSA,Ward
EKU,Ward 79700056,33000095,NEW BRETHERN APOSTOLIC CHURCH,2357,22,641,AFRICAN NATIONAL CONGRESS,Ward
EKU,Ward 79700056,33000095,NEW BRETHERN APOSTOLIC CHURCH,2357,22,498,DEMOCRATIC ALLIANCE,Ward
EKU,Ward 79700056,33000095,NEW BRETHERN APOSTOLIC CHURCH,2357,22,171,ECONOMIC FREEDOM FIGHTERS,Ward
EKU,Ward 79700056,33000095,NEW BRETHERN APOSTOLIC CHURCH,2357,22,114,ACTIONSA,Ward
EKU,Ward 79700056,33000107,SAM NTULI SPORTS CENTRE,2837,26,783,AFRICAN NATIONAL CONGRESS,Ward
EKU,Ward 79700056,33000107,SAM NTULI SPORTS CENTRE,2837,26,609,DEMOCRATIC ALLIANCE,Ward
EKU,Ward 79700056,33000107,SAM NTULI SPORTS CENTRE,2837,26,209,ECONOMIC FREEDOM FIGHTERS,Ward
EKU,Ward 79700056,33000107,SAM NTULI SPORTS CENTRE,2837,26,139,ACTIONSA,Ward
EKU,Ward 79700057,33000017,J.D THOMAS HALL,3406,31,909,AFRICAN NATIONAL CONGRESS,Ward
EKU,Ward 79700057,33000017,J.D THOMAS HALL,3406,31,707,DEMOCRATIC ALLIANCE,Ward
EKU,Ward 79700057,33000017,J.D THOMAS HALL,3406,31,243,ECONOMIC FREEDOM FIGHTERS,Ward
EKU,Ward 79700057,33000017,J.D THOMAS HALL,3406,31,162,ACTIONSA,Ward
EKU,Ward 79700057,33000028,EDENPARK HIGH SCHOOL,3193,30,892,AFRICAN NATIONAL CONGRESS,Ward
EKU,Ward 79700057,33000028,EDENPARK HIGH SCHOOL,3193,30,694,DEMOCRATIC ALLIANCE,Ward
EKU,Ward 79700057,33000028,EDENPARK HIGH SCHOOL,3193,30,238,ECONOMIC FREEDOM FIGHTERS,Ward
EKU,Ward 79700057,33000028,EDENPARK HIGH SCHOOL,3193,30,159,ACTIONSA,Ward
EKU,Ward 79700057,33000040,MOHLODI PRIMARY SCHOOL,3833,30,882,AFRICAN NATIONAL CONGRESS,Ward
EKU,Ward 79700057,33000040,MOHLODI PRIMARY SCHOOL,3833,30,686,DEMOCRATIC ALLIANCE,Ward
EKU,Ward 79700057,33000040,MOHLODI PRIMARY SCHOOL,3833,30,235,ECONOMIC FREEDOM FIGHTERS,Ward
EKU,Ward 79700057,33000040,MOHLODI PRIMARY SCHOOL,3833,30,157,ACTIONSA,Ward
EKU,Ward 79700058,33000332,GREENFIELDS COMMUNITY HALL,5560,50,1465,AFRICAN NATIONAL CONGRESS,Ward
EKU,Ward 79700058,33000332,GREENFIELDS COMMUNITY HALL,5560,50,1139,DEMOCRATIC ALLIANCE,Ward
EKU,Ward 79700058,33000332,GREENFIELDS COMMUNITY HALL,5560,50,391,ECONOMIC FREEDOM FIGHTERS,Ward
EKU,Ward 79700058,33000332,GREENFIELDS COMMUNITY HALL,5560,50,260,ACTIONSA,Ward
EKU,Ward 79700058,33061025,REALEBOHA PRIMARY SCHOOL,3859,31,922,AFRICAN NATIONAL CONGRESS,Ward
EKU,Ward 79700058,33061025,REALEBOHA PRIMARY SCHOOL,3859,31,717,DEMOCRATIC ALLIANCE,Ward
EKU,Ward 79700058,33061025,REALEBOHA PRIMARY SCHOOL,3859,31,246,ECONOMIC FREEDOM FIGHTERS,Ward
EKU,Ward 79700058,33061025,REALEBOHA PRIMARY SCHOOL,3859,31,164,ACTIONSA,Ward
EKU,Ward 79700058,33061047,INTERNATIONAL PENTECOSTAL HOLINESS CHURCH,2786,22,644,AFRICAN NATIONAL CONGRESS,Ward
EKU,Ward 79700058,33061047,INTERNATIONAL PENTECOSTAL HOLINESS CHURCH,2786,22,501,DEMOCRATIC ALLIANCE,Ward
EKU,Ward 79700058,33061047,INTERNATIONAL PENTECOSTAL HOLINESS CHURCH,2786,22,172,ECONOMIC FREEDOM FIGHTERS,Ward
EKU,Ward 79700058,33061047,INTERNATIONAL PENTECOSTAL HOLINESS CHURCH,2786,22,114,ACTIONSA,Ward
EKU,Ward 79700059,33060237,PONEGO SCHOOL,3074,28,821,AFRICAN NATIONAL CONGRESS,Ward
EKU,Ward 79700059,33060237,PONEGO SCHOOL,3074,28,639,DEMOCRATIC ALLIANCE,Ward
EKU,Ward 79700059,33060237,PONEGO SCHOOL,3074,28,219,ECONOMIC FREEDOM FIGHTERS,Ward
EKU,Ward 79700059,33060237,PONEGO SCHOOL,3074,28,146,ACTIONSA,Ward
EKU,Ward 79700059,33060248,HLESIPHI SCHOOL,1875,16,477,AFRICAN NATIONAL CONGRESS,Ward
EKU,Ward 79700059,33060248,HLESIPHI SCHOOL,1875,16,371,DEMOCRATIC ALLIANCE,Ward
EKU,Ward 79700059,33060248,HLESIPHI SCHOOL,1875,16,127,ECONOMIC FREEDOM FIGHTERS,Ward
EKU,Ward 79700059,33060248,HLESIPHI SCHOOL,1875,16,85,ACTIONSA,Ward
EKU,Ward 79700059,33060271,BETHESDA EVANGELICAL CHURCH.,2660,22,642,AFRICAN NATIONAL CONGRESS,Ward
EKU,Ward 79700059,33060271,BETHESDA EVANGELICAL CHURCH.,2660,22,499,DEMOCRATIC ALLIANCE,Ward
EKU,Ward 79700059,33060271,BETHESDA EVANGELICAL CHURCH.,2660,22,171,ECONOMIC FREEDOM FIGHTERS,Ward
EKU,Ward 79700059,33060271,BETHESDA EVANGELICAL CHURCH.,2660,22,114,ACTIONSA,Ward
EKU,Ward 79700060,33060114,ABRAM HLOPE PRIMARY SCHOOL,3676,35,1041,AFRICAN NATIONAL CONGRESS,Ward
EKU,Ward 79700060,33060114,ABRAM HLOPE PRIMARY SCHOOL,3676,35,810,DEMOCRATIC ALLIANCE,Ward
EKU,Ward 79700060,33060114,ABRAM HLOPE PRIMARY SCHOOL,3676,35,278,ECONOMIC FREEDOM FIGHTERS,Ward
EKU,Ward 79700060,33060114,ABRAM HLOPE PRIMARY SCHOOL,3676,35,185,ACTIONSA,Ward
EKU,Ward 79700060,33060125,TENT - MOLELEKI EXT 1,2053,19,576,AFRICAN NATIONAL CONGRESS,Ward
EKU,Ward 79700060,33060125,TENT - MOLELEKI EXT 1,2053,19,448,DEMOCRATIC ALLIANCE,Ward
EKU,Ward 79700060,33060125,TENT - MOLELEKI EXT 1,2053,19,154,ECONOMIC FREEDOM FIGHTERS,Ward
EKU,Ward 79700060,33060125,TENT - MOLELEKI EXT 1,2053,19,102,ACTIONSA,Ward
EKU,Ward 79700060,33060215,THE TRUE VINE WORSHIP CENTRE,3095,27,792,AFRICAN NATIONAL CONGRESS,Ward
EKU,Ward 79700060,33060215,THE TRUE VINE WORSHIP CENTRE,3095,27,616,DEMOCRATIC ALLIANCE,Ward
EKU,Ward 79700060,33060215,THE TRUE VINE WORSHIP CENTRE,3095,27,211,ECONOMIC FREEDOM FIGHTERS,Ward
EKU,Ward 79700060,33060215,THE TRUE VINE WORSHIP CENTRE,3095,27,141,ACTIONSA,Ward
EKU,Ward 79700061,33000376,THABOTONA PRIMARY SCHOOL 34,2643,22,646,AFRICAN NATIONAL CONGRESS,Ward
EKU,Ward 79700061,33000376,THABOTONA PRIMARY SCHOOL 34,2643,22,503,DEMOCRATIC ALLIANCE,Ward
EKU,Ward 79700061,33000376,THABOTONA PRIMARY SCHOOL 34,2643,22,172,ECONOMIC FREEDOM FIGHTERS,Ward
EKU,Ward 79700061,33000376,THABOTONA PRIMARY SCHOOL 34,2643,22,115,ACTIONSA,Ward
EKU,Ward 79700061,33000477,PHEASANT FOLLY PRIMARY SCHOOL,1289,16,466,AFRICAN NATIONAL CONGRESS,Ward
EKU,Ward 79700061,33000477,PHEASANT FOLLY PRIMARY SCHOOL,1289,16,363,DEMOCRATIC ALLIANCE,Ward
EKU,Ward 79700061,33000477,PHEASANT FOLLY PRIMARY SCHOOL,1289,16,124,ECONOMIC FREEDOM FIGHTERS,Ward
EKU,Ward 79700061,33000477,PHEASANT FOLLY PRIMARY SCHOOL,1289,16,83,ACTIONSA,Ward
EKU,Ward 79700061,33060024,APOSTOLIC GOSPEL CHURCH INTERNATIONAL,2388,20,589,AFRICAN NATIONAL CONGRESS,Ward
EKU,Ward 79700061,33060024,APOSTOLIC GOSPEL CHURCH INTERNATIONAL,2388,20,458,DEMOCRATIC ALLIANCE,Ward
EKU,Ward 79700061,33060024,APOSTOLIC GOSPEL CHURCH INTERNATIONAL,2388,20,157,ECONOMIC FREEDOM FIGHTERS,Ward
EKU,Ward 79700061,33060024,APOSTOLIC GOSPEL CHURCH INTERNATIONAL,2388,20,105,ACTIONSA,Ward
EKU,Ward 79700062,33020761,TENT THULASIZWE GROUND,212,2,70,AFRICAN NATIONAL CONGRESS,Ward
EKU,Ward 79700062,33020761,TENT THULASIZWE GROUND,212,2,54,DEMOCRATIC ALLIANCE,Ward
EKU,Ward 79700062,33020761,TENT THULASIZWE GROUND,212,2,19,ECONOMIC FREEDOM FIGHTERS,Ward
EKU,Ward 79700062,33020761,TENT THULASIZWE GROUND,212,2,12,ACTIONSA,Ward
EKU,Ward 79700062,33060057,FATHER MASANGO`S ST JOHN`S APOSTOLIC FAITH MISSION,2194,16,483,AFRICAN NATIONAL CONGRESS,Ward
EKU,Ward 79700062,33060057,FATHER MASANGO`S ST JOHN`S APOSTOLIC FAITH MISSION,2194,16,376,DEMOCRATIC ALLIANCE,Ward
EKU,Ward 79700062,33060057,FATHER MASANGO`S ST JOHN`S APOSTOLIC FAITH MISSION,2194,16,129,ECONOMIC FREEDOM FIGHTERS,Ward
EKU,Ward 79700062,33060057,FATHER MASANGO`S ST JOHN`S APOSTOLIC FAITH MISSION,2194,16,86,ACTIONSA,Ward
EKU,Ward 79700062,33060068,MANZINI PRIMARY SCHOOL,4057,37,1082,AFRICAN NATIONAL CONGRESS,Ward
EKU,Ward 79700062,33060068,MANZINI PRIMARY SCHOOL,4057,37,841,DEMOCRATIC ALLIANCE,Ward
EKU,Ward 79700062,33060068,MANZINI PRIMARY SCHOOL,4057,37,288,ECONOMIC FREEDOM FIGHTERS,Ward
EKU,Ward 79700062,33060068,MANZINI PRIMARY SCHOOL,4057,37,192,ACTIONSA,Ward
EKU,Ward 79700063,33060170,BEULAH CHRISTIANS FELLOWSHIP,2315,19,568,AFRICAN NATIONAL CONGRESS,Ward
EKU,Ward 79700063,33060170,BEULAH CHRISTIANS FELLOWSHIP,2315,19,442,DEMOCRATIC ALLIANCE,Ward
EKU,Ward 79700063,33060170,BEULAH CHRISTIANS FELLOWSHIP,2315,19,151,ECONOMIC FREEDOM FIGHTERS,Ward
EKU,Ward 79700063,33060170,BEULAH CHRISTIANS FELLOWSHIP,2315,19,101,ACTIONSA,Ward
EKU,Ward 79700063,33060181,AMAKHANDONIYA CHURCH OF GOD,1832,17,489,AFRICAN NATIONAL CONGRESS,Ward
EKU,Ward 79700063,33060181,AMAKHANDONIYA CHURCH OF GOD,1832,17,380,DEMOCRATIC ALLIANCE,Ward
EKU,Ward 79700063,33060181,AMAKHANDONIYA CHURCH OF GOD,1832,17,130,ECONOMIC FREEDOM FIGHTERS,Ward
EKU,Ward 79700063,33060181,AMAKHANDONIYA CHURCH OF GOD,1832,17,87,ACTIONSA,Ward
EKU,Ward 79700063,33060192,THUTOPELE SECONDARY SCHOOL.,2833,24,702,AFRICAN NATIONAL CONGRESS,Ward
EKU,Ward 79700063,33060192,THUTOPELE SECONDARY SCHOOL.,2833,24,546,DEMOCRATIC ALLIANCE,Ward
EKU,Ward 79700063,33060192,THUTOPELE SECONDARY SCHOOL.,2833,24,187,ECONOMIC FREEDOM FIGHTERS,Ward
EKU,Ward 79700063,33060192,THUTOPELE SECONDARY SCHOOL.,2833,24,125,ACTIONSA,Ward
EKU,Ward 79700064,33020176,KHULISA COMMUNITY HALL,3591,26,778,AFRICAN NATIONAL CONGRESS,Ward
EKU,Ward 79700064,33020176,KHULISA COMMUNITY HALL,3591,26,605,DEMOCRATIC ALLIANCE,Ward
EKU,Ward 79700064,33020176,KHULISA COMMUNITY HALL,3591,26,207,ECONOMIC FREEDOM FIGHTERS,Ward
EKU,Ward 79700064,33020176,KHULISA COMMUNITY HALL,3591,26,138,ACTIONSA,Ward
EKU,Ward 79700064,33020200,ERASMUS MONARENG SECONDARY SCHOOL,3893,33,987,AFRICAN NATIONAL CONGRESS,Ward
EKU,Ward 79700064,33020200,ERASMUS MONARENG SECONDARY SCHOOL,3893,33,768,DEMOCRATIC ALLIANCE,Ward
EKU,Ward 79700064,33020200,ERASMUS MONARENG SECONDARY SCHOOL,3893,33,263,ECONOMIC FREEDOM FIGHTERS,Ward
EKU,Ward 79700064,33020200,ERASMUS MONARENG SECONDARY SCHOOL,3893,33,175,ACTIONSA,Ward
EKU,Ward 79700064,33020211,TEMPORARY VOTING STATION (VACANT SCHOOL SITE),2314,19,553,AFRICAN NATIONAL CONGRESS,Ward
EKU,Ward 79700064,33020211,TEMPORARY VOTING STATION (VACANT SCHOOL SITE),2314,19,430,DEMOCRATIC ALLIANCE,Ward
EKU,Ward 79700064,33020211,TEMPORARY VOTING STATION (VACANT SCHOOL SITE),2314,19,147,ECONOMIC FREEDOM FIGHTERS,Ward
EKU,Ward 79700064,33020211,TEMPORARY VOTING STATION (VACANT SCHOOL SITE),2314,19,98,ACTIONSA,Ward
EKU,Ward 79700065,33010018,THEMBELIHLE PRIMARY SCHOOL,4466,35,1039,AFRICAN NATIONAL CONGRESS,Ward
EKU,Ward 79700065,33010018,THEMBELIHLE PRIMARY SCHOOL,4466,35,808,DEMOCRATIC ALLIANCE,Ward
EKU,Ward 79700065,33010018,THEMBELIHLE PRIMARY SCHOOL,4466,35,277,ECONOMIC FREEDOM FIGHTERS,Ward
EKU,Ward 79700065,33010018,THEMBELIHLE PRIMARY SCHOOL,4466,35,185,ACTIONSA,Ward
EKU,Ward 79700065,33010029,TENT (EMAPHUPHENI WATER TANK),2469,22,654,AFRICAN NATIONAL CONGRESS,Ward
EKU,Ward 79700065,33010029,TENT (EMAPHUPHENI WATER TANK),2469,22,509,DEMOCRATIC ALLIANCE,Ward
EKU,Ward 79700065,33010029,TENT (EMAPHUPHENI WATER TANK),2469,22,174,ECONOMIC FREEDOM FIGHTERS,Ward
EKU,Ward 79700065,33010029,TENT (EMAPHUPHENI WATER TANK),2469,22,116,ACTIONSA,Ward
EKU,Ward 79700065,33010030,PHANDIMFUNDO SECONDARY SCHOOL,2858,25,751,AFRICAN NATIONAL CONGRESS,Ward
EKU,Ward 79700065,33010030,PHANDIMFUNDO SECONDARY SCHOOL,2858,25,584,DEMOCRATIC ALLIANCE,Ward
EKU,Ward 79700065,33010030,PHANDIMFUNDO SECONDARY SCHOOL,2858,25,200,ECONOMIC FREEDOM FIGHTERS,Ward
EKU,Ward 79700065,33010030,PHANDIMFUNDO SECONDARY SCHOOL,2858,25,134,ACTIONSA,Ward
EKU,Ward 79700066,33010041,KGOLAGANO PRIMARY SCHOOL,2840,25,741,AFRICAN NATIONAL CONGRESS,Ward
EKU,Ward 79700066,33010041,KGOLAGANO PRIMARY SCHOOL,2840,25,576,DEMOCRATIC ALLIANCE,Ward
EKU,Ward 79700066,33010041,KGOLAGANO PRIMARY SCHOOL,2840,25,198,ECONOMIC FREEDOM FIGHTERS,Ward
EKU,Ward 79700066,33010041,KGOLAGANO PRIMARY SCHOOL,2840,25,132,ACTIONSA,Ward
EKU,Ward 79700066,33010063,ROLIHLAHLA PRIMARY SCHOOL,2443,22,652,AFRICAN NATIONAL CONGRESS,Ward
EKU,Ward 79700066,33010063,ROLIHLAHLA PRIMARY SCHOOL,2443,22,507,DEMOCRATIC ALLIANCE,Ward
EKU,Ward 79700066,33010063,ROLIHLAHLA PRIMARY SCHOOL,2443,22,174,ECONOMIC FREEDOM FIGHTERS,Ward
EKU,Ward 79700066,33010063,ROLIHLAHLA PRIMARY SCHOOL,2443,22,116,ACTIONSA,Ward
EKU,Ward 79700066,33010074,TENT (PHILLIP MOYO MEMORIAL HEALTH CLINIC),2006,19,547,AFRICAN NATIONAL CONGRESS,Ward
EKU,Ward 79700066,33010074,TENT (PHILLIP MOYO MEMORIAL HEALTH CLINIC),2006,19,426,DEMOCRATIC ALLIANCE,Ward
EKU,Ward 79700066,33010074,TENT (PHILLIP MOYO MEMORIAL HEALTH CLINIC),2006,19,146,ECONOMIC FREEDOM FIGHTERS,Ward
EKU,Ward 79700066,33010074,TENT (PHILLIP MOYO MEMORIAL HEALTH CLINIC),2006,19,97,ACTIONSA,Ward
EKU,Ward 79700067,33010085,CAIPHUS NYOKA HIGH SCHOOL,2825,23,672,AFRICAN NATIONAL CONGRESS,Ward
EKU,Ward 79700067,33010085,CAIPHUS NYOKA HIGH SCHOOL,2825,23,523,DEMOCRATIC ALLIANCE,Ward
EKU,Ward 79700067,33010085,CAIPHUS NYOKA HIGH SCHOOL,2825,23,179,ECONOMIC FREEDOM FIGHTERS,Ward
EKU,Ward 79700067,33010085,CAIPHUS NYOKA HIGH SCHOOL,2825,23,119,ACTIONSA,Ward
EKU,Ward 79700067,33010108,TSHEPO THEMBA,2635,24,721,AFRICAN NATIONAL CONGRESS,Ward
EKU,Ward 79700067,33010108,TSHEPO THEMBA,2635,24,561,DEMOCRATIC ALLIANCE,Ward
EKU,Ward 79700067,33010108,TSHEPO THEMBA,2635,24,192,ECONOMIC FREEDOM FIGHTERS,Ward
EKU,Ward 79700067,33010108,TSHEPO THEMBA,2635,24,128,ACTIONSA,Ward
EKU,Ward 79700067,33010120,EMMANUEL BAPTIST CHURCH,1988,16,477,AFRICAN NATIONAL CONGRESS,Ward
EKU,Ward 79700067,33010120,EMMANUEL BAPTIST CHURCH,1988,16,371,DEMOCRATIC ALLIANCE,Ward
EKU,Ward 79700067,33010120,EMMANUEL BAPTIST CHURCH,1988,16,127,ECONOMIC FREEDOM FIGHTERS,Ward
EKU,Ward 79700067,33010120,EMMANUEL BAPTIST CHURCH,1988,16,85,ACTIONSA,Ward
EKU,Ward 79700068,33010265,MBIKWA CINDI HALL,2431,21,610,AFRICAN NATIONAL CONGRESS,Ward
EKU,Ward 79700068,33010265,MBIKWA CINDI HALL,2431,21,475,DEMOCRATIC ALLIANCE,Ward
EKU,Ward 79700068,33010265,MBIKWA CINDI HALL,2431,21,163,ECONOMIC FREEDOM FIGHTERS,Ward
EKU,Ward 79700068,33010265,MBIKWA CINDI HALL,2431,21,108,ACTIONSA,Ward
EKU,Ward 79700068,33010276,AFRICAN CATHOLIC CHURCH,1926,17,501,AFRICAN NATIONAL CONGRESS,Ward
EKU,Ward 79700068,33010276,AFRICAN CATHOLIC CHURCH,1926,17,390,DEMOCRATIC ALLIANCE,Ward
EKU,Ward 79700068,33010276,AFRICAN CATHOLIC CHURCH,1926,17,134,ECONOMIC FREEDOM FIGHTERS,Ward
EKU,Ward 79700068,33010276,AFRICAN CATHOLIC CHURCH,1926,17,89,ACTIONSA,Ward
EKU,Ward 79700068,33010287,SIPHETHU PRIMARY SCHOOL,1910,16,463,AFRICAN NATIONAL CONGRESS,Ward
EKU,Ward 79700068,33010287,SIPHETHU PRIMARY SCHOOL,1910,16,360,DEMOCRATIC ALLIANCE,Ward
EKU,Ward 79700068,33010287,SIPHETHU PRIMARY SCHOOL,1910,16,123,ECONOMIC FREEDOM FIGHTERS,Ward
EKU,Ward 79700068,33010287,SIPHETHU PRIMARY SCHOOL,1910,16,82,ACTIONSA,Ward
EKU,Ward 79700069,33010322,DAVEY SENIOR SECONDARY SCHOOL,987,8,225,AFRICAN NATIONAL CONGRESS,Ward
EKU,Ward 79700069,33010322,DAVEY SENIOR SECONDARY SCHOOL,987,8,175,DEMOCRATIC ALLIANCE,Ward
EKU,Ward 79700069,33010322,DAVEY SENIOR SECONDARY SCHOOL,987,8,60,ECONOMIC FREEDOM FIGHTERS,Ward
EKU,Ward 79700069,33010322,DAVEY SENIOR SECONDARY SCHOOL,987,8,40,ACTIONSA,Ward
EKU,Ward 79700069,33010333,HB NYATHI SECONDARY SCHOOL,1185,10,297,AFRICAN NATIONAL CONGRESS,Ward
EKU,Ward 79700069,33010333,HB NYATHI SECONDARY SCHOOL,1185,10,231,DEMOCRATIC ALLIANCE,Ward
EKU,Ward 79700069,33010333,HB NYATHI SECONDARY SCHOOL,1185,10,79,ECONOMIC FREEDOM FIGHTERS,Ward
EKU,Ward 79700069,33010333,HB NYATHI SECONDARY SCHOOL,1185,10,53,ACTIONSA,Ward
EKU,Ward 79700069,33010344,BHEKIMFUNDO PRIMARY SCHOOL,2685,22,639,AFRICAN NATIONAL CONGRESS,Ward
EKU,Ward 79700069,33010344,BHEKIMFUNDO PRIMARY SCHOOL,2685,22,497,DEMOCRATIC ALLIANCE,Ward
EKU,Ward 79700069,33010344,BHEKIMFUNDO PRIMARY SCHOOL,2685,22,170,ECONOMIC FREEDOM FIGHTERS,Ward
EKU,Ward 79700069,33010344,BHEKIMFUNDO PRIMARY SCHOOL,2685,22,114,ACTIONSA,Ward
EKU,Ward 79700070,33010412,RIVONI SECONDARY SCHOOL,1997,16,471,AFRICAN NATIONAL CONGRESS,Ward
EKU,Ward 79700070,33010412,RIVONI SECONDARY SCHOOL,1997,16,366,DEMOCRATIC ALLIANCE,Ward
EKU,Ward 79700070,33010412,RIVONI SECONDARY SCHOOL,1997,16,126,ECONOMIC FREEDOM FIGHTERS,Ward
EKU,Ward 79700070,33010412,RIVONI SECONDARY SCHOOL,1997,16,84,ACTIONSA,Ward
EKU,Ward 79700070,33010423,KGALEMA PRIMARY SCHOOL,1931,16,462,AFRICAN NATIONAL CONGRESS,Ward
EKU,Ward 79700070,33010423,KGALEMA PRIMARY SCHOOL,1931,16,359,DEMOCRATIC ALLIANCE,Ward
EKU,Ward 79700070,33010423,KGALEMA PRIMARY SCHOOL,1931,16,123,ECONOMIC FREEDOM FIGHTERS,Ward
EKU,Ward 79700070,33010423,KGALEMA PRIMARY SCHOOL,1931,16,82,ACTIONSA,Ward
EKU,Ward 79700070,33010434,BAIKAGETSE INTERMEDIATE SCHOOL,2411,18,543,AFRICAN NATIONAL CONGRESS,Ward
EKU,Ward 79700070,33010434,BAIKAGETSE INTERMEDIATE SCHOOL,2411,18,422,DEMOCRATIC ALLIANCE,Ward
EKU,Ward 79700070,33010434,BAIKAGETSE INTERMEDIATE SCHOOL,2411,18,145,ECONOMIC FREEDOM FIGHTERS,Ward
EKU,Ward 79700070,33010434,BAIKAGETSE INTERMEDIATE SCHOOL,2411,18,96,ACTIONSA,Ward
EKU,Ward 79700071,33010445,VICTOR NDLAZILWANE HALL,2561,17,515,AFRICAN NATIONAL CONGRESS,Ward
EKU,Ward 79700071,33010445,VICTOR NDLAZILWANE HALL,2561,17,400,DEMOCRATIC ALLIANCE,Ward
EKU,Ward 79700071,33010445,VICTOR NDLAZILWANE HALL,2561,17,137,ECONOMIC FREEDOM FIGHTERS,Ward
EKU,Ward 79700071,33010445,VICTOR NDLAZILWANE HALL,2561,17,92,ACTIONSA,Ward
EKU,Ward 79700071,33010535,TIMKEN YOUTH CENTRE,1659,14,414,AFRICAN NATIONAL CONGRESS,Ward
EKU,Ward 79700071,33010535,TIMKEN YOUTH CENTRE,1659,14,322,DEMOCRATIC ALLIANCE,Ward
EKU,Ward 79700071,33010535,TIMKEN YOUTH CENTRE,1659,14,110,ECONOMIC FREEDOM FIGHTERS,Ward
EKU,Ward 79700071,33010535,TIMKEN YOUTH CENTRE,1659,14,74,ACTIONSA,Ward
EKU,Ward 79700071,33010546,HULWAZI SCHOOL,2490,19,562,AFRICAN NATIONAL CONGRESS,Ward
EKU,Ward 79700071,33010546,HULWAZI SCHOOL,2490,19,437,DEMOCRATIC ALLIANCE,Ward
EKU,Ward 79700071,33010546,HULWAZI SCHOOL,2490,19,150,ECONOMIC FREEDOM FIGHTERS,Ward
EKU,Ward 79700071,33010546,HULWAZI SCHOOL,2490,19,100,ACTIONSA,Ward
EKU,Ward 79700072,33090106,MORESTER PRIMARY SCHOOL,2319,23,667,AFRICAN NATIONAL CONGRESS,Ward
EKU,Ward 79700072,33090106,MORESTER PRIMARY SCHOOL,2319,23,519,DEMOCRATIC ALLIANCE,Ward
EKU,Ward 79700072,33090106,MORESTER PRIMARY SCHOOL,2319,23,178,ECONOMIC FREEDOM FIGHTERS,Ward
EKU,Ward 79700072,33090106,MORESTER PRIMARY SCHOOL,2319,23,119,ACTIONSA,Ward
EKU,Ward 79700072,33090397,DR WK DU PLESSIS 2 (KLOP KLOPPIE),1761,17,516,AFRICAN NATIONAL CONGRESS,Ward
EKU,Ward 79700072,33090397,DR WK DU PLESSIS 2 (KLOP KLOPPIE),1761,17,401,DEMOCRATIC ALLIANCE,Ward
EKU,Ward 79700072,33090397,DR WK DU PLESSIS 2 (KLOP KLOPPIE),1761,17,138,ECONOMIC FREEDOM FIGHTERS,Ward
EKU,Ward 79700072,33090397,DR WK DU PLESSIS 2 (KLOP KLOPPIE),1761,17,92,ACTIONSA,Ward
EKU,Ward 79700072,33090409,JAMESON GIRLS HIGH SCHOOL,1633,17,497,AFRICAN NATIONAL CONGRESS,Ward
EKU,Ward 79700072,33090409,JAMESON GIRLS HIGH SCHOOL,1633,17,387,DEMOCRATIC ALLIANCE,Ward
EKU,Ward 79700072,33090409,JAMESON GIRLS HIGH SCHOOL,1633,17,133,ECONOMIC FREEDOM FIGHTERS,Ward
EKU,Ward 79700072,33090409,JAMESON GIRLS HIGH SCHOOL,1633,17,88,ACTIONSA,Ward
EKU,Ward 79700073,33010704,RON HOWIE HALL,1692,15,455,AFRICAN NATIONAL CONGRESS,Ward
EKU,Ward 79700073,33010704,RON HOWIE HALL,1692,15,354,DEMOCRATIC ALLIANCE,Ward
EKU,Ward 79700073,33010704,RON HOWIE HALL,1692,15,121,ECONOMIC FREEDOM FIGHTERS,Ward
EKU,Ward 79700073,33010704,RON HOWIE HALL,1692,15,81,ACTIONSA,Ward
EKU,Ward 79700073,33010737,WILLOW MOORE HIGH SCHOOL,1946,15,454,AFRICAN NATIONAL CONGRESS,Ward
EKU,Ward 79700073,33010737,WILLOW MOORE HIGH SCHOOL,1946,15,354,DEMOCRATIC ALLIANCE,Ward
EKU,Ward 79700073,33010737,WILLOW MOORE HIGH SCHOOL,1946,15,121,ECONOMIC FREEDOM FIGHTERS,Ward
EKU,Ward 79700073,33010737,WILLOW MOORE HIGH SCHOOL,1946,15,81,ACTIONSA,Ward
EKU,Ward 79700073,33010748,BENONI CITY HALL,3707,33,969,AFRICAN NATIONAL CONGRESS,Ward
EKU,Ward 79700073,33010748,BENONI CITY HALL,3707,33,754,DEMOCRATIC ALLIANCE,Ward
EKU,Ward 79700073,33010748,BENONI CITY HALL,3707,33,258,ECONOMIC FREEDOM FIGHTERS,Ward
EKU,Ward 79700073,33010748,BENONI CITY HALL,3707,33,172,ACTIONSA,Ward
EKU,Ward 79700074,33030469,GOSPEL TRUTH CHURH,1243,10,285,AFRICAN NATIONAL CONGRESS,Ward
EKU,Ward 79700074,33030469,GOSPEL TRUTH CHURH,1243,10,222,DEMOCRATIC ALLIANCE,Ward
EKU,Ward 79700074,33030469,GOSPEL TRUTH CHURH,1243,10,76,ECONOMIC FREEDOM FIGHTERS,Ward
EKU,Ward 79700074,33030469,GOSPEL TRUTH CHURH,1243,10,51,ACTIONSA,Ward
EKU,Ward 79700074,33090195,MARGARET MALTMAN CRECHE,2491,22,647,AFRICAN NATIONAL CONGRESS,Ward
EKU,Ward 79700074,33090195,MARGARET MALTMAN CRECHE,2491,22,503,DEMOCRATIC ALLIANCE,Ward
EKU,Ward 79700074,33090195,MARGARET MALTMAN CRECHE,2491,22,173,ECONOMIC FREEDOM FIGHTERS,Ward
EKU,Ward 79700074,33090195,MARGARET MALTMAN CRECHE,2491,22,115,ACTIONSA,Ward
EKU,Ward 79700074,33090207,THEO TWALA PRIMARY SCHOOL,2611,21,619,AFRICAN NATIONAL CONGRESS,Ward
EKU,Ward 79700074,33090207,THEO TWALA PRIMARY SCHOOL,2611,21,482,DEMOCRATIC ALLIANCE,Ward
EKU,Ward 79700074,33090207,THEO TWALA PRIMARY SCHOOL,2611,21,165,ECONOMIC FREEDOM FIGHTERS,Ward
EKU,Ward 79700074,33090207,THEO TWALA PRIMARY SCHOOL,2611,21,110,ACTIONSA,Ward
EKU,Ward 79700075,33090117,WELGEDAG PRIMARY SCHOOL,2040,18,521,AFRICAN NATIONAL CONGRESS,Ward
EKU,Ward 79700075,33090117,WELGEDAG PRIMARY SCHOOL,2040,18,405,DEMOCRATIC ALLIANCE,Ward
EKU,Ward 79700075,33090117,WELGEDAG PRIMARY SCHOOL,2040,18,139,ECONOMIC FREEDOM FIGHTERS,Ward
EKU,Ward 79700075,33090117,WELGEDAG PRIMARY SCHOOL,2040,18,93,ACTIONSA,Ward
EKU,Ward 79700075,33090218,VUKUCINGE PRIMARY SCHOOL,2655,21,625,AFRICAN NATIONAL CONGRESS,Ward
EKU,Ward 79700075,33090218,VUKUCINGE PRIMARY SCHOOL,2655,21,486,DEMOCRATIC ALLIANCE,Ward
EKU,Ward 79700075,33090218,VUKUCINGE PRIMARY SCHOOL,2655,21,167,ECONOMIC FREEDOM FIGHTERS,Ward
EKU,Ward 79700075,33090218,VUKUCINGE PRIMARY SCHOOL,2655,21,111,ACTIONSA,Ward
EKU,Ward 79700075,33090342,LAERSKOOL WERDA,1719,16,463,AFRICAN NATIONAL CONGRESS,Ward
EKU,Ward 79700075,33090342,LAERSKOOL WERDA,1719,16,360,DEMOCRATIC ALLIANCE,Ward
EKU,Ward 79700075,33090342,LAERSKOOL WERDA,1719,16,123,ECONOMIC FREEDOM FIGHTERS,Ward
EKU,Ward 79700075,33090342,LAERSKOOL WERDA,1719,16,82,ACTIONSA,Ward
EKU,Ward 79700076,33090285,SPRINGS GIRLS HIGH SCHOOL,2340,24,724,AFRICAN NATIONAL CONGRESS,Ward
EKU,Ward 79700076,33090285,SPRINGS GIRLS HIGH SCHOOL,2340,24,563,DEMOCRATIC ALLIANCE,Ward
EKU,Ward 79700076,33090285,SPRINGS GIRLS HIGH SCHOOL,2340,24,193,ECONOMIC FREEDOM FIGHTERS,Ward
EKU,Ward 79700076,33090285,SPRINGS GIRLS HIGH SCHOOL,2340,24,129,ACTIONSA,Ward
EKU,Ward 79700076,33090296,TENT-NEXT TO ST CATHRINE`S CATHOLIC CHURCH,1858,20,593,AFRICAN NATIONAL CONGRESS,Ward
EKU,Ward 79700076,33090296,TENT-NEXT TO ST CATHRINE`S CATHOLIC CHURCH,1858,20,461,DEMOCRATIC ALLIANCE,Ward
EKU,Ward 79700076,33090296,TENT-NEXT TO ST CATHRINE`S CATHOLIC CHURCH,1858,20,158,ECONOMIC FREEDOM FIGHTERS,Ward
EKU,Ward 79700076,33090296,TENT-NEXT TO ST CATHRINE`S CATHOLIC CHURCH,1858,20,105,ACTIONSA,Ward
EKU,Ward 79700076,33090308,LAERSKOOL SELECTION PARK,2891,28,841,AFRICAN NATIONAL CONGRESS,Ward
EKU,Ward 79700076,33090308,LAERSKOOL SELECTION PARK,2891,28,654,DEMOCRATIC ALLIANCE,Ward
EKU,Ward 79700076,33090308,LAERSKOOL SELECTION PARK,2891,28,224,ECONOMIC FREEDOM FIGHTERS,Ward
EKU,Ward 79700076,33090308,LAERSKOOL SELECTION PARK,2891,28,150,ACTIONSA,Ward
EKU,Ward 79700077,33090027,KWATHEMA PRIMARY SCHOOL,2196,19,568,AFRICAN NATIONAL CONGRESS,Ward
EKU,Ward 79700077,33090027,KWATHEMA PRIMARY SCHOOL,2196,19,442,DEMOCRATIC ALLIANCE,Ward
EKU,Ward 79700077,33090027,KWATHEMA PRIMARY SCHOOL,2196,19,151,ECONOMIC FREEDOM FIGHTERS,Ward
EKU,Ward 79700077,33090027,KWATHEMA PRIMARY SCHOOL,2196,19,101,ACTIONSA,Ward
EKU,Ward 79700077,33090050,NKABINDE PRIMARY SCHOOL,1910,17,516,AFRICAN NATIONAL CONGRESS,Ward
EKU,Ward 79700077,33090050,NKABINDE PRIMARY SCHOOL,1910,17,401,DEMOCRATIC ALLIANCE,Ward
EKU,Ward 79700077,33090050,NKABINDE PRIMARY SCHOOL,1910,17,138,ECONOMIC FREEDOM FIGHTERS,Ward
EKU,Ward 79700077,33090050,NKABINDE PRIMARY SCHOOL,1910,17,92,ACTIONSA,Ward
EKU,Ward 79700077,33090173,PHULONG SECONDARY SCHOOL,2521,20,593,AFRICAN NATIONAL CONGRESS,Ward
EKU,Ward 79700077,33090173,PHULONG SECONDARY SCHOOL,2521,20,461,DEMOCRATIC ALLIANCE,Ward
EKU,Ward 79700077,33090173,PHULONG SECONDARY SCHOOL,2521,20,158,ECONOMIC FREEDOM FIGHTERS,Ward
EKU,Ward 79700077,33090173,PHULONG SECONDARY SCHOOL,2521,20,105,ACTIONSA,Ward
EKU,Ward 79700078,33090128,MASIMINI PRIMARY SCHOOL,2407,18,529,AFRICAN NATIONAL CONGRESS,Ward
EKU,Ward 79700078,33090128,MASIMINI PRIMARY SCHOOL,2407,18,412,DEMOCRATIC ALLIANCE,Ward
EKU,Ward 79700078,33090128,MASIMINI PRIMARY SCHOOL,2407,18,141,ECONOMIC FREEDOM FIGHTERS,Ward
EKU,Ward 79700078,33090128,MASIMINI PRIMARY SCHOOL,2407,18,94,ACTIONSA,Ward
EKU,Ward 79700078,33090139,ITHEMBALIKAZULU SENIOR PRIMARY SCHOOL,1973,16,468,AFRICAN NATIONAL CONGRESS,Ward
EKU,Ward 79700078,33090139,ITHEMBALIKAZULU SENIOR PRIMARY SCHOOL,1973,16,364,DEMOCRATIC ALLIANCE,Ward
EKU,Ward 79700078,33090139,ITHEMBALIKAZULU SENIOR PRIMARY SCHOOL,1973,16,125,ECONOMIC FREEDOM FIGHTERS,Ward
EKU,Ward 79700078,33090139,ITHEMBALIKAZULU SENIOR PRIMARY SCHOOL,1973,16,83,ACTIONSA,Ward
EKU,Ward 79700078,33090151,JOB MASEKO PRIMARY SCHOOL,2468,19,570,AFRICAN NATIONAL CONGRESS,Ward
EKU,Ward 79700078,33090151,JOB MASEKO PRIMARY SCHOOL,2468,19,443,DEMOCRATIC ALLIANCE,Ward
EKU,Ward 79700078,33090151,JOB MASEKO PRIMARY SCHOOL,2468,19,152,ECONOMIC FREEDOM FIGHTERS,Ward
EKU,Ward 79700078,33090151,JOB MASEKO PRIMARY SCHOOL,2468,19,101,ACTIONSA,Ward
EKU,Ward 79700079,33030111,LED OFFICE (NEXT TO SANCOPAYPOINT),2942,18,525,AFRICAN NATIONAL CONGRESS,Ward
EKU,Ward 79700079,33030111,LED OFFICE (NEXT TO SANCOPAYPOINT),2942,18,408,DEMOCRATIC ALLIANCE,Ward
EKU,Ward 79700079,33030111,LED OFFICE (NEXT TO SANCOPAYPOINT),2942,18,140,ECONOMIC FREEDOM FIGHTERS,Ward
EKU,Ward 79700079,33030111,LED OFFICE (NEXT TO SANCOPAYPOINT),2942,18,93,ACTIONSA,Ward
EKU,Ward 79700079,33030122,ITHOPIA CHURCH,2458,17,509,AFRICAN NATIONAL CONGRESS,Ward
EKU,Ward 79700079,33030122,ITHOPIA CHURCH,2458,17,396,DEMOCRATIC ALLIANCE,Ward
EKU,Ward 79700079,33030122,ITHOPIA CHURCH,2458,17,136,ECONOMIC FREEDOM FIGHTERS,Ward
EKU,Ward 79700079,33030122,ITHOPIA CHURCH,2458,17,91,ACTIONSA,Ward
EKU,Ward 79700079,33030133,LANGAVILLE SECONDARY SCHOOL,2530,21,613,AFRICAN NATIONAL CONGRESS,Ward
EKU,Ward 79700079,33030133,LANGAVILLE SECONDARY SCHOOL,2530,21,477,DEMOCRATIC ALLIANCE,Ward
EKU,Ward 79700079,33030133,LANGAVILLE SECONDARY SCHOOL,2530,21,164,ECONOMIC FREEDOM FIGHTERS,Ward
EKU,Ward 79700079,33030133,LANGAVILLE SECONDARY SCHOOL,2530,21,109,ACTIONSA,Ward
EKU,Ward 79700080,33090016,EBENNEZER DAYCARE AND CRECHE,2704,22,654,AFRICAN NATIONAL CONGRESS,Ward
EKU,Ward 79700080,33090016,EBENNEZER DAYCARE AND CRECHE,2704,22,509,DEMOCRATIC ALLIANCE,Ward
EKU,Ward 79700080,33090016,EBENNEZER DAYCARE AND CRECHE,2704,22,174,ECONOMIC FREEDOM FIGHTERS,Ward
EKU,Ward 79700080,33090016,EBENNEZER DAYCARE AND CRECHE,2704,22,116,ACTIONSA,Ward
EKU,Ward 79700080,33090038,MUZOMSHA PRIMARY SCHOOL,2632,20,579,AFRICAN NATIONAL CONGRESS,Ward
EKU,Ward 79700080,33090038,MUZOMSHA PRIMARY SCHOOL,2632,20,450,DEMOCRATIC ALLIANCE,Ward
EKU,Ward 79700080,33090038,MUZOMSHA PRIMARY SCHOOL,2632,20,154,ECONOMIC FREEDOM FIGHTERS,Ward
EKU,Ward 79700080,33090038,MUZOMSHA PRIMARY SCHOOL,2632,20,103,ACTIONSA,Ward
EKU,Ward 79700080,33090049,ST MATTHEWS METHODIST CHURCH,1033,9,279,AFRICAN NATIONAL CONGRESS,Ward
EKU,Ward 79700080,33090049,ST MATTHEWS METHODIST CHURCH,1033,9,217,DEMOCRATIC ALLIANCE,Ward
EKU,Ward 79700080,33090049,ST MATTHEWS METHODIST CHURCH,1033,9,74,ECONOMIC FREEDOM FIGHTERS,Ward
EKU,Ward 79700080,33090049,ST MATTHEWS METHODIST CHURCH,1033,9,50,ACTIONSA,Ward
EKU,Ward 79700081,33030144,MENZI PRIMARY SCHOOL,2555,21,606,AFRICAN NATIONAL CONGRESS,Ward
EKU,Ward 79700081,33030144,MENZI PRIMARY SCHOOL,2555,21,471,DEMOCRATIC ALLIANCE,Ward
EKU,Ward 79700081,33030144,MENZI PRIMARY SCHOOL,2555,21,162,ECONOMIC FREEDOM FIGHTERS,Ward
EKU,Ward 79700081,33030144,MENZI PRIMARY SCHOOL,2555,21,108,ACTIONSA,Ward
EKU,Ward 79700081,33030155,ROMAN CATHOLIC CHURCH,1851,16,471,AFRICAN NATIONAL CONGRESS,Ward
EKU,Ward 79700081,33030155,ROMAN CATHOLIC CHURCH,1851,16,366,DEMOCRATIC ALLIANCE,Ward
EKU,Ward 79700081,33030155,ROMAN CATHOLIC CHURCH,1851,16,126,ECONOMIC FREEDOM FIGHTERS,Ward
EKU,Ward 79700081,33030155,ROMAN CATHOLIC CHURCH,1851,16,84,ACTIONSA,Ward
EKU,Ward 79700081,33030166,NEW AFRICAN GAZA CHURCH,2265,16,461,AFRICAN NATIONAL CONGRESS,Ward
EKU,Ward 79700081,33030166,NEW AFRICAN GAZA CHURCH,2265,16,359,DEMOCRATIC ALLIANCE,Ward
EKU,Ward 79700081,33030166,NEW AFRICAN GAZA CHURCH,2265,16,123,ECONOMIC FREEDOM FIGHTERS,Ward
EKU,Ward 79700081,33030166,NEW AFRICAN GAZA CHURCH,2265,16,82,ACTIONSA,Ward
EKU,Ward 79700082,33030199,J E MALEPE SECONDARY SCHOOL,2439,21,628,AFRICAN NATIONAL CONGRESS,Ward
EKU,Ward 79700082,33030199,J E MALEPE SECONDARY SCHOOL,2439,21,489,DEMOCRATIC ALLIANCE,Ward
EKU,Ward 79700082,33030199,J E MALEPE SECONDARY SCHOOL,2439,21,168,ECONOMIC FREEDOM FIGHTERS,Ward
EKU,Ward 79700082,33030199,J E MALEPE SECONDARY SCHOOL,2439,21,112,ACTIONSA,Ward
EKU,Ward 79700082,33030201,MICHAEL ZULU SCHOOL,2638,24,701,AFRICAN NATIONAL CONGRESS,Ward
EKU,Ward 79700082,33030201,MICHAEL ZULU SCHOOL,2638,24,545,DEMOCRATIC ALLIANCE,Ward
EKU,Ward 79700082,33030201,MICHAEL ZULU SCHOOL,2638,24,187,ECONOMIC FREEDOM FIGHTERS,Ward
EKU,Ward 79700082,33030201,MICHAEL ZULU SCHOOL,2638,24,125,ACTIONSA,Ward
EKU,Ward 79700082,33030212,AGC CHURCH,1396,12,355,AFRICAN NATIONAL CONGRESS,Ward
EKU,Ward 79700082,33030212,AGC CHURCH,1396,12,276,DEMOCRATIC ALLIANCE,Ward
EKU,Ward 79700082,33030212,AGC CHURCH,1396,12,95,ECONOMIC FREEDOM FIGHTERS,Ward
EKU,Ward 79700082,33030212,AGC CHURCH,1396,12,63,ACTIONSA,Ward
EKU,Ward 79700083,33030223,THOLULWAZI SCHOOL,2669,22,644,AFRICAN NATIONAL CONGRESS,Ward
EKU,Ward 79700083,33030223,THOLULWAZI SCHOOL,2669,22,501,DEMOCRATIC ALLIANCE,Ward
EKU,Ward 79700083,33030223,THOLULWAZI SCHOOL,2669,22,172,ECONOMIC FREEDOM FIGHTERS,Ward
EKU,Ward 79700083,33030223,THOLULWAZI SCHOOL,2669,22,114,ACTIONSA,Ward
EKU,Ward 79700083,33030234,SHADRACK MBAMBO PRIMARY SCHOOL,2049,18,539,AFRICAN NATIONAL CONGRESS,Ward
EKU,Ward 79700083,33030234,SHADRACK MBAMBO PRIMARY SCHOOL,2049,18,419,DEMOCRATIC ALLIANCE,Ward
EKU,Ward 79700083,33030234,SHADRACK MBAMBO PRIMARY SCHOOL,2049,18,144,ECONOMIC FREEDOM FIGHTERS,Ward
EKU,Ward 79700083,33030234,SHADRACK MBAMBO PRIMARY SCHOOL,2049,18,96,ACTIONSA,Ward
EKU,Ward 79700083,33030245,MANGOSUTHU SCHOOL,2077,17,508,AFRICAN NATIONAL CONGRESS,Ward
EKU,Ward 79700083,33030245,MANGOSUTHU SCHOOL,2077,17,395,DEMOCRATIC ALLIANCE,Ward
EKU,Ward 79700083,33030245,MANGOSUTHU SCHOOL,2077,17,135,ECONOMIC FREEDOM FIGHTERS,Ward
EKU,Ward 79700083,33030245,MANGOSUTHU SCHOOL,2077,17,90,ACTIONSA,Ward
EKU,Ward 79700084,33030324,RESHOGOFADITSWE SECONDARY SCHOOL,3286,27,796,AFRICAN NATIONAL CONGRESS,Ward
EKU,Ward 79700084,33030324,RESHOGOFADITSWE SECONDARY SCHOOL,3286,27,619,DEMOCRATIC ALLIANCE,Ward
EKU,Ward 79700084,33030324,RESHOGOFADITSWE SECONDARY SCHOOL,3286,27,212,ECONOMIC FREEDOM FIGHTERS,Ward
EKU,Ward 79700084,33030324,RESHOGOFADITSWE SECONDARY SCHOOL,3286,27,141,ACTIONSA,Ward
EKU,Ward 79700084,33030335,TSAKANE EXT 17 TENT,3340,23,692,AFRICAN NATIONAL CONGRESS,Ward
EKU,Ward 79700084,33030335,TSAKANE EXT 17 TENT,3340,23,538,DEMOCRATIC ALLIANCE,Ward
EKU,Ward 79700084,33030335,TSAKANE EXT 17 TENT,3340,23,184,ECONOMIC FREEDOM FIGHTERS,Ward
EKU,Ward 79700084,33030335,TSAKANE EXT 17 TENT,3340,23,123,ACTIONSA,Ward
EKU,Ward 79700084,33030346,EKUPHILENI CRECHE,1775,15,456,AFRICAN NATIONAL CONGRESS,Ward
EKU,Ward 79700084,33030346,EKUPHILENI CRECHE,1775,15,355,DEMOCRATIC ALLIANCE,Ward
EKU,Ward 79700084,33030346,EKUPHILENI CRECHE,1775,15,122,ECONOMIC FREEDOM FIGHTERS,Ward
EKU,Ward 79700084,33030346,EKUPHILENI CRECHE,1775,15,81,ACTIONSA,Ward
EKU,Ward 79700085,33030010,HOLINESS UNION CHURCH,2360,20,594,AFRICAN NATIONAL CONGRESS,Ward
EKU,Ward 79700085,33030010,HOLINESS UNION CHURCH,2360,20,462,DEMOCRATIC ALLIANCE,Ward
EKU,Ward 79700085,33030010,HOLINESS UNION CHURCH,2360,20,158,ECONOMIC FREEDOM FIGHTERS,Ward
EKU,Ward 79700085,33030010,HOLINESS UNION CHURCH,2360,20,106,ACTIONSA,Ward
EKU,Ward 79700085,33030278,LETSIE PRIMARY SCHOOL,2088,19,548,AFRICAN NATIONAL CONGRESS,Ward
EKU,Ward 79700085,33030278,LETSIE PRIMARY SCHOOL,2088,19,426,DEMOCRATIC ALLIANCE,Ward
EKU,Ward 79700085,33030278,LETSIE PRIMARY SCHOOL,2088,19,146,ECONOMIC FREEDOM FIGHTERS,Ward
EKU,Ward 79700085,33030278,LETSIE PRIMARY SCHOOL,2088,19,97,ACTIONSA,Ward
EKU,Ward 79700085,33030302,NCHABELENG SCHOOL,2293,20,588,AFRICAN NATIONAL CONGRESS,Ward
EKU,Ward 79700085,33030302,NCHABELENG SCHOOL,2293,20,457,DEMOCRATIC ALLIANCE,Ward
EKU,Ward 79700085,33030302,NCHABELENG SCHOOL,2293,20,157,ECONOMIC FREEDOM FIGHTERS,Ward
EKU,Ward 79700085,33030302,NCHABELENG SCHOOL,2293,20,104,ACTIONSA,Ward
EKU,Ward 79700086,33030537,TENT EXTENSION 17 OPEN SPACE NXT TO HOUSE NO 176,1463,13,397,AFRICAN NATIONAL CONGRESS,Ward
EKU,Ward 79700086,33030537,TENT EXTENSION 17 OPEN SPACE NXT TO HOUSE NO 176,1463,13,309,DEMOCRATIC ALLIANCE,Ward
EKU,Ward 79700086,33030537,TENT EXTENSION 17 OPEN SPACE NXT TO HOUSE NO 176,1463,13,106,ECONOMIC FREEDOM FIGHTERS,Ward
EKU,Ward 79700086,33030537,TENT EXTENSION 17 OPEN SPACE NXT TO HOUSE NO 176,1463,13,71,ACTIONSA,Ward
EKU,Ward 79700086,33030582,RIVER OF LIFE CHURCH,932,7,198,AFRICAN NATIONAL CONGRESS,Ward
EKU,Ward 79700086,33030582,RIVER OF LIFE CHURCH,932,7,154,DEMOCRATIC ALLIANCE,Ward
EKU,Ward 79700086,33030582,RIVER OF LIFE CHURCH,932,7,53,ECONOMIC FREEDOM FIGHTERS,Ward
EKU,Ward 79700086,33030582,RIVER OF LIFE CHURCH,932,7,35,ACTIONSA,Ward
EKU,Ward 79700086,33080105,ASSER MALOKA HIGH SCHOOL,1646,16,478,AFRICAN NATIONAL CONGRESS,Ward
EKU,Ward 79700086,33080105,ASSER MALOKA HIGH SCHOOL,1646,16,372,DEMOCRATIC ALLIANCE,Ward
EKU,Ward 79700086,33080105,ASSER MALOKA HIGH SCHOOL,1646,16,128,ECONOMIC FREEDOM FIGHTERS,Ward
EKU,Ward 79700086,33080105,ASSER MALOKA HIGH SCHOOL,1646,16,85,ACTIONSA,Ward
EKU,Ward 79700087,33080060,MASECHABAVIEW (SEAD)CLINIC,2086,18,540,AFRICAN NATIONAL CONGRESS,Ward
EKU,Ward 79700087,33080060,MASECHABAVIEW (SEAD)CLINIC,2086,18,420,DEMOCRATIC ALLIANCE,Ward
EKU,Ward 79700087,33080060,MASECHABAVIEW (SEAD)CLINIC,2086,18,144,ECONOMIC FREEDOM FIGHTERS,Ward
EKU,Ward 79700087,33080060,MASECHABAVIEW (SEAD)CLINIC,2086,18,96,ACTIONSA,Ward
EKU,Ward 79700087,33080071,TENT (NEXT TO RETENTION DAM),3756,33,986,AFRICAN NATIONAL CONGRESS,Ward
EKU,Ward 79700087,33080071,TENT (NEXT TO RETENTION DAM),3756,33,767,DEMOCRATIC ALLIANCE,Ward
EKU,Ward 79700087,33080071,TENT (NEXT TO RETENTION DAM),3756,33,263,ECONOMIC FREEDOM FIGHTERS,Ward
EKU,Ward 79700087,33080071,TENT (NEXT TO RETENTION DAM),3756,33,175,ACTIONSA,Ward
EKU,Ward 79700087,33080093,DUDUZA MULTIPURPOSE CENTRE,1365,11,332,AFRICAN NATIONAL CONGRESS,Ward
EKU,Ward 79700087,33080093,DUDUZA MULTIPURPOSE CENTRE,1365,11,258,DEMOCRATIC ALLIANCE,Ward
EKU,Ward 79700087,33080093,DUDUZA MULTIPURPOSE CENTRE,1365,11,89,ECONOMIC FREEDOM FIGHTERS,Ward
EKU,Ward 79700087,33080093,DUDUZA MULTIPURPOSE CENTRE,1365,11,59,ACTIONSA,Ward
EKU,Ward 79700088,33080015,MACKENZIEVILLE COMMUNITY HALL,2510,22,662,AFRICAN NATIONAL CONGRESS,Ward
EKU,Ward 79700088,33080015,MACKENZIEVILLE COMMUNITY HALL,2510,22,515,DEMOCRATIC ALLIANCE,Ward
EKU,Ward 79700088,33080015,MACKENZIEVILLE COMMUNITY HALL,2510,22,177,ECONOMIC FREEDOM FIGHTERS,Ward
EKU,Ward 79700088,33080015,MACKENZIEVILLE COMMUNITY HALL,2510,22,118,ACTIONSA,Ward
EKU,Ward 79700088,33080026,ALRAPARK COMMUNITY HALL,2697,23,690,AFRICAN NATIONAL CONGRESS,Ward
EKU,Ward 79700088,33080026,ALRAPARK COMMUNITY HALL,2697,23,537,DEMOCRATIC ALLIANCE,Ward
EKU,Ward 79700088,33080026,ALRAPARK COMMUNITY HALL,2697,23,184,ECONOMIC FREEDOM FIGHTERS,Ward
EKU,Ward 79700088,33080026,ALRAPARK COMMUNITY HALL,2697,23,123,ACTIONSA,Ward
EKU,Ward 79700088,33080037,NIGEL HIGH SCHOOL,2838,30,873,AFRICAN NATIONAL CONGRESS,Ward
EKU,Ward 79700088,33080037,NIGEL HIGH SCHOOL,2838,30,679,DEMOCRATIC ALLIANCE,Ward
EKU,Ward 79700088,33080037,NIGEL HIGH SCHOOL,2838,30,233,ECONOMIC FREEDOM FIGHTERS,Ward
EKU,Ward 79700088,33080037,NIGEL HIGH SCHOOL,2838,30,155,ACTIONSA,Ward
EKU,Ward 79700089,32890406,TERSIA KING LEARNING ACADEMY,2322,19,557,AFRICAN NATIONAL CONGRESS,Ward
EKU,Ward 79700089,32890406,TERSIA KING LEARNING ACADEMY,2322,19,433,DEMOCRATIC ALLIANCE,Ward
EKU,Ward 79700089,32890406,TERSIA KING LEARNING ACADEMY,2322,19,148,ECONOMIC FREEDOM FIGHTERS,Ward
EKU,Ward 79700089,32890406,TERSIA KING LEARNING ACADEMY,2322,19,99,ACTIONSA,Ward
EKU,Ward 79700089,32890619,AFRICAN COPTIC ORTHODOX CHURCH,2711,19,561,AFRICAN NATIONAL CONGRESS,Ward
EKU,Ward 79700089,32890619,AFRICAN COPTIC ORTHODOX CHURCH,2711,19,436,DEMOCRATIC ALLIANCE,Ward
EKU,Ward 79700089,32890619,AFRICAN COPTIC ORTHODOX CHURCH,2711,19,150,ECONOMIC FREEDOM FIGHTERS,Ward
EKU,Ward 79700089,32890619,AFRICAN COPTIC ORTHODOX CHURCH,2711,19,100,ACTIONSA,Ward
EKU,Ward 79700089,32890653,THEMBINKOSI SCHOOL FOR LSEN,2562,18,531,AFRICAN NATIONAL CONGRESS,Ward
EKU,Ward 79700089,32890653,THEMBINKOSI SCHOOL FOR LSEN,2562,18,413,DEMOCRATIC ALLIANCE,Ward
EKU,Ward 79700089,32890653,THEMBINKOSI SCHOOL FOR LSEN,2562,18,142,ECONOMIC FREEDOM FIGHTERS,Ward
EKU,Ward 79700089,32890653,THEMBINKOSI SCHOOL FOR LSEN,2562,18,94,ACTIONSA,Ward
EKU,Ward 79700090,32890473,ARMOUR FOUNDATION PRIVATE SCHOOL,3510,20,591,AFRICAN NATIONAL CONGRESS,Ward
EKU,Ward 79700090,32890473,ARMOUR FOUNDATION PRIVATE SCHOOL,3510,20,460,DEMOCRATIC ALLIANCE,Ward
EKU,Ward 79700090,32890473,ARMOUR FOUNDATION PRIVATE SCHOOL,3510,20,158,ECONOMIC FREEDOM FIGHTERS,Ward
EKU,Ward 79700090,32890473,ARMOUR FOUNDATION PRIVATE SCHOOL,3510,20,105,ACTIONSA,Ward
EKU,Ward 79700090,32890642,EHLANZENI HOSTEL HALL,2499,15,443,AFRICAN NATIONAL CONGRESS,Ward
EKU,Ward 79700090,32890642,EHLANZENI HOSTEL HALL,2499,15,345,DEMOCRATIC ALLIANCE,Ward
EKU,Ward 79700090,32890642,EHLANZENI HOSTEL HALL,2499,15,118,ECONOMIC FREEDOM FIGHTERS,Ward
EKU,Ward 79700090,32890642,EHLANZENI HOSTEL HALL,2499,15,79,ACTIONSA,Ward
EKU,Ward 79700090,32890675,NCP HALL,3269,23,670,AFRICAN NATIONAL CONGRESS,Ward
EKU,Ward 79700090,32890675,NCP HALL,3269,23,521,DEMOCRATIC ALLIANCE,Ward
EKU,Ward 79700090,32890675,NCP HALL,3269,23,179,ECONOMIC FREEDOM FIGHTERS,Ward
EKU,Ward 79700090,32890675,NCP HALL,3269,23,119,ACTIONSA,Ward
EKU,Ward 79700091,32890484,COEN SCHOLTZ COMMUNITY CENTRE HALL,5109,49,1445,AFRICAN NATIONAL CONGRESS,Ward
EKU,Ward 79700091,32890484,COEN SCHOLTZ COMMUNITY CENTRE HALL,5109,49,1124,DEMOCRATIC ALLIANCE,Ward
EKU,Ward 79700091,32890484,COEN SCHOLTZ COMMUNITY CENTRE HALL,5109,49,385,ECONOMIC FREEDOM FIGHTERS,Ward
EKU,Ward 79700091,32890484,COEN SCHOLTZ COMMUNITY CENTRE HALL,5109,49,257,ACTIONSA,Ward
EKU,Ward 79700091,32890495,JEUGPARK LAERSKOOL,3764,37,1087,AFRICAN NATIONAL CONGRESS,Ward
EKU,Ward 79700091,32890495,JEUGPARK LAERSKOOL,3764,37,846,DEMOCRATIC ALLIANCE,Ward
EKU,Ward 79700091,32890495,JEUGPARK LAERSKOOL,3764,37,290,ECONOMIC FREEDOM FIGHTERS,Ward
EKU,Ward 79700091,32890495,JEUGPARK LAERSKOOL,3764,37,193,ACTIONSA,Ward
EKU,Ward 79700091,32890518,NORKEM PARK PRIMARY SCHOOL,2582,27,806,AFRICAN NATIONAL CONGRESS,Ward
EKU,Ward 79700091,32890518,NORKEM PARK PRIMARY SCHOOL,2582,27,626,DEMOCRATIC ALLIANCE,Ward
EKU,Ward 79700091,32890518,NORKEM PARK PRIMARY SCHOOL,2582,27,215,ECONOMIC FREEDOM FIGHTERS,Ward
EKU,Ward 79700091,32890518,NORKEM PARK PRIMARY SCHOOL,2582,27,143,ACTIONSA,Ward
EKU,Ward 79700092,33060877,ITHEMBELIHLE LSEN SCHOOL,2101,22,651,AFRICAN NATIONAL CONGRESS,Ward
EKU,Ward 79700092,33060877,ITHEMBELIHLE LSEN SCHOOL,2101,22,506,DEMOCRATIC ALLIANCE,Ward
EKU,Ward 79700092,33060877,ITHEMBELIHLE LSEN SCHOOL,2101,22,174,ECONOMIC FREEDOM FIGHTERS,Ward
EKU,Ward 79700092,33060877,ITHEMBELIHLE LSEN SCHOOL,2101,22,116,ACTIONSA,Ward
EKU,Ward 79700092,33060888,GOUDRIF HIGH SCHOOL,3677,40,1184,AFRICAN NATIONAL CONGRESS,Ward
EKU,Ward 79700092,33060888,GOUDRIF HIGH SCHOOL,3677,40,921,DEMOCRATIC ALLIANCE,Ward
EKU,Ward 79700092,33060888,GOUDRIF HIGH SCHOOL,3677,40,316,ECONOMIC FREEDOM FIGHTERS,Ward
EKU,Ward 79700092,33060888,GOUDRIF HIGH SCHOOL,3677,40,211,ACTIONSA,Ward
EKU,Ward 79700092,33060899,LAERSKOOL OOSTERKRUIN,2530,27,801,AFRICAN NATIONAL CONGRESS,Ward
EKU,Ward 79700092,33060899,LAERSKOOL OOSTERKRUIN,2530,27,623,DEMOCRATIC ALLIANCE,Ward
EKU,Ward 79700092,33060899,LAERSKOOL OOSTERKRUIN,2530,27,214,ECONOMIC FREEDOM FIGHTERS,Ward
EKU,Ward 79700092,33060899,LAERSKOOL OOSTERKRUIN,2530,27,142,ACTIONSA,Ward
EKU,Ward 79700093,33020491,LIVING WATERS ASSEMBLY,3310,23,677,AFRICAN NATIONAL CONGRESS,Ward
EKU,Ward 79700093,33020491,LIVING WATERS ASSEMBLY,3310,23,526,DEMOCRATIC ALLIANCE,Ward
EKU,Ward 79700093,33020491,LIVING WATERS ASSEMBLY,3310,23,180,ECONOMIC FREEDOM FIGHTERS,Ward
EKU,Ward 79700093,33020491,LIVING WATERS ASSEMBLY,3310,23,120,ACTIONSA,Ward
EKU,Ward 79700093,33060754,GOOD HOPE PRE-SCHOOL,2799,18,523,AFRICAN NATIONAL CONGRESS,Ward
EKU,Ward 79700093,33060754,GOOD HOPE PRE-SCHOOL,2799,18,407,DEMOCRATIC ALLIANCE,Ward
EKU,Ward 79700093,33060754,GOOD HOPE PRE-SCHOOL,2799,18,139,ECONOMIC FREEDOM FIGHTERS,Ward
EKU,Ward 79700093,33060754,GOOD HOPE PRE-SCHOOL,2799,18,93,ACTIONSA,Ward
EKU,Ward 79700093,33060765,VUKUKHANYE PRE-SCHOOL,3967,19,548,AFRICAN NATIONAL CONGRESS,Ward
EKU,Ward 79700093,33060765,VUKUKHANYE PRE-SCHOOL,3967,19,426,DEMOCRATIC ALLIANCE,Ward
EKU,Ward 79700093,33060765,VUKUKHANYE PRE-SCHOOL,3967,19,146,ECONOMIC FREEDOM FIGHTERS,Ward
EKU,Ward 79700093,33060765,VUKUKHANYE PRE-SCHOOL,3967,19,97,ACTIONSA,Ward
EKU,Ward 79700094,33000220,BRACKEN PARK COMMUNITY HALL,4155,43,1256,AFRICAN NATIONAL CONGRESS,Ward
EKU,Ward 79700094,33000220,BRACKEN PARK COMMUNITY HALL,4155,43,977,DEMOCRATIC ALLIANCE,Ward
EKU,Ward 79700094,33000220,BRACKEN PARK COMMUNITY HALL,4155,43,335,ECONOMIC FREEDOM FIGHTERS,Ward
EKU,Ward 79700094,33000220,BRACKEN PARK COMMUNITY HALL,4155,43,223,ACTIONSA,Ward
EKU,Ward 79700094,33000264,ALBERTON FIRE STATION,4685,52,1551,AFRICAN NATIONAL CONGRESS,Ward
EKU,Ward 79700094,33000264,ALBERTON FIRE STATION,4685,52,1206,DEMOCRATIC ALLIANCE,Ward
EKU,Ward 79700094,33000264,ALBERTON FIRE STATION,4685,52,414,ECONOMIC FREEDOM FIGHTERS,Ward
EKU,Ward 79700094,33000264,ALBERTON FIRE STATION,4685,52,276,ACTIONSA,Ward
EKU,Ward 79700094,33000387,ST FRANCIS CHURCH,1599,19,553,AFRICAN NATIONAL CONGRESS,Ward
EKU,Ward 79700094,33000387,ST FRANCIS CHURCH,1599,19,430,DEMOCRATIC ALLIANCE,Ward
EKU,Ward 79700094,33000387,ST FRANCIS CHURCH,1599,19,147,ECONOMIC FREEDOM FIGHTERS,Ward
EKU,Ward 79700094,33000387,ST FRANCIS CHURCH,1599,19,98,ACTIONSA,Ward
EKU,Ward 79700095,33020019,LETHULWAZI SECONDARY SCHOOL,3982,33,977,AFRICAN NATIONAL CONGRESS,Ward
EKU,Ward 79700095,33020019,LETHULWAZI SECONDARY SCHOOL,3982,33,760,DEMOCRATIC ALLIANCE,Ward
EKU,Ward 79700095,33020019,LETHULWAZI SECONDARY SCHOOL,3982,33,261,ECONOMIC FREEDOM FIGHTERS,Ward
EKU,Ward 79700095,33020019,LETHULWAZI SECONDARY SCHOOL,3982,33,174,ACTIONSA,Ward
EKU,Ward 79700095,33020020,MAMPUDI PRIMARY SCHOOL,3357,27,788,AFRICAN NATIONAL CONGRESS,Ward
EKU,Ward 79700095,33020020,MAMPUDI PRIMARY SCHOOL,3357,27,613,DEMOCRATIC ALLIANCE,Ward
EKU,Ward 79700095,33020020,MAMPUDI PRIMARY SCHOOL,3357,27,210,ECONOMIC FREEDOM FIGHTERS,Ward
EKU,Ward 79700095,33020020,MAMPUDI PRIMARY SCHOOL,3357,27,140,ACTIONSA,Ward
EKU,Ward 79700095,33020615,VACANT SITE-MAPLETON EXT10 (TENT),3974,31,922,AFRICAN NATIONAL CONGRESS,Ward
EKU,Ward 79700095,33020615,VACANT SITE-MAPLETON EXT10 (TENT),3974,31,717,DEMOCRATIC ALLIANCE,Ward
EKU,Ward 79700095,33020615,VACANT SITE-MAPLETON EXT10 (TENT),3974,31,246,ECONOMIC FREEDOM FIGHTERS,Ward
EKU,Ward 79700095,33020615,VACANT SITE-MAPLETON EXT10 (TENT),3974,31,164,ACTIONSA,Ward
EKU,Ward 79700096,33010298,PUTFONTEIN PORTION 100 (TENT),3240,27,794,AFRICAN NATIONAL CONGRESS,Ward
EKU,Ward 79700096,33010298,PUTFONTEIN PORTION 100 (TENT),3240,27,618,DEMOCRATIC ALLIANCE,Ward
EKU,Ward 79700096,33010298,PUTFONTEIN PORTION 100 (TENT),3240,27,212,ECONOMIC FREEDOM FIGHTERS,Ward
EKU,Ward 79700096,33010298,PUTFONTEIN PORTION 100 (TENT),3240,27,141,ACTIONSA,Ward
EKU,Ward 79700096,33010311,PORTION 37 OF PUTFONTEIN,2770,23,682,AFRICAN NATIONAL CONGRESS,Ward
EKU,Ward 79700096,33010311,PORTION 37 OF PUTFONTEIN,2770,23,531,DEMOCRATIC ALLIANCE,Ward
EKU,Ward 79700096,33010311,PORTION 37 OF PUTFONTEIN,2770,23,182,ECONOMIC FREEDOM FIGHTERS,Ward
EKU,Ward 79700096,33010311,PORTION 37 OF PUTFONTEIN,2770,23,121,ACTIONSA,Ward
EKU,Ward 79700096,33010355,AFRICAN CHURCH,4385,34,994,AFRICAN NATIONAL CONGRESS,Ward
EKU,Ward 79700096,33010355,AFRICAN CHURCH,4385,34,773,DEMOCRATIC ALLIANCE,Ward
EKU,Ward 79700096,33010355,AFRICAN CHURCH,4385,34,265,ECONOMIC FREEDOM FIGHTERS,Ward
EKU,Ward 79700096,33010355,AFRICAN CHURCH,4385,34,177,ACTIONSA,Ward
EKU,Ward 79700097,33030021,INDOOR SPORTS CENTRE,2455,23,681,AFRICAN NATIONAL CONGRESS,Ward
EKU,Ward 79700097,33030021,INDOOR SPORTS CENTRE,2455,23,530,DEMOCRATIC ALLIANCE,Ward
EKU,Ward 79700097,33030021,INDOOR SPORTS CENTRE,2455,23,182,ECONOMIC FREEDOM FIGHTERS,Ward
EKU,Ward 79700097,33030021,INDOOR SPORTS CENTRE,2455,23,121,ACTIONSA,Ward
EKU,Ward 79700097,33030032,TOWN HALL,4006,34,1014,AFRICAN NATIONAL CONGRESS,Ward
EKU,Ward 79700097,33030032,TOWN HALL,4006,34,789,DEMOCRATIC ALLIANCE,Ward
EKU,Ward 79700097,33030032,TOWN HALL,4006,34,270,ECONOMIC FREEDOM FIGHTERS,Ward
EKU,Ward 79700097,33030032,TOWN HALL,4006,34,180,ACTIONSA,Ward
EKU,Ward 79700097,33030043,HOËRSKOOL DIE ANKER,3252,34,999,AFRICAN NATIONAL CONGRESS,Ward
EKU,Ward 79700097,33030043,HOËRSKOOL DIE ANKER,3252,34,777,DEMOCRATIC ALLIANCE,Ward
EKU,Ward 79700097,33030043,HOËRSKOOL DIE ANKER,3252,34,266,ECONOMIC FREEDOM FIGHTERS,Ward
EKU,Ward 79700097,33030043,HOËRSKOOL DIE ANKER,3252,34,178,ACTIONSA,Ward
EKU,Ward 79700098,33080138,LUCKY MKHWANAZI CLINIC,2883,24,712,AFRICAN NATIONAL CONGRESS,Ward
EKU,Ward 79700098,33080138,LUCKY MKHWANAZI CLINIC,2883,24,554,DEMOCRATIC ALLIANCE,Ward
EKU,Ward 79700098,33080138,LUCKY MKHWANAZI CLINIC,2883,24,190,ECONOMIC FREEDOM FIGHTERS,Ward
EKU,Ward 79700098,33080138,LUCKY MKHWANAZI CLINIC,2883,24,127,ACTIONSA,Ward
EKU,Ward 79700098,33080149,NN NDEBELE PRIMARY SCHOOL,2007,16,468,AFRICAN NATIONAL CONGRESS,Ward
EKU,Ward 79700098,33080149,NN NDEBELE PRIMARY SCHOOL,2007,16,364,DEMOCRATIC ALLIANCE,Ward
EKU,Ward 79700098,33080149,NN NDEBELE PRIMARY SCHOOL,2007,16,125,ECONOMIC FREEDOM FIGHTERS,Ward
EKU,Ward 79700098,33080149,NN NDEBELE PRIMARY SCHOOL,2007,16,83,ACTIONSA,Ward
EKU,Ward 79700098,33080172,IPHAHAMISENG PRIMARY SCHOOL,2024,18,521,AFRICAN NATIONAL CONGRESS,Ward
EKU,Ward 79700098,33080172,IPHAHAMISENG PRIMARY SCHOOL,2024,18,405,DEMOCRATIC ALLIANCE,Ward
EKU,Ward 79700098,33080172,IPHAHAMISENG PRIMARY SCHOOL,2024,18,139,ECONOMIC FREEDOM FIGHTERS,Ward
EKU,Ward 79700098,33080172,IPHAHAMISENG PRIMARY SCHOOL,2024,18,93,ACTIONSA,Ward
EKU,Ward 79700099,33020301,WINDMILL PARK PRIMARY SCHOOL,5717,41,1204,AFRICAN NATIONAL CONGRESS,Ward
EKU,Ward 79700099,33020301,WINDMILL PARK PRIMARY SCHOOL,5717,41,936,DEMOCRATIC ALLIANCE,Ward
EKU,Ward 79700099,33020301,WINDMILL PARK PRIMARY SCHOOL,5717,41,321,ECONOMIC FREEDOM FIGHTERS,Ward
EKU,Ward 79700099,33020301,WINDMILL PARK PRIMARY SCHOOL,5717,41,214,ACTIONSA,Ward
EKU,Ward 79700099,33020604,VACANT SITE ULUNDI TAXI RANK,4268,37,1101,AFRICAN NATIONAL CONGRESS,Ward
EKU,Ward 79700099,33020604,VACANT SITE ULUNDI TAXI RANK,4268,37,856,DEMOCRATIC ALLIANCE,Ward
EKU,Ward 79700099,33020604,VACANT SITE ULUNDI TAXI RANK,4268,37,294,ECONOMIC FREEDOM FIGHTERS,Ward
EKU,Ward 79700099,33020604,VACANT SITE ULUNDI TAXI RANK,4268,37,196,ACTIONSA,Ward
EKU,Ward 79700099,33020693,THULASIZWE PRIMARY SCHO0L,1643,13,384,AFRICAN NATIONAL CONGRESS,Ward
EKU,Ward 79700099,33020693,THULASIZWE PRIMARY SCHO0L,1643,13,299,DEMOCRATIC ALLIANCE,Ward
EKU,Ward 79700099,33020693,THULASIZWE PRIMARY SCHO0L,1643,13,102,ECONOMIC FREEDOM FIGHTERS,Ward
EKU,Ward 79700099,33020693,THULASIZWE PRIMARY SCHO0L,1643,13,68,ACTIONSA,Ward
EKU,Ward 79700100,32890147,MORITING PARK MUNICIPAL PROPERTY,2949,19,569,AFRICAN NATIONAL CONGRESS,Ward
EKU,Ward 79700100,32890147,MORITING PARK MUNICIPAL PROPERTY,2949,19,443,DEMOCRATIC ALLIANCE,Ward
EKU,Ward 79700100,32890147,MORITING PARK MUNICIPAL PROPERTY,2949,19,152,ECONOMIC FREEDOM FIGHTERS,Ward
EKU,Ward 79700100,32890147,MORITING PARK MUNICIPAL PROPERTY,2949,19,101,ACTIONSA,Ward
EKU,Ward 79700100,32890170,SETHOKGA HOSTEL HALL,4513,24,704,AFRICAN NATIONAL CONGRESS,Ward
EKU,Ward 79700100,32890170,SETHOKGA HOSTEL HALL,4513,24,547,DEMOCRATIC ALLIANCE,Ward
EKU,Ward 79700100,32890170,SETHOKGA HOSTEL HALL,4513,24,188,ECONOMIC FREEDOM FIGHTERS,Ward
EKU,Ward 79700100,32890170,SETHOKGA HOSTEL HALL,4513,24,125,ACTIONSA,Ward
EKU,Ward 79700100,32890181,SETHOKGA HOSTEL PARK,3284,20,586,AFRICAN NATIONAL CONGRESS,Ward
EKU,Ward 79700100,32890181,SETHOKGA HOSTEL PARK,3284,20,456,DEMOCRATIC ALLIANCE,Ward
EKU,Ward 79700100,32890181,SETHOKGA HOSTEL PARK,3284,20,156,ECONOMIC FREEDOM FIGHTERS,Ward
EKU,Ward 79700100,32890181,SETHOKGA HOSTEL PARK,3284,20,104,ACTIONSA,Ward
EKU,Ward 79700101,33060136,BAPTIST COMMUNITY  CHURCH,2908,23,666,AFRICAN NATIONAL CONGRESS,Ward
EKU,Ward 79700101,33060136,BAPTIST COMMUNITY  CHURCH,2908,23,518,DEMOCRATIC ALLIANCE,Ward
EKU,Ward 79700101,33060136,BAPTIST COMMUNITY  CHURCH,2908,23,177,ECONOMIC FREEDOM FIGHTERS,Ward
EKU,Ward 79700101,33060136,BAPTIST COMMUNITY  CHURCH,2908,23,118,ACTIONSA,Ward
EKU,Ward 79700101,33060147,OLD APOSTOLIC CHURCH,1737,15,453,AFRICAN NATIONAL CONGRESS,Ward
EKU,Ward 79700101,33060147,OLD APOSTOLIC CHURCH,1737,15,352,DEMOCRATIC ALLIANCE,Ward
EKU,Ward 79700101,33060147,OLD APOSTOLIC CHURCH,1737,15,121,ECONOMIC FREEDOM FIGHTERS,Ward
EKU,Ward 79700101,33060147,OLD APOSTOLIC CHURCH,1737,15,80,ACTIONSA,Ward
EKU,Ward 79700101,33060169,CHIVIRIKANI PRIMARY SCHOOL,3273,28,827,AFRICAN NATIONAL CONGRESS,Ward
EKU,Ward 79700101,33060169,CHIVIRIKANI PRIMARY SCHOOL,3273,28,643,DEMOCRATIC ALLIANCE,Ward
EKU,Ward 79700101,33060169,CHIVIRIKANI PRIMARY SCHOOL,3273,28,220,ECONOMIC FREEDOM FIGHTERS,Ward
EKU,Ward 79700101,33060169,CHIVIRIKANI PRIMARY SCHOOL,3273,28,147,ACTIONSA,Ward
EKU,Ward 79700102,32890754,A MAPHETHO PRIMARY SCHOOL,3219,25,748,AFRICAN NATIONAL CONGRESS,Ward
EKU,Ward 79700102,32890754,A MAPHETHO PRIMARY SCHOOL,3219,25,582,DEMOCRATIC ALLIANCE,Ward
EKU,Ward 79700102,32890754,A MAPHETHO PRIMARY SCHOOL,3219,25,199,ECONOMIC FREEDOM FIGHTERS,Ward
EKU,Ward 79700102,32890754,A MAPHETHO PRIMARY SCHOOL,3219,25,133,ACTIONSA,Ward
EKU,Ward 79700102,32910072,APOSTOLIC SAVES GOSPEL CHURH,2572,12,368,AFRICAN NATIONAL CONGRESS,Ward
EKU,Ward 79700102,32910072,APOSTOLIC SAVES GOSPEL CHURH,2572,12,286,DEMOCRATIC ALLIANCE,Ward
EKU,Ward 79700102,32910072,APOSTOLIC SAVES GOSPEL CHURH,2572,12,98,ECONOMIC FREEDOM FIGHTERS,Ward
EKU,Ward 79700102,32910072,APOSTOLIC SAVES GOSPEL CHURH,2572,12,65,ACTIONSA,Ward
EKU,Ward 79700102,32910263,MPUMELELO PRIMARY SCHOOL,4988,28,814,AFRICAN NATIONAL CONGRESS,Ward
EKU,Ward 79700102,32910263,MPUMELELO PRIMARY SCHOOL,4988,28,633,DEMOCRATIC ALLIANCE,Ward
EKU,Ward 79700102,32910263,MPUMELELO PRIMARY SCHOOL,4988,28,217,ECONOMIC FREEDOM FIGHTERS,Ward
EKU,Ward 79700102,32910263,MPUMELELO PRIMARY SCHOOL,4988,28,145,ACTIONSA,Ward
EKU,Ward 79700103,33000039,NQUBELA PRIMARY SCHOOL,3549,32,943,AFRICAN NATIONAL CONGRESS,Ward
EKU,Ward 79700103,33000039,NQUBELA PRIMARY SCHOOL,3549,32,734,DEMOCRATIC ALLIANCE,Ward
EKU,Ward 79700103,33000039,NQUBELA PRIMARY SCHOOL,3549,32,252,ECONOMIC FREEDOM FIGHTERS,Ward
EKU,Ward 79700103,33000039,NQUBELA PRIMARY SCHOOL,3549,32,168,ACTIONSA,Ward
EKU,Ward 79700103,33060158,PALM RIDGE COMMUNITY HALL,5372,40,1174,AFRICAN NATIONAL CONGRESS,Ward
EKU,Ward 79700103,33060158,PALM RIDGE COMMUNITY HALL,5372,40,913,DEMOCRATIC ALLIANCE,Ward
EKU,Ward 79700103,33060158,PALM RIDGE COMMUNITY HALL,5372,40,313,ECONOMIC FREEDOM FIGHTERS,Ward
EKU,Ward 79700103,33060158,PALM RIDGE COMMUNITY HALL,5372,40,209,ACTIONSA,Ward
EKU,Ward 79700103,33061104,KWENELE REGIONAL PARK,2272,23,674,AFRICAN NATIONAL CONGRESS,Ward
EKU,Ward 79700103,33061104,KWENELE REGIONAL PARK,2272,23,524,DEMOCRATIC ALLIANCE,Ward
EKU,Ward 79700103,33061104,KWENELE REGIONAL PARK,2272,23,180,ECONOMIC FREEDOM FIGHTERS,Ward
EKU,Ward 79700103,33061104,KWENELE REGIONAL PARK,2272,23,120,ACTIONSA,Ward
EKU,Ward 79700104,32890530,MOOIFONTEIN LAERSKOOL,4136,42,1245,AFRICAN NATIONAL CONGRESS,Ward
EKU,Ward 79700104,32890530,MOOIFONTEIN LAERSKOOL,4136,42,968,DEMOCRATIC ALLIANCE,Ward
EKU,Ward 79700104,32890530,MOOIFONTEIN LAERSKOOL,4136,42,332,ECONOMIC FREEDOM FIGHTERS,Ward
EKU,Ward 79700104,32890530,MOOIFONTEIN LAERSKOOL,4136,42,221,ACTIONSA,Ward
EKU,Ward 79700104,32890541,WESTSIDE PRIMARY SCHOOL,3948,35,1039,AFRICAN NATIONAL CONGRESS,Ward
EKU,Ward 79700104,32890541,WESTSIDE PRIMARY SCHOOL,3948,35,808,DEMOCRATIC ALLIANCE,Ward
EKU,Ward 79700104,32890541,WESTSIDE PRIMARY SCHOOL,3948,35,277,ECONOMIC FREEDOM FIGHTERS,Ward
EKU,Ward 79700104,32890541,WESTSIDE PRIMARY SCHOOL,3948,35,185,ACTIONSA,Ward
EKU,Ward 79700104,32890563,EDLEEN PRIMARY SCHOOL,2877,27,809,AFRICAN NATIONAL CONGRESS,Ward
EKU,Ward 79700104,32890563,EDLEEN PRIMARY SCHOOL,2877,27,629,DEMOCRATIC ALLIANCE,Ward
EKU,Ward 79700104,32890563,EDLEEN PRIMARY SCHOOL,2877,27,216,ECONOMIC FREEDOM FIGHTERS,Ward
EKU,Ward 79700104,32890563,EDLEEN PRIMARY SCHOOL,2877,27,144,ACTIONSA,Ward
EKU,Ward 79700105,33030054,HOUSE OF REVIVAL CHURCH,908,7,199,AFRICAN NATIONAL CONGRESS,Ward
EKU,Ward 79700105,33030054,HOUSE OF REVIVAL CHURCH,908,7,155,DEMOCRATIC ALLIANCE,Ward
EKU,Ward 79700105,33030054,HOUSE OF REVIVAL CHURCH,908,7,53,ECONOMIC FREEDOM FIGHTERS,Ward
EKU,Ward 79700105,33030054,HOUSE OF REVIVAL CHURCH,908,7,35,ACTIONSA,Ward
EKU,Ward 79700105,33030076,DIE AREND PRIMARY SCHOOL,1478,13,397,AFRICAN NATIONAL CONGRESS,Ward
EKU,Ward 79700105,33030076,DIE AREND PRIMARY SCHOOL,1478,13,309,DEMOCRATIC ALLIANCE,Ward
EKU,Ward 79700105,33030076,DIE AREND PRIMARY SCHOOL,1478,13,106,ECONOMIC FREEDOM FIGHTERS,Ward
EKU,Ward 79700105,33030076,DIE AREND PRIMARY SCHOOL,1478,13,71,ACTIONSA,Ward
EKU,Ward 79700105,33030087,DALVIEW PRIMARY SCHOOL,3953,43,1257,AFRICAN NATIONAL CONGRESS,Ward
EKU,Ward 79700105,33030087,DALVIEW PRIMARY SCHOOL,3953,43,978,DEMOCRATIC ALLIANCE,Ward
EKU,Ward 79700105,33030087,DALVIEW PRIMARY SCHOOL,3953,43,335,ECONOMIC FREEDOM FIGHTERS,Ward
EKU,Ward 79700105,33030087,DALVIEW PRIMARY SCHOOL,3953,43,224,ACTIONSA,Ward
EKU,Ward 79700106,33000253,TENT (INFO KIOSK),6250,67,1987,AFRICAN NATIONAL CONGRESS,Ward
EKU,Ward 79700106,33000253,TENT (INFO KIOSK),6250,67,1545,DEMOCRATIC ALLIANCE,Ward
EKU,Ward 79700106,33000253,TENT (INFO KIOSK),6250,67,530,ECONOMIC FREEDOM FIGHTERS,Ward
EKU,Ward 79700106,33000253,TENT (INFO KIOSK),6250,67,353,ACTIONSA,Ward
EKU,Ward 79700106,33000286,ALBERTON HIGH SCHOOL,3710,41,1206,AFRICAN NATIONAL CONGRESS,Ward
EKU,Ward 79700106,33000286,ALBERTON HIGH SCHOOL,3710,41,938,DEMOCRATIC ALLIANCE,Ward
EKU,Ward 79700106,33000286,ALBERTON HIGH SCHOOL,3710,41,322,ECONOMIC FREEDOM FIGHTERS,Ward
EKU,Ward 79700106,33000286,ALBERTON HIGH SCHOOL,3710,41,214,ACTIONSA,Ward
EKU,Ward 79700106,33000297,ALBERTON LIBRARY AUDITORIUM,3802,40,1193,AFRICAN NATIONAL CONGRESS,Ward
EKU,Ward 79700106,33000297,ALBERTON LIBRARY AUDITORIUM,3802,40,928,DEMOCRATIC ALLIANCE,Ward
EKU,Ward 79700106,33000297,ALBERTON LIBRARY AUDITORIUM,3802,40,318,ECONOMIC FREEDOM FIGHTERS,Ward
EKU,Ward 79700106,33000297,ALBERTON LIBRARY AUDITORIUM,3802,40,212,ACTIONSA,Ward
EKU,Ward 79700107,33020031,NAGENG PRIMARY SCHOOL,2375,21,609,AFRICAN NATIONAL CONGRESS,Ward
EKU,Ward 79700107,33020031,NAGENG PRIMARY SCHOOL,2375,21,474,DEMOCRATIC ALLIANCE,Ward
EKU,Ward 79700107,33020031,NAGENG PRIMARY SCHOOL,2375,21,162,ECONOMIC FREEDOM FIGHTERS,Ward
EKU,Ward 79700107,33020031,NAGENG PRIMARY SCHOOL,2375,21,108,ACTIONSA,Ward
EKU,Ward 79700107,33020671,NEW LIFE BIBLE CHRISTIAN CHURCH,1540,14,417,AFRICAN NATIONAL CONGRESS,Ward
EKU,Ward 79700107,33020671,NEW LIFE BIBLE CHRISTIAN CHURCH,1540,14,324,DEMOCRATIC ALLIANCE,Ward
EKU,Ward 79700107,33020671,NEW LIFE BIBLE CHRISTIAN CHURCH,1540,14,111,ECONOMIC FREEDOM FIGHTERS,Ward
EKU,Ward 79700107,33020671,NEW LIFE BIBLE CHRISTIAN CHURCH,1540,14,74,ACTIONSA,Ward
EKU,Ward 79700107,33020750,TSWELOPELE CLINIC,1095,11,329,AFRICAN NATIONAL CONGRESS,Ward
EKU,Ward 79700107,33020750,TSWELOPELE CLINIC,1095,11,256,DEMOCRATIC ALLIANCE,Ward
EKU,Ward 79700107,33020750,TSWELOPELE CLINIC,1095,11,88,ECONOMIC FREEDOM FIGHTERS,Ward
EKU,Ward 79700107,33020750,TSWELOPELE CLINIC,1095,11,59,ACTIONSA,Ward
EKU,Ward 79700108,33060079,KATLEHONG SOUTH SECONDARY SCHOOL,2645,21,614,AFRICAN NATIONAL CONGRESS,Ward
EKU,Ward 79700108,33060079,KATLEHONG SOUTH SECONDARY SCHOOL,2645,21,478,DEMOCRATIC ALLIANCE,Ward
EKU,Ward 79700108,33060079,KATLEHONG SOUTH SECONDARY SCHOOL,2645,21,164,ECONOMIC FREEDOM FIGHTERS,Ward
EKU,Ward 79700108,33060079,KATLEHONG SOUTH SECONDARY SCHOOL,2645,21,109,ACTIONSA,Ward
EKU,Ward 79700108,33060080,KATLEHONG SOUTH PRIMARY SCHOOL,4360,37,1100,AFRICAN NATIONAL CONGRESS,Ward
EKU,Ward 79700108,33060080,KATLEHONG SOUTH PRIMARY SCHOOL,4360,37,855,DEMOCRATIC ALLIANCE,Ward
EKU,Ward 79700108,33060080,KATLEHONG SOUTH PRIMARY SCHOOL,4360,37,293,ECONOMIC FREEDOM FIGHTERS,Ward
EKU,Ward 79700108,33060080,KATLEHONG SOUTH PRIMARY SCHOOL,4360,37,196,ACTIONSA,Ward
EKU,Ward 79700108,33060091,ETHOPIA INTERNATIONAL CHURCH OF SOUTH AFRICA,2249,20,596,AFRICAN NATIONAL CONGRESS,Ward
EKU,Ward 79700108,33060091,ETHOPIA INTERNATIONAL CHURCH OF SOUTH AFRICA,2249,20,464,DEMOCRATIC ALLIANCE,Ward
EKU,Ward 79700108,33060091,ETHOPIA INTERNATIONAL CHURCH OF SOUTH AFRICA,2249,20,159,ECONOMIC FREEDOM FIGHTERS,Ward
EKU,Ward 79700108,33060091,ETHOPIA INTERNATIONAL CHURCH OF SOUTH AFRICA,2249,20,106,ACTIONSA,Ward
EKU,Ward 79700109,33010186,WJ MPENGESI PRIMARY SCHOOL,2296,21,616,AFRICAN NATIONAL CONGRESS,Ward
EKU,Ward 79700109,33010186,WJ MPENGESI PRIMARY SCHOOL,2296,21,479,DEMOCRATIC ALLIANCE,Ward
EKU,Ward 79700109,33010186,WJ MPENGESI PRIMARY SCHOOL,2296,21,164,ECONOMIC FREEDOM FIGHTERS,Ward
EKU,Ward 79700109,33010186,WJ MPENGESI PRIMARY SCHOOL,2296,21,110,ACTIONSA,Ward
EKU,Ward 79700109,33010197,TENT (EXT 7 SOCCER FIELD),1566,16,464,AFRICAN NATIONAL CONGRESS,Ward
EKU,Ward 79700109,33010197,TENT (EXT 7 SOCCER FIELD),1566,16,361,DEMOCRATIC ALLIANCE,Ward
EKU,Ward 79700109,33010197,TENT (EXT 7 SOCCER FIELD),1566,16,124,ECONOMIC FREEDOM FIGHTERS,Ward
EKU,Ward 79700109,33010197,TENT (EXT 7 SOCCER FIELD),1566,16,83,ACTIONSA,Ward
EKU,Ward 79700109,33010210,QUANTUM SECONDARY SCHOOL,1539,14,419,AFRICAN NATIONAL CONGRESS,Ward
EKU,Ward 79700109,33010210,QUANTUM SECONDARY SCHOOL,1539,14,326,DEMOCRATIC ALLIANCE,Ward
EKU,Ward 79700109,33010210,QUANTUM SECONDARY SCHOOL,1539,14,112,ECONOMIC FREEDOM FIGHTERS,Ward
EKU,Ward 79700109,33010210,QUANTUM SECONDARY SCHOOL,1539,14,74,ACTIONSA,Ward
EKU,Ward 79700110,33010489,BAFO CHICO PRIMARY SCHOOL,2146,16,486,AFRICAN NATIONAL CONGRESS,Ward
EKU,Ward 79700110,33010489,BAFO CHICO PRIMARY SCHOOL,2146,16,378,DEMOCRATIC ALLIANCE,Ward
EKU,Ward 79700110,33010489,BAFO CHICO PRIMARY SCHOOL,2146,16,130,ECONOMIC FREEDOM FIGHTERS,Ward
EKU,Ward 79700110,33010489,BAFO CHICO PRIMARY SCHOOL,2146,16,86,ACTIONSA,Ward
EKU,Ward 79700110,33010502,SOZIZWE PRIMARY SCHOOL,1640,13,394,AFRICAN NATIONAL CONGRESS,Ward
EKU,Ward 79700110,33010502,SOZIZWE PRIMARY SCHOOL,1640,13,306,DEMOCRATIC ALLIANCE,Ward
EKU,Ward 79700110,33010502,SOZIZWE PRIMARY SCHOOL,1640,13,105,ECONOMIC FREEDOM FIGHTERS,Ward
EKU,Ward 79700110,33010502,SOZIZWE PRIMARY SCHOOL,1640,13,70,ACTIONSA,Ward
EKU,Ward 79700110,33010513,UNITY SECONDARY SCHOOL,2769,23,678,AFRICAN NATIONAL CONGRESS,Ward
EKU,Ward 79700110,33010513,UNITY SECONDARY SCHOOL,2769,23,527,DEMOCRATIC ALLIANCE,Ward
EKU,Ward 79700110,33010513,UNITY SECONDARY SCHOOL,2769,23,181,ECONOMIC FREEDOM FIGHTERS,Ward
EKU,Ward 79700110,33010513,UNITY SECONDARY SCHOOL,2769,23,120,ACTIONSA,Ward
EKU,Ward 79700111,33030559,THE METHODIST CHURCH OF SOUTHERN AFRICA,1091,11,315,AFRICAN NATIONAL CONGRESS,Ward
EKU,Ward 79700111,33030559,THE METHODIST CHURCH OF SOUTHERN AFRICA,1091,11,245,DEMOCRATIC ALLIANCE,Ward
EKU,Ward 79700111,33030559,THE METHODIST CHURCH OF SOUTHERN AFRICA,1091,11,84,ECONOMIC FREEDOM FIGHTERS,Ward
EKU,Ward 79700111,33030559,THE METHODIST CHURCH OF SOUTHERN AFRICA,1091,11,56,ACTIONSA,Ward
EKU,Ward 79700111,33030616,HOUSE OF RESTORATION CHURCH,1127,11,335,AFRICAN NATIONAL CONGRESS,Ward
EKU,Ward 79700111,33030616,HOUSE OF RESTORATION CHURCH,1127,11,260,DEMOCRATIC ALLIANCE,Ward
EKU,Ward 79700111,33030616,HOUSE OF RESTORATION CHURCH,1127,11,89,ECONOMIC FREEDOM FIGHTERS,Ward
EKU,Ward 79700111,33030616,HOUSE OF RESTORATION CHURCH,1127,11,60,ACTIONSA,Ward
EKU,Ward 79700111,33080228,DUNNOTTAR PRIMARY SCHOOL,3150,28,831,AFRICAN NATIONAL CONGRESS,Ward
EKU,Ward 79700111,33080228,DUNNOTTAR PRIMARY SCHOOL,3150,28,646,DEMOCRATIC ALLIANCE,Ward
EKU,Ward 79700111,33080228,DUNNOTTAR PRIMARY SCHOOL,3150,28,222,ECONOMIC FREEDOM FIGHTERS,Ward
EKU,Ward 79700111,33080228,DUNNOTTAR PRIMARY SCHOOL,3150,28,148,ACTIONSA,Ward
EKU,Ward 79700112,33030065,TWELVE APOSTLE CHURCH OF AFRICA,3001,24,711,AFRICAN NATIONAL CONGRESS,Ward
EKU,Ward 79700112,33030065,TWELVE APOSTLE CHURCH OF AFRICA,3001,24,553,DEMOCRATIC ALLIANCE,Ward
EKU,Ward 79700112,33030065,TWELVE APOSTLE CHURCH OF AFRICA,3001,24,190,ECONOMIC FREEDOM FIGHTERS,Ward
EKU,Ward 79700112,33030065,TWELVE APOSTLE CHURCH OF AFRICA,3001,24,126,ACTIONSA,Ward
EKU,Ward 79700112,33030290,PHUMLANI PRIMARY SCHOOL,1743,15,455,AFRICAN NATIONAL CONGRESS,Ward
EKU,Ward 79700112,33030290,PHUMLANI PRIMARY SCHOOL,1743,15,354,DEMOCRATIC ALLIANCE,Ward
EKU,Ward 79700112,33030290,PHUMLANI PRIMARY SCHOOL,1743,15,121,ECONOMIC FREEDOM FIGHTERS,Ward
EKU,Ward 79700112,33030290,PHUMLANI PRIMARY SCHOOL,1743,15,81,ACTIONSA,Ward
EKU,Ward 79700112,33030380,BUHLEBEMFUNDO SECONDARY SCHOOL,2818,23,671,AFRICAN NATIONAL CONGRESS,Ward
EKU,Ward 79700112,33030380,BUHLEBEMFUNDO SECONDARY SCHOOL,2818,23,522,DEMOCRATIC ALLIANCE,Ward
EKU,Ward 79700112,33030380,BUHLEBEMFUNDO SECONDARY SCHOOL,2818,23,179,ECONOMIC FREEDOM FIGHTERS,Ward
EKU,Ward 79700112,33030380,BUHLEBEMFUNDO SECONDARY SCHOOL,2818,23,119,ACTIONSA,Ward
JHB,Ward 79800001,32860728,THE VICTORIOUS RESTORATION CHURCH INTERNATIONAL,3554,15,438,AFRICAN NATIONAL CONGRESS,Ward
JHB,Ward 79800001,32860728,THE VICTORIOUS RESTORATION CHURCH INTERNATIONAL,3554,15,341,DEMOCRATIC ALLIANCE,Ward
JHB,Ward 79800001,32860728,THE VICTORIOUS RESTORATION CHURCH INTERNATIONAL,3554,15,117,ECONOMIC FREEDOM FIGHTERS,Ward
JHB,Ward 79800001,32860728,THE VICTORIOUS RESTORATION CHURCH INTERNATIONAL,3554,15,78,ACTIONSA,Ward
JHB,Ward 79800001,32860896,TSHEPANA PRIMARY SCHOOL,1398,8,234,AFRICAN NATIONAL CONGRESS,Ward
JHB,Ward 79800001,32860896,TSHEPANA PRIMARY SCHOOL,1398,8,182,DEMOCRATIC ALLIANCE,Ward
JHB,Ward 79800001,32860896,TSHEPANA PRIMARY SCHOOL,1398,8,62,ECONOMIC FREEDOM FIGHTERS,Ward
JHB,Ward 79800001,32860896,TSHEPANA PRIMARY SCHOOL,1398,8,42,ACTIONSA,Ward
JHB,Ward 79800001,32860919,THAMSANQA SECONDARY SCHOOL,2330,20,606,AFRICAN NATIONAL CONGRESS,Ward
JHB,Ward 79800001,32860919,THAMSANQA SECONDARY SCHOOL,2330,20,471,DEMOCRATIC ALLIANCE,Ward
JHB,Ward 79800001,32860919,THAMSANQA SECONDARY SCHOOL,2330,20,162,ECONOMIC FREEDOM FIGHTERS,Ward
JHB,Ward 79800001,32860919,THAMSANQA SECONDARY SCHOOL,2330,20,108,ACTIONSA,Ward
JHB,Ward 79800002,32861011,QOQA SECONDARY SCHOOL,1914,11,335,AFRICAN NATIONAL CONGRESS,Ward
JHB,Ward 79800002,32861011,QOQA SECONDARY SCHOOL,1914,11,261,DEMOCRATIC ALLIANCE,Ward
JHB,Ward 79800002,32861011,QOQA SECONDARY SCHOOL,1914,11,89,ECONOMIC FREEDOM FIGHTERS,Ward
JHB,Ward 79800002,32861011,QOQA SECONDARY SCHOOL,1914,11,60,ACTIONSA,Ward
JHB,Ward 79800002,32861033,TENT ORANGE FARM EXT 1 NEXT TO NAMBITHA,1402,6,182,AFRICAN NATIONAL CONGRESS,Ward
JHB,Ward 79800002,32861033,TENT ORANGE FARM EXT 1 NEXT TO NAMBITHA,1402,6,141,DEMOCRATIC ALLIANCE,Ward
JHB,Ward 79800002,32861033,TENT ORANGE FARM EXT 1 NEXT TO NAMBITHA,1402,6,48,ECONOMIC FREEDOM FIGHTERS,Ward
JHB,Ward 79800002,32861033,TENT ORANGE FARM EXT 1 NEXT TO NAMBITHA,1402,6,32,ACTIONSA,Ward
JHB,Ward 79800002,32862359,LANGALIBALELE PRIMARY SCHOOL,2701,14,412,AFRICAN NATIONAL CONGRESS,Ward
JHB,Ward 79800002,32862359,LANGALIBALELE PRIMARY SCHOOL,2701,14,321,DEMOCRATIC ALLIANCE,Ward
JHB,Ward 79800002,32862359,LANGALIBALELE PRIMARY SCHOOL,2701,14,110,ECONOMIC FREEDOM FIGHTERS,Ward
JHB,Ward 79800002,32862359,LANGALIBALELE PRIMARY SCHOOL,2701,14,73,ACTIONSA,Ward
JHB,Ward 79800003,32860874,LESHATA SECONDARY SCHOOL,2580,14,410,AFRICAN NATIONAL CONGRESS,Ward
JHB,Ward 79800003,32860874,LESHATA SECONDARY SCHOOL,2580,14,319,DEMOCRATIC ALLIANCE,Ward
JHB,Ward 79800003,32860874,LESHATA SECONDARY SCHOOL,2580,14,109,ECONOMIC FREEDOM FIGHTERS,Ward
JHB,Ward 79800003,32860874,LESHATA SECONDARY SCHOOL,2580,14,73,ACTIONSA,Ward
JHB,Ward 79800003,32860908,RADIPABI PRIMARY SCHOOL,2462,14,420,AFRICAN NATIONAL CONGRESS,Ward
JHB,Ward 79800003,32860908,RADIPABI PRIMARY SCHOOL,2462,14,327,DEMOCRATIC ALLIANCE,Ward
JHB,Ward 79800003,32860908,RADIPABI PRIMARY SCHOOL,2462,14,112,ECONOMIC FREEDOM FIGHTERS,Ward
JHB,Ward 79800003,32860908,RADIPABI PRIMARY SCHOOL,2462,14,75,ACTIONSA,Ward
JHB,Ward 79800003,32860920,LAUS DEO PRIMARY SCHOOL,1409,7,216,AFRICAN NATIONAL CONGRESS,Ward
JHB,Ward 79800003,32860920,LAUS DEO PRIMARY SCHOOL,1409,7,168,DEMOCRATIC ALLIANCE,Ward
JHB,Ward 79800003,32860920,LAUS DEO PRIMARY SCHOOL,1409,7,58,ECONOMIC FREEDOM FIGHTERS,Ward
JHB,Ward 79800003,32860920,LAUS DEO PRIMARY SCHOOL,1409,7,38,ACTIONSA,Ward
JHB,Ward 79800004,32860852,INTLONIPHO PRIMARY SCHOOL,3370,18,545,AFRICAN NATIONAL CONGRESS,Ward
JHB,Ward 79800004,32860852,INTLONIPHO PRIMARY SCHOOL,3370,18,424,DEMOCRATIC ALLIANCE,Ward
JHB,Ward 79800004,32860852,INTLONIPHO PRIMARY SCHOOL,3370,18,145,ECONOMIC FREEDOM FIGHTERS,Ward
JHB,Ward 79800004,32860852,INTLONIPHO PRIMARY SCHOOL,3370,18,97,ACTIONSA,Ward
JHB,Ward 79800004,32860863,VULANINDLELA SECONDARY SCHOOL,2106,13,376,AFRICAN NATIONAL CONGRESS,Ward
JHB,Ward 79800004,32860863,VULANINDLELA SECONDARY SCHOOL,2106,13,292,DEMOCRATIC ALLIANCE,Ward
JHB,Ward 79800004,32860863,VULANINDLELA SECONDARY SCHOOL,2106,13,100,ECONOMIC FREEDOM FIGHTERS,Ward
JHB,Ward 79800004,32860863,VULANINDLELA SECONDARY SCHOOL,2106,13,67,ACTIONSA,Ward
JHB,Ward 79800004,32860885,REITUMETSE PRIMARY SCHOOL,533,3,74,AFRICAN NATIONAL CONGRESS,Ward
JHB,Ward 79800004,32860885,REITUMETSE PRIMARY SCHOOL,533,3,57,DEMOCRATIC ALLIANCE,Ward
JHB,Ward 79800004,32860885,REITUMETSE PRIMARY SCHOOL,533,3,20,ECONOMIC FREEDOM FIGHTERS,Ward
JHB,Ward 79800004,32860885,REITUMETSE PRIMARY SCHOOL,533,3,13,ACTIONSA,Ward
JHB,Ward 79800005,32860717,GOVAN MBEKI PRIMARY SCHOOL,4116,22,644,AFRICAN NATIONAL CONGRESS,Ward
JHB,Ward 79800005,32860717,GOVAN MBEKI PRIMARY SCHOOL,4116,22,501,DEMOCRATIC ALLIANCE,Ward
JHB,Ward 79800005,32860717,GOVAN MBEKI PRIMARY SCHOOL,4116,22,172,ECONOMIC FREEDOM FIGHTERS,Ward
JHB,Ward 79800005,32860717,GOVAN MBEKI PRIMARY SCHOOL,4116,22,114,ACTIONSA,Ward
JHB,Ward 79800005,32860942,ST CHARLES LWANGA EDUCATION AND TRAINING CENTRE,2149,6,185,AFRICAN NATIONAL CONGRESS,Ward
JHB,Ward 79800005,32860942,ST CHARLES LWANGA EDUCATION AND TRAINING CENTRE,2149,6,144,DEMOCRATIC ALLIANCE,Ward
JHB,Ward 79800005,32860942,ST CHARLES LWANGA EDUCATION AND TRAINING CENTRE,2149,6,49,ECONOMIC FREEDOM FIGHTERS,Ward
JHB,Ward 79800005,32860942,ST CHARLES LWANGA EDUCATION AND TRAINING CENTRE,2149,6,33,ACTIONSA,Ward
JHB,Ward 79800005,32860997,IMFUNDU THUTO DAYCARE,1002,6,179,AFRICAN NATIONAL CONGRESS,Ward
JHB,Ward 79800005,32860997,IMFUNDU THUTO DAYCARE,1002,6,139,DEMOCRATIC ALLIANCE,Ward
JHB,Ward 79800005,32860997,IMFUNDU THUTO DAYCARE,1002,6,48,ECONOMIC FREEDOM FIGHTERS,Ward
JHB,Ward 79800005,32860997,IMFUNDU THUTO DAYCARE,1002,6,32,ACTIONSA,Ward
JHB,Ward 79800006,32862371,THUTHUKANI-TSWELOPELE PRIMARY SCHOOL,3233,22,635,AFRICAN NATIONAL CONGRESS,Ward
JHB,Ward 79800006,32862371,THUTHUKANI-TSWELOPELE PRIMARY SCHOOL,3233,22,494,DEMOCRATIC ALLIANCE,Ward
JHB,Ward 79800006,32862371,THUTHUKANI-TSWELOPELE PRIMARY SCHOOL,3233,22,169,ECONOMIC FREEDOM FIGHTERS,Ward
JHB,Ward 79800006,32862371,THUTHUKANI-TSWELOPELE PRIMARY SCHOOL,3233,22,113,ACTIONSA,Ward
JHB,Ward 79800006,32862382,SAKHISIZWE SECONDARY SCHOOL,3987,18,529,AFRICAN NATIONAL CONGRESS,Ward
JHB,Ward 79800006,32862382,SAKHISIZWE SECONDARY SCHOOL,3987,18,411,DEMOCRATIC ALLIANCE,Ward
JHB,Ward 79800006,32862382,SAKHISIZWE SECONDARY SCHOOL,3987,18,141,ECONOMIC FREEDOM FIGHTERS,Ward
JHB,Ward 79800006,32862382,SAKHISIZWE SECONDARY SCHOOL,3987,18,94,ACTIONSA,Ward
JHB,Ward 79800006,32862427,GODS PLAN CHURCH,1019,7,207,AFRICAN NATIONAL CONGRESS,Ward
JHB,Ward 79800006,32862427,GODS PLAN CHURCH,1019,7,161,DEMOCRATIC ALLIANCE,Ward
JHB,Ward 79800006,32862427,GODS PLAN CHURCH,1019,7,55,ECONOMIC FREEDOM FIGHTERS,Ward
JHB,Ward 79800006,32862427,GODS PLAN CHURCH,1019,7,37,ACTIONSA,Ward
JHB,Ward 79800007,32861044,ENNERDALE EVANGELIC CHURCH,2780,22,659,AFRICAN NATIONAL CONGRESS,Ward
JHB,Ward 79800007,32861044,ENNERDALE EVANGELIC CHURCH,2780,22,513,DEMOCRATIC ALLIANCE,Ward
JHB,Ward 79800007,32861044,ENNERDALE EVANGELIC CHURCH,2780,22,176,ECONOMIC FREEDOM FIGHTERS,Ward
JHB,Ward 79800007,32861044,ENNERDALE EVANGELIC CHURCH,2780,22,117,ACTIONSA,Ward
JHB,Ward 79800007,32861055,MID-ENNERDALE PRIMARY SCHOOL,3991,32,934,AFRICAN NATIONAL CONGRESS,Ward
JHB,Ward 79800007,32861055,MID-ENNERDALE PRIMARY SCHOOL,3991,32,727,DEMOCRATIC ALLIANCE,Ward
JHB,Ward 79800007,32861055,MID-ENNERDALE PRIMARY SCHOOL,3991,32,249,ECONOMIC FREEDOM FIGHTERS,Ward
JHB,Ward 79800007,32861055,MID-ENNERDALE PRIMARY SCHOOL,3991,32,166,ACTIONSA,Ward
JHB,Ward 79800007,32861066,FRED NORMAN SECONDARY SCHOOL,3082,24,709,AFRICAN NATIONAL CONGRESS,Ward
JHB,Ward 79800007,32861066,FRED NORMAN SECONDARY SCHOOL,3082,24,552,DEMOCRATIC ALLIANCE,Ward
JHB,Ward 79800007,32861066,FRED NORMAN SECONDARY SCHOOL,3082,24,189,ECONOMIC FREEDOM FIGHTERS,Ward
JHB,Ward 79800007,32861066,FRED NORMAN SECONDARY SCHOOL,3082,24,126,ACTIONSA,Ward
JHB,Ward 79800008,32860694,APEX PRIMARY SCHOOL,1975,11,322,AFRICAN NATIONAL CONGRESS,Ward
JHB,Ward 79800008,32860694,APEX PRIMARY SCHOOL,1975,11,251,DEMOCRATIC ALLIANCE,Ward
JHB,Ward 79800008,32860694,APEX PRIMARY SCHOOL,1975,11,86,ECONOMIC FREEDOM FIGHTERS,Ward
JHB,Ward 79800008,32860694,APEX PRIMARY SCHOOL,1975,11,57,ACTIONSA,Ward
JHB,Ward 79800008,32860706,BIG BEAR CRECHE,1857,11,317,AFRICAN NATIONAL CONGRESS,Ward
JHB,Ward 79800008,32860706,BIG BEAR CRECHE,1857,11,247,DEMOCRATIC ALLIANCE,Ward
JHB,Ward 79800008,32860706,BIG BEAR CRECHE,1857,11,85,ECONOMIC FREEDOM FIGHTERS,Ward
JHB,Ward 79800008,32860706,BIG BEAR CRECHE,1857,11,56,ACTIONSA,Ward
JHB,Ward 79800008,32862483,LAWLEY COMMUNITY CRECHE,2811,15,455,AFRICAN NATIONAL CONGRESS,Ward
JHB,Ward 79800008,32862483,LAWLEY COMMUNITY CRECHE,2811,15,354,DEMOCRATIC ALLIANCE,Ward
JHB,Ward 79800008,32862483,LAWLEY COMMUNITY CRECHE,2811,15,121,ECONOMIC FREEDOM FIGHTERS,Ward
JHB,Ward 79800008,32862483,LAWLEY COMMUNITY CRECHE,2811,15,81,ACTIONSA,Ward
JHB,Ward 79800009,32860616,HARMONY PRIMARY  SCHOOL,1713,14,409,AFRICAN NATIONAL CONGRESS,Ward
JHB,Ward 79800009,32860616,HARMONY PRIMARY  SCHOOL,1713,14,318,DEMOCRATIC ALLIANCE,Ward
JHB,Ward 79800009,32860616,HARMONY PRIMARY  SCHOOL,1713,14,109,ECONOMIC FREEDOM FIGHTERS,Ward
JHB,Ward 79800009,32860616,HARMONY PRIMARY  SCHOOL,1713,14,73,ACTIONSA,Ward
JHB,Ward 79800009,32860638,LENASIA CIVIC CENTRE,3049,16,468,AFRICAN NATIONAL CONGRESS,Ward
JHB,Ward 79800009,32860638,LENASIA CIVIC CENTRE,3049,16,364,DEMOCRATIC ALLIANCE,Ward
JHB,Ward 79800009,32860638,LENASIA CIVIC CENTRE,3049,16,125,ECONOMIC FREEDOM FIGHTERS,Ward
JHB,Ward 79800009,32860638,LENASIA CIVIC CENTRE,3049,16,83,ACTIONSA,Ward
JHB,Ward 79800009,32860649,PARK PRIMARY SCHOOL,2389,18,519,AFRICAN NATIONAL CONGRESS,Ward
JHB,Ward 79800009,32860649,PARK PRIMARY SCHOOL,2389,18,404,DEMOCRATIC ALLIANCE,Ward
JHB,Ward 79800009,32860649,PARK PRIMARY SCHOOL,2389,18,138,ECONOMIC FREEDOM FIGHTERS,Ward
JHB,Ward 79800009,32860649,PARK PRIMARY SCHOOL,2389,18,92,ACTIONSA,Ward
JHB,Ward 79800010,32860021,TENT PROTEA SOUTH (NEAR HOUSE NO. 3940),2385,15,449,AFRICAN NATIONAL CONGRESS,Ward
JHB,Ward 79800010,32860021,TENT PROTEA SOUTH (NEAR HOUSE NO. 3940),2385,15,349,DEMOCRATIC ALLIANCE,Ward
JHB,Ward 79800010,32860021,TENT PROTEA SOUTH (NEAR HOUSE NO. 3940),2385,15,120,ECONOMIC FREEDOM FIGHTERS,Ward
JHB,Ward 79800010,32860021,TENT PROTEA SOUTH (NEAR HOUSE NO. 3940),2385,15,80,ACTIONSA,Ward
JHB,Ward 79800010,32860065,TENT OPP HOUSE 3943 VENTURE STREET,3121,17,490,AFRICAN NATIONAL CONGRESS,Ward
JHB,Ward 79800010,32860065,TENT OPP HOUSE 3943 VENTURE STREET,3121,17,382,DEMOCRATIC ALLIANCE,Ward
JHB,Ward 79800010,32860065,TENT OPP HOUSE 3943 VENTURE STREET,3121,17,131,ECONOMIC FREEDOM FIGHTERS,Ward
JHB,Ward 79800010,32860065,TENT OPP HOUSE 3943 VENTURE STREET,3121,17,87,ACTIONSA,Ward
JHB,Ward 79800010,32860087,ALTMONT TECHNICAL HIGH SCHOOL,2644,16,464,AFRICAN NATIONAL CONGRESS,Ward
JHB,Ward 79800010,32860087,ALTMONT TECHNICAL HIGH SCHOOL,2644,16,361,DEMOCRATIC ALLIANCE,Ward
JHB,Ward 79800010,32860087,ALTMONT TECHNICAL HIGH SCHOOL,2644,16,124,ECONOMIC FREEDOM FIGHTERS,Ward
JHB,Ward 79800010,32860087,ALTMONT TECHNICAL HIGH SCHOOL,2644,16,82,ACTIONSA,Ward
JHB,Ward 79800011,32860593,FIRETHORN PRIMARY SCHOOL,2049,16,474,AFRICAN NATIONAL CONGRESS,Ward
JHB,Ward 79800011,32860593,FIRETHORN PRIMARY SCHOOL,2049,16,369,DEMOCRATIC ALLIANCE,Ward
JHB,Ward 79800011,32860593,FIRETHORN PRIMARY SCHOOL,2049,16,126,ECONOMIC FREEDOM FIGHTERS,Ward
JHB,Ward 79800011,32860593,FIRETHORN PRIMARY SCHOOL,2049,16,84,ACTIONSA,Ward
JHB,Ward 79800011,32860605,ST IVES PRIMARY SCHOOL,1950,16,487,AFRICAN NATIONAL CONGRESS,Ward
JHB,Ward 79800011,32860605,ST IVES PRIMARY SCHOOL,1950,16,379,DEMOCRATIC ALLIANCE,Ward
JHB,Ward 79800011,32860605,ST IVES PRIMARY SCHOOL,1950,16,130,ECONOMIC FREEDOM FIGHTERS,Ward
JHB,Ward 79800011,32860605,ST IVES PRIMARY SCHOOL,1950,16,87,ACTIONSA,Ward
JHB,Ward 79800011,32862203,UNITING PRESBYTERIAN CHURCH,2097,11,313,AFRICAN NATIONAL CONGRESS,Ward
JHB,Ward 79800011,32862203,UNITING PRESBYTERIAN CHURCH,2097,11,244,DEMOCRATIC ALLIANCE,Ward
JHB,Ward 79800011,32862203,UNITING PRESBYTERIAN CHURCH,2097,11,84,ECONOMIC FREEDOM FIGHTERS,Ward
JHB,Ward 79800011,32862203,UNITING PRESBYTERIAN CHURCH,2097,11,56,ACTIONSA,Ward
JHB,Ward 79800012,32861189,ELSIE NGIDI PRIMARY SCHOOL,1792,12,362,AFRICAN NATIONAL CONGRESS,Ward
JHB,Ward 79800012,32861189,ELSIE NGIDI PRIMARY SCHOOL,1792,12,281,DEMOCRATIC ALLIANCE,Ward
JHB,Ward 79800012,32861189,ELSIE NGIDI PRIMARY SCHOOL,1792,12,96,ECONOMIC FREEDOM FIGHTERS,Ward
JHB,Ward 79800012,32861189,ELSIE NGIDI PRIMARY SCHOOL,1792,12,64,ACTIONSA,Ward
JHB,Ward 79800012,32862247,GAZANKULU SCHOOL,1906,12,340,AFRICAN NATIONAL CONGRESS,Ward
JHB,Ward 79800012,32862247,GAZANKULU SCHOOL,1906,12,264,DEMOCRATIC ALLIANCE,Ward
JHB,Ward 79800012,32862247,GAZANKULU SCHOOL,1906,12,91,ECONOMIC FREEDOM FIGHTERS,Ward
JHB,Ward 79800012,32862247,GAZANKULU SCHOOL,1906,12,60,ACTIONSA,Ward
JHB,Ward 79800012,32862269,PUTALUSHAKA PRIMARY SCHOOL,1861,10,295,AFRICAN NATIONAL CONGRESS,Ward
JHB,Ward 79800012,32862269,PUTALUSHAKA PRIMARY SCHOOL,1861,10,229,DEMOCRATIC ALLIANCE,Ward
JHB,Ward 79800012,32862269,PUTALUSHAKA PRIMARY SCHOOL,1861,10,79,ECONOMIC FREEDOM FIGHTERS,Ward
JHB,Ward 79800012,32862269,PUTALUSHAKA PRIMARY SCHOOL,1861,10,52,ACTIONSA,Ward
JHB,Ward 79800013,32861246,TENT AT NEAR PROTEA GLEN POLICE STATION),3924,23,667,AFRICAN NATIONAL CONGRESS,Ward
JHB,Ward 79800013,32861246,TENT AT NEAR PROTEA GLEN POLICE STATION),3924,23,519,DEMOCRATIC ALLIANCE,Ward
JHB,Ward 79800013,32861246,TENT AT NEAR PROTEA GLEN POLICE STATION),3924,23,178,ECONOMIC FREEDOM FIGHTERS,Ward
JHB,Ward 79800013,32861246,TENT AT NEAR PROTEA GLEN POLICE STATION),3924,23,119,ACTIONSA,Ward
JHB,Ward 79800013,32861459,THOLIMFUNDO PRIMARY SCHOOL,3319,19,552,AFRICAN NATIONAL CONGRESS,Ward
JHB,Ward 79800013,32861459,THOLIMFUNDO PRIMARY SCHOOL,3319,19,429,DEMOCRATIC ALLIANCE,Ward
JHB,Ward 79800013,32861459,THOLIMFUNDO PRIMARY SCHOOL,3319,19,147,ECONOMIC FREEDOM FIGHTERS,Ward
JHB,Ward 79800013,32861459,THOLIMFUNDO PRIMARY SCHOOL,3319,19,98,ACTIONSA,Ward
JHB,Ward 79800013,32861831,BLESSED ISIDOREBAKANJA CATHOLIC CHURCH,2253,14,407,AFRICAN NATIONAL CONGRESS,Ward
JHB,Ward 79800013,32861831,BLESSED ISIDOREBAKANJA CATHOLIC CHURCH,2253,14,316,DEMOCRATIC ALLIANCE,Ward
JHB,Ward 79800013,32861831,BLESSED ISIDOREBAKANJA CATHOLIC CHURCH,2253,14,108,ECONOMIC FREEDOM FIGHTERS,Ward
JHB,Ward 79800013,32861831,BLESSED ISIDOREBAKANJA CATHOLIC CHURCH,2253,14,72,ACTIONSA,Ward
JHB,Ward 79800014,32860762,TENT (OPPOSITE HOUSE NO. 5255),2836,16,473,AFRICAN NATIONAL CONGRESS,Ward
JHB,Ward 79800014,32860762,TENT (OPPOSITE HOUSE NO. 5255),2836,16,368,DEMOCRATIC ALLIANCE,Ward
JHB,Ward 79800014,32860762,TENT (OPPOSITE HOUSE NO. 5255),2836,16,126,ECONOMIC FREEDOM FIGHTERS,Ward
JHB,Ward 79800014,32860762,TENT (OPPOSITE HOUSE NO. 5255),2836,16,84,ACTIONSA,Ward
JHB,Ward 79800014,32862180,REBONE  PRIMARY SCHOOL,1786,13,376,AFRICAN NATIONAL CONGRESS,Ward
JHB,Ward 79800014,32862180,REBONE  PRIMARY SCHOOL,1786,13,292,DEMOCRATIC ALLIANCE,Ward
JHB,Ward 79800014,32862180,REBONE  PRIMARY SCHOOL,1786,13,100,ECONOMIC FREEDOM FIGHTERS,Ward
JHB,Ward 79800014,32862180,REBONE  PRIMARY SCHOOL,1786,13,67,ACTIONSA,Ward
JHB,Ward 79800014,32862191,MONICA LOLWANE EDUCARE CENTRE,1360,10,286,AFRICAN NATIONAL CONGRESS,Ward
JHB,Ward 79800014,32862191,MONICA LOLWANE EDUCARE CENTRE,1360,10,223,DEMOCRATIC ALLIANCE,Ward
JHB,Ward 79800014,32862191,MONICA LOLWANE EDUCARE CENTRE,1360,10,76,ECONOMIC FREEDOM FIGHTERS,Ward
JHB,Ward 79800014,32862191,MONICA LOLWANE EDUCARE CENTRE,1360,10,51,ACTIONSA,Ward
JHB,Ward 79800015,32861549,PHIRI SCHOOL,2536,15,446,AFRICAN NATIONAL CONGRESS,Ward
JHB,Ward 79800015,32861549,PHIRI SCHOOL,2536,15,347,DEMOCRATIC ALLIANCE,Ward
JHB,Ward 79800015,32861549,PHIRI SCHOOL,2536,15,119,ECONOMIC FREEDOM FIGHTERS,Ward
JHB,Ward 79800015,32861549,PHIRI SCHOOL,2536,15,79,ACTIONSA,Ward
JHB,Ward 79800015,32861606,BAFIKILE PRIMARY SCHOOL,1481,9,257,AFRICAN NATIONAL CONGRESS,Ward
JHB,Ward 79800015,32861606,BAFIKILE PRIMARY SCHOOL,1481,9,200,DEMOCRATIC ALLIANCE,Ward
JHB,Ward 79800015,32861606,BAFIKILE PRIMARY SCHOOL,1481,9,69,ECONOMIC FREEDOM FIGHTERS,Ward
JHB,Ward 79800015,32861606,BAFIKILE PRIMARY SCHOOL,1481,9,46,ACTIONSA,Ward
JHB,Ward 79800015,32861640,KGOTSO PRIMARY SCHOOL,2001,13,387,AFRICAN NATIONAL CONGRESS,Ward
JHB,Ward 79800015,32861640,KGOTSO PRIMARY SCHOOL,2001,13,301,DEMOCRATIC ALLIANCE,Ward
JHB,Ward 79800015,32861640,KGOTSO PRIMARY SCHOOL,2001,13,103,ECONOMIC FREEDOM FIGHTERS,Ward
JHB,Ward 79800015,32861640,KGOTSO PRIMARY SCHOOL,2001,13,69,ACTIONSA,Ward
JHB,Ward 79800016,32861651,MEGATONG PRIMARY SCHOOL,1116,8,230,AFRICAN NATIONAL CONGRESS,Ward
JHB,Ward 79800016,32861651,MEGATONG PRIMARY SCHOOL,1116,8,178,DEMOCRATIC ALLIANCE,Ward
JHB,Ward 79800016,32861651,MEGATONG PRIMARY SCHOOL,1116,8,61,ECONOMIC FREEDOM FIGHTERS,Ward
JHB,Ward 79800016,32861651,MEGATONG PRIMARY SCHOOL,1116,8,41,ACTIONSA,Ward
JHB,Ward 79800016,32861662,MOTSANENG SCHOOL,1839,13,374,AFRICAN NATIONAL CONGRESS,Ward
JHB,Ward 79800016,32861662,MOTSANENG SCHOOL,1839,13,291,DEMOCRATIC ALLIANCE,Ward
JHB,Ward 79800016,32861662,MOTSANENG SCHOOL,1839,13,100,ECONOMIC FREEDOM FIGHTERS,Ward
JHB,Ward 79800016,32861662,MOTSANENG SCHOOL,1839,13,67,ACTIONSA,Ward
JHB,Ward 79800016,32861673,DIODI PRIMARY SCHOOL,1874,13,370,AFRICAN NATIONAL CONGRESS,Ward
JHB,Ward 79800016,32861673,DIODI PRIMARY SCHOOL,1874,13,288,DEMOCRATIC ALLIANCE,Ward
JHB,Ward 79800016,32861673,DIODI PRIMARY SCHOOL,1874,13,99,ECONOMIC FREEDOM FIGHTERS,Ward
JHB,Ward 79800016,32861673,DIODI PRIMARY SCHOOL,1874,13,66,ACTIONSA,Ward
JHB,Ward 79800017,32860515,ELDORADO PARK PRIMARY SCHOOL,2045,17,493,AFRICAN NATIONAL CONGRESS,Ward
JHB,Ward 79800017,32860515,ELDORADO PARK PRIMARY SCHOOL,2045,17,384,DEMOCRATIC ALLIANCE,Ward
JHB,Ward 79800017,32860515,ELDORADO PARK PRIMARY SCHOOL,2045,17,132,ECONOMIC FREEDOM FIGHTERS,Ward
JHB,Ward 79800017,32860515,ELDORADO PARK PRIMARY SCHOOL,2045,17,88,ACTIONSA,Ward
JHB,Ward 79800017,32860548,KLIPTOWN EBENEZER CONGREGATIONAL CHURCH,2226,16,463,AFRICAN NATIONAL CONGRESS,Ward
JHB,Ward 79800017,32860548,KLIPTOWN EBENEZER CONGREGATIONAL CHURCH,2226,16,360,DEMOCRATIC ALLIANCE,Ward
JHB,Ward 79800017,32860548,KLIPTOWN EBENEZER CONGREGATIONAL CHURCH,2226,16,123,ECONOMIC FREEDOM FIGHTERS,Ward
JHB,Ward 79800017,32860548,KLIPTOWN EBENEZER CONGREGATIONAL CHURCH,2226,16,82,ACTIONSA,Ward
JHB,Ward 79800017,32860559,PARKDALE PRIMARY SCHOOL,2765,22,636,AFRICAN NATIONAL CONGRESS,Ward
JHB,Ward 79800017,32860559,PARKDALE PRIMARY SCHOOL,2765,22,495,DEMOCRATIC ALLIANCE,Ward
JHB,Ward 79800017,32860559,PARKDALE PRIMARY SCHOOL,2765,22,170,ECONOMIC FREEDOM FIGHTERS,Ward
JHB,Ward 79800017,32860559,PARKDALE PRIMARY SCHOOL,2765,22,113,ACTIONSA,Ward
JHB,Ward 79800018,32860391,JD OPPERMAN RECREATION CENTRE,2749,22,660,AFRICAN NATIONAL CONGRESS,Ward
JHB,Ward 79800018,32860391,JD OPPERMAN RECREATION CENTRE,2749,22,513,DEMOCRATIC ALLIANCE,Ward
JHB,Ward 79800018,32860391,JD OPPERMAN RECREATION CENTRE,2749,22,176,ECONOMIC FREEDOM FIGHTERS,Ward
JHB,Ward 79800018,32860391,JD OPPERMAN RECREATION CENTRE,2749,22,117,ACTIONSA,Ward
JHB,Ward 79800018,32860403,TENT (OPP HOUSE NO 217 STERRE ROAD),876,7,200,AFRICAN NATIONAL CONGRESS,Ward
JHB,Ward 79800018,32860403,TENT (OPP HOUSE NO 217 STERRE ROAD),876,7,156,DEMOCRATIC ALLIANCE,Ward
JHB,Ward 79800018,32860403,TENT (OPP HOUSE NO 217 STERRE ROAD),876,7,53,ECONOMIC FREEDOM FIGHTERS,Ward
JHB,Ward 79800018,32860403,TENT (OPP HOUSE NO 217 STERRE ROAD),876,7,36,ACTIONSA,Ward
JHB,Ward 79800018,32860470,BOEKENHOUT PRIMARY SCHOOL,2929,23,689,AFRICAN NATIONAL CONGRESS,Ward
JHB,Ward 79800018,32860470,BOEKENHOUT PRIMARY SCHOOL,2929,23,536,DEMOCRATIC ALLIANCE,Ward
JHB,Ward 79800018,32860470,BOEKENHOUT PRIMARY SCHOOL,2929,23,184,ECONOMIC FREEDOM FIGHTERS,Ward
JHB,Ward 79800018,32860470,BOEKENHOUT PRIMARY SCHOOL,2929,23,122,ACTIONSA,Ward
JHB,Ward 79800019,32860447,TENT (FREEMDOM CHARTER SQUARE),1118,6,169,AFRICAN NATIONAL CONGRESS,Ward
JHB,Ward 79800019,32860447,TENT (FREEMDOM CHARTER SQUARE),1118,6,131,DEMOCRATIC ALLIANCE,Ward
JHB,Ward 79800019,32860447,TENT (FREEMDOM CHARTER SQUARE),1118,6,45,ECONOMIC FREEDOM FIGHTERS,Ward
JHB,Ward 79800019,32860447,TENT (FREEMDOM CHARTER SQUARE),1118,6,30,ACTIONSA,Ward
JHB,Ward 79800019,32861482,LAKEVIEW PRIMARY SCHOOL,1281,9,275,AFRICAN NATIONAL CONGRESS,Ward
JHB,Ward 79800019,32861482,LAKEVIEW PRIMARY SCHOOL,1281,9,214,DEMOCRATIC ALLIANCE,Ward
JHB,Ward 79800019,32861482,LAKEVIEW PRIMARY SCHOOL,1281,9,73,ECONOMIC FREEDOM FIGHTERS,Ward
JHB,Ward 79800019,32861482,LAKEVIEW PRIMARY SCHOOL,1281,9,49,ACTIONSA,Ward
JHB,Ward 79800019,32861594,ISIPHO PRIMARY SCHOOL,1878,12,367,AFRICAN NATIONAL CONGRESS,Ward
JHB,Ward 79800019,32861594,ISIPHO PRIMARY SCHOOL,1878,12,285,DEMOCRATIC ALLIANCE,Ward
JHB,Ward 79800019,32861594,ISIPHO PRIMARY SCHOOL,1878,12,98,ECONOMIC FREEDOM FIGHTERS,Ward
JHB,Ward 79800019,32861594,ISIPHO PRIMARY SCHOOL,1878,12,65,ACTIONSA,Ward
JHB,Ward 79800020,32861932,KARABO SCHOOL,2615,17,515,AFRICAN NATIONAL CONGRESS,Ward
JHB,Ward 79800020,32861932,KARABO SCHOOL,2615,17,401,DEMOCRATIC ALLIANCE,Ward
JHB,Ward 79800020,32861932,KARABO SCHOOL,2615,17,137,ECONOMIC FREEDOM FIGHTERS,Ward
JHB,Ward 79800020,32861932,KARABO SCHOOL,2615,17,92,ACTIONSA,Ward
JHB,Ward 79800020,32862089,MARA PRIMARY SCHOOL,2264,12,363,AFRICAN NATIONAL CONGRESS,Ward
JHB,Ward 79800020,32862089,MARA PRIMARY SCHOOL,2264,12,282,DEMOCRATIC ALLIANCE,Ward
JHB,Ward 79800020,32862089,MARA PRIMARY SCHOOL,2264,12,97,ECONOMIC FREEDOM FIGHTERS,Ward
JHB,Ward 79800020,32862089,MARA PRIMARY SCHOOL,2264,12,65,ACTIONSA,Ward
JHB,Ward 79800020,32862135,IKEMELENG JUNIOR PRIMARY,2092,14,406,AFRICAN NATIONAL CONGRESS,Ward
JHB,Ward 79800020,32862135,IKEMELENG JUNIOR PRIMARY,2092,14,316,DEMOCRATIC ALLIANCE,Ward
JHB,Ward 79800020,32862135,IKEMELENG JUNIOR PRIMARY,2092,14,108,ECONOMIC FREEDOM FIGHTERS,Ward
JHB,Ward 79800020,32862135,IKEMELENG JUNIOR PRIMARY,2092,14,72,ACTIONSA,Ward
JHB,Ward 79800021,32861178,MOCHOCHONONO SCHOOL,2044,27,792,AFRICAN NATIONAL CONGRESS,Ward
JHB,Ward 79800021,32861178,MOCHOCHONONO SCHOOL,2044,27,616,DEMOCRATIC ALLIANCE,Ward
JHB,Ward 79800021,32861178,MOCHOCHONONO SCHOOL,2044,27,211,ECONOMIC FREEDOM FIGHTERS,Ward
JHB,Ward 79800021,32861178,MOCHOCHONONO SCHOOL,2044,27,141,ACTIONSA,Ward
JHB,Ward 79800021,32861875,DIKWANKWETLA PRIMARY SCHOOL,1814,12,363,AFRICAN NATIONAL CONGRESS,Ward
JHB,Ward 79800021,32861875,DIKWANKWETLA PRIMARY SCHOOL,1814,12,282,DEMOCRATIC ALLIANCE,Ward
JHB,Ward 79800021,32861875,DIKWANKWETLA PRIMARY SCHOOL,1814,12,97,ECONOMIC FREEDOM FIGHTERS,Ward
JHB,Ward 79800021,32861875,DIKWANKWETLA PRIMARY SCHOOL,1814,12,64,ACTIONSA,Ward
JHB,Ward 79800021,32861886,TIHOLOHELO SCHOOL,1843,12,351,AFRICAN NATIONAL CONGRESS,Ward
JHB,Ward 79800021,32861886,TIHOLOHELO SCHOOL,1843,12,273,DEMOCRATIC ALLIANCE,Ward
JHB,Ward 79800021,32861886,TIHOLOHELO SCHOOL,1843,12,94,ECONOMIC FREEDOM FIGHTERS,Ward
JHB,Ward 79800021,32861886,TIHOLOHELO SCHOOL,1843,12,62,ACTIONSA,Ward
JHB,Ward 79800022,32841086,LEIHLO PRIMARY SCHOOL,3283,21,614,AFRICAN NATIONAL CONGRESS,Ward
JHB,Ward 79800022,32841086,LEIHLO PRIMARY SCHOOL,3283,21,478,DEMOCRATIC ALLIANCE,Ward
JHB,Ward 79800022,32841086,LEIHLO PRIMARY SCHOOL,3283,21,164,ECONOMIC FREEDOM FIGHTERS,Ward
JHB,Ward 79800022,32841086,LEIHLO PRIMARY SCHOOL,3283,21,109,ACTIONSA,Ward
JHB,Ward 79800022,32841097,TSHEBEDISANO PRIMARY SCHOOL,2577,16,460,AFRICAN NATIONAL CONGRESS,Ward
JHB,Ward 79800022,32841097,TSHEBEDISANO PRIMARY SCHOOL,2577,16,358,DEMOCRATIC ALLIANCE,Ward
JHB,Ward 79800022,32841097,TSHEBEDISANO PRIMARY SCHOOL,2577,16,123,ECONOMIC FREEDOM FIGHTERS,Ward
JHB,Ward 79800022,32841097,TSHEBEDISANO PRIMARY SCHOOL,2577,16,82,ACTIONSA,Ward
JHB,Ward 79800022,32841109,ST PETER CLAVER SCHOOL,2852,19,566,AFRICAN NATIONAL CONGRESS,Ward
JHB,Ward 79800022,32841109,ST PETER CLAVER SCHOOL,2852,19,440,DEMOCRATIC ALLIANCE,Ward
JHB,Ward 79800022,32841109,ST PETER CLAVER SCHOOL,2852,19,151,ECONOMIC FREEDOM FIGHTERS,Ward
JHB,Ward 79800022,32841109,ST PETER CLAVER SCHOOL,2852,19,101,ACTIONSA,Ward
JHB,Ward 79800023,32860290,GLENANDA PRIMARY SCHOOL,4533,38,1115,AFRICAN NATIONAL CONGRESS,Ward
JHB,Ward 79800023,32860290,GLENANDA PRIMARY SCHOOL,4533,38,867,DEMOCRATIC ALLIANCE,Ward
JHB,Ward 79800023,32860290,GLENANDA PRIMARY SCHOOL,4533,38,297,ECONOMIC FREEDOM FIGHTERS,Ward
JHB,Ward 79800023,32860290,GLENANDA PRIMARY SCHOOL,4533,38,198,ACTIONSA,Ward
JHB,Ward 79800023,32860302,TENT (BASSONIA),2708,24,700,AFRICAN NATIONAL CONGRESS,Ward
JHB,Ward 79800023,32860302,TENT (BASSONIA),2708,24,545,DEMOCRATIC ALLIANCE,Ward
JHB,Ward 79800023,32860302,TENT (BASSONIA),2708,24,187,ECONOMIC FREEDOM FIGHTERS,Ward
JHB,Ward 79800023,32860302,TENT (BASSONIA),2708,24,124,ACTIONSA,Ward
JHB,Ward 79800023,32860368,COMARO VALLEY NURSERY SCHOOL,2499,21,623,AFRICAN NATIONAL CONGRESS,Ward
JHB,Ward 79800023,32860368,COMARO VALLEY NURSERY SCHOOL,2499,21,485,DEMOCRATIC ALLIANCE,Ward
JHB,Ward 79800023,32860368,COMARO VALLEY NURSERY SCHOOL,2499,21,166,ECONOMIC FREEDOM FIGHTERS,Ward
JHB,Ward 79800023,32860368,COMARO VALLEY NURSERY SCHOOL,2499,21,111,ACTIONSA,Ward
JHB,Ward 79800024,32862573,SOMELULWAZI PRIMARY SCHOOL,1513,7,215,AFRICAN NATIONAL CONGRESS,Ward
JHB,Ward 79800024,32862573,SOMELULWAZI PRIMARY SCHOOL,1513,7,167,DEMOCRATIC ALLIANCE,Ward
JHB,Ward 79800024,32862573,SOMELULWAZI PRIMARY SCHOOL,1513,7,57,ECONOMIC FREEDOM FIGHTERS,Ward
JHB,Ward 79800024,32862573,SOMELULWAZI PRIMARY SCHOOL,1513,7,38,ACTIONSA,Ward
JHB,Ward 79800024,32862584,ASSEMBLIES OF GOD AGF,2940,14,414,AFRICAN NATIONAL CONGRESS,Ward
JHB,Ward 79800024,32862584,ASSEMBLIES OF GOD AGF,2940,14,322,DEMOCRATIC ALLIANCE,Ward
JHB,Ward 79800024,32862584,ASSEMBLIES OF GOD AGF,2940,14,110,ECONOMIC FREEDOM FIGHTERS,Ward
JHB,Ward 79800024,32862584,ASSEMBLIES OF GOD AGF,2940,14,74,ACTIONSA,Ward
JHB,Ward 79800024,32862595,ARISE AND SHINE HOPE CENTRE,2739,15,437,AFRICAN NATIONAL CONGRESS,Ward
JHB,Ward 79800024,32862595,ARISE AND SHINE HOPE CENTRE,2739,15,340,DEMOCRATIC ALLIANCE,Ward
JHB,Ward 79800024,32862595,ARISE AND SHINE HOPE CENTRE,2739,15,117,ECONOMIC FREEDOM FIGHTERS,Ward
JHB,Ward 79800024,32862595,ARISE AND SHINE HOPE CENTRE,2739,15,78,ACTIONSA,Ward
JHB,Ward 79800025,32841042,KLIPSPRUIT HOSTEL,1694,8,229,AFRICAN NATIONAL CONGRESS,Ward
JHB,Ward 79800025,32841042,KLIPSPRUIT HOSTEL,1694,8,178,DEMOCRATIC ALLIANCE,Ward
JHB,Ward 79800025,32841042,KLIPSPRUIT HOSTEL,1694,8,61,ECONOMIC FREEDOM FIGHTERS,Ward
JHB,Ward 79800025,32841042,KLIPSPRUIT HOSTEL,1694,8,41,ACTIONSA,Ward
JHB,Ward 79800025,32841053,EMSHUKANTAMBO SECONDARY SCHOOL,2923,17,508,AFRICAN NATIONAL CONGRESS,Ward
JHB,Ward 79800025,32841053,EMSHUKANTAMBO SECONDARY SCHOOL,2923,17,396,DEMOCRATIC ALLIANCE,Ward
JHB,Ward 79800025,32841053,EMSHUKANTAMBO SECONDARY SCHOOL,2923,17,136,ECONOMIC FREEDOM FIGHTERS,Ward
JHB,Ward 79800025,32841053,EMSHUKANTAMBO SECONDARY SCHOOL,2923,17,90,ACTIONSA,Ward
JHB,Ward 79800025,32841064,THE METHODIST CHURCH OF SOUTHERN AFRICA,1308,9,259,AFRICAN NATIONAL CONGRESS,Ward
JHB,Ward 79800025,32841064,THE METHODIST CHURCH OF SOUTHERN AFRICA,1308,9,202,DEMOCRATIC ALLIANCE,Ward
JHB,Ward 79800025,32841064,THE METHODIST CHURCH OF SOUTHERN AFRICA,1308,9,69,ECONOMIC FREEDOM FIGHTERS,Ward
JHB,Ward 79800025,32841064,THE METHODIST CHURCH OF SOUTHERN AFRICA,1308,9,46,ACTIONSA,Ward
JHB,Ward 79800026,32840625,KHOMANANI SCHOOL,1369,8,248,AFRICAN NATIONAL CONGRESS,Ward
JHB,Ward 79800026,32840625,KHOMANANI SCHOOL,1369,8,192,DEMOCRATIC ALLIANCE,Ward
JHB,Ward 79800026,32840625,KHOMANANI SCHOOL,1369,8,66,ECONOMIC FREEDOM FIGHTERS,Ward
JHB,Ward 79800026,32840625,KHOMANANI SCHOOL,1369,8,44,ACTIONSA,Ward
JHB,Ward 79800026,32840838,ELITHENI SCHOOL,1641,12,354,AFRICAN NATIONAL CONGRESS,Ward
JHB,Ward 79800026,32840838,ELITHENI SCHOOL,1641,12,275,DEMOCRATIC ALLIANCE,Ward
JHB,Ward 79800026,32840838,ELITHENI SCHOOL,1641,12,94,ECONOMIC FREEDOM FIGHTERS,Ward
JHB,Ward 79800026,32840838,ELITHENI SCHOOL,1641,12,63,ACTIONSA,Ward
JHB,Ward 79800026,32840872,GIYANI PRIMARY SCHOOL,2003,12,346,AFRICAN NATIONAL CONGRESS,Ward
JHB,Ward 79800026,32840872,GIYANI PRIMARY SCHOOL,2003,12,269,DEMOCRATIC ALLIANCE,Ward
JHB,Ward 79800026,32840872,GIYANI PRIMARY SCHOOL,2003,12,92,ECONOMIC FREEDOM FIGHTERS,Ward
JHB,Ward 79800026,32840872,GIYANI PRIMARY SCHOOL,2003,12,62,ACTIONSA,Ward
JHB,Ward 79800027,32840917,THABISILE SCHOOL,1502,8,251,AFRICAN NATIONAL CONGRESS,Ward
JHB,Ward 79800027,32840917,THABISILE SCHOOL,1502,8,195,DEMOCRATIC ALLIANCE,Ward
JHB,Ward 79800027,32840917,THABISILE SCHOOL,1502,8,67,ECONOMIC FREEDOM FIGHTERS,Ward
JHB,Ward 79800027,32840917,THABISILE SCHOOL,1502,8,45,ACTIONSA,Ward
JHB,Ward 79800027,32840939,FIDELITAS COMPREHENSIVE SCHOOL,1478,10,284,AFRICAN NATIONAL CONGRESS,Ward
JHB,Ward 79800027,32840939,FIDELITAS COMPREHENSIVE SCHOOL,1478,10,220,DEMOCRATIC ALLIANCE,Ward
JHB,Ward 79800027,32840939,FIDELITAS COMPREHENSIVE SCHOOL,1478,10,76,ECONOMIC FREEDOM FIGHTERS,Ward
JHB,Ward 79800027,32840939,FIDELITAS COMPREHENSIVE SCHOOL,1478,10,50,ACTIONSA,Ward
JHB,Ward 79800027,32840962,FONS LUMINIS SECONDARY SCHOOL,2152,8,248,AFRICAN NATIONAL CONGRESS,Ward
JHB,Ward 79800027,32840962,FONS LUMINIS SECONDARY SCHOOL,2152,8,193,DEMOCRATIC ALLIANCE,Ward
JHB,Ward 79800027,32840962,FONS LUMINIS SECONDARY SCHOOL,2152,8,66,ECONOMIC FREEDOM FIGHTERS,Ward
JHB,Ward 79800027,32840962,FONS LUMINIS SECONDARY SCHOOL,2152,8,44,ACTIONSA,Ward
JHB,Ward 79800028,32840636,IMMANUEL EVANGELICAL LUTHERAN CHURCH,1131,8,248,AFRICAN NATIONAL CONGRESS,Ward
JHB,Ward 79800028,32840636,IMMANUEL EVANGELICAL LUTHERAN CHURCH,1131,8,193,DEMOCRATIC ALLIANCE,Ward
JHB,Ward 79800028,32840636,IMMANUEL EVANGELICAL LUTHERAN CHURCH,1131,8,66,ECONOMIC FREEDOM FIGHTERS,Ward
JHB,Ward 79800028,32840636,IMMANUEL EVANGELICAL LUTHERAN CHURCH,1131,8,44,ACTIONSA,Ward
JHB,Ward 79800028,32840782,JOB RATHEBE JUNIOR SECONDARY SCHOOL,1645,10,306,AFRICAN NATIONAL CONGRESS,Ward
JHB,Ward 79800028,32840782,JOB RATHEBE JUNIOR SECONDARY SCHOOL,1645,10,238,DEMOCRATIC ALLIANCE,Ward
JHB,Ward 79800028,32840782,JOB RATHEBE JUNIOR SECONDARY SCHOOL,1645,10,82,ECONOMIC FREEDOM FIGHTERS,Ward
JHB,Ward 79800028,32840782,JOB RATHEBE JUNIOR SECONDARY SCHOOL,1645,10,54,ACTIONSA,Ward
JHB,Ward 79800028,32840793,QHOBOSHEANE PRIMARY SCHOOL,1857,13,380,AFRICAN NATIONAL CONGRESS,Ward
JHB,Ward 79800028,32840793,QHOBOSHEANE PRIMARY SCHOOL,1857,13,295,DEMOCRATIC ALLIANCE,Ward
JHB,Ward 79800028,32840793,QHOBOSHEANE PRIMARY SCHOOL,1857,13,101,ECONOMIC FREEDOM FIGHTERS,Ward
JHB,Ward 79800028,32840793,QHOBOSHEANE PRIMARY SCHOOL,1857,13,68,ACTIONSA,Ward
JHB,Ward 79800029,32840300,NOORDGESIG PRIMARY SCHOOL,3146,23,684,AFRICAN NATIONAL CONGRESS,Ward
JHB,Ward 79800029,32840300,NOORDGESIG PRIMARY SCHOOL,3146,23,532,DEMOCRATIC ALLIANCE,Ward
JHB,Ward 79800029,32840300,NOORDGESIG PRIMARY SCHOOL,3146,23,182,ECONOMIC FREEDOM FIGHTERS,Ward
JHB,Ward 79800029,32840300,NOORDGESIG PRIMARY SCHOOL,3146,23,122,ACTIONSA,Ward
JHB,Ward 79800029,32840647,LOFENTSE SECONDARY SCHOOL,2052,11,314,AFRICAN NATIONAL CONGRESS,Ward
JHB,Ward 79800029,32840647,LOFENTSE SECONDARY SCHOOL,2052,11,244,DEMOCRATIC ALLIANCE,Ward
JHB,Ward 79800029,32840647,LOFENTSE SECONDARY SCHOOL,2052,11,84,ECONOMIC FREEDOM FIGHTERS,Ward
JHB,Ward 79800029,32840647,LOFENTSE SECONDARY SCHOOL,2052,11,56,ACTIONSA,Ward
JHB,Ward 79800029,32840805,GOOD NEW BIBLE CHURCH,2291,14,405,AFRICAN NATIONAL CONGRESS,Ward
JHB,Ward 79800029,32840805,GOOD NEW BIBLE CHURCH,2291,14,315,DEMOCRATIC ALLIANCE,Ward
JHB,Ward 79800029,32840805,GOOD NEW BIBLE CHURCH,2291,14,108,ECONOMIC FREEDOM FIGHTERS,Ward
JHB,Ward 79800029,32840805,GOOD NEW BIBLE CHURCH,2291,14,72,ACTIONSA,Ward
JHB,Ward 79800030,32840658,LUKHOLWENI PRIMARY SCHOOL,1096,7,199,AFRICAN NATIONAL CONGRESS,Ward
JHB,Ward 79800030,32840658,LUKHOLWENI PRIMARY SCHOOL,1096,7,155,DEMOCRATIC ALLIANCE,Ward
JHB,Ward 79800030,32840658,LUKHOLWENI PRIMARY SCHOOL,1096,7,53,ECONOMIC FREEDOM FIGHTERS,Ward
JHB,Ward 79800030,32840658,LUKHOLWENI PRIMARY SCHOOL,1096,7,35,ACTIONSA,Ward
JHB,Ward 79800030,32840670,ASSEMBLIES OF GOD,2142,13,378,AFRICAN NATIONAL CONGRESS,Ward
JHB,Ward 79800030,32840670,ASSEMBLIES OF GOD,2142,13,294,DEMOCRATIC ALLIANCE,Ward
JHB,Ward 79800030,32840670,ASSEMBLIES OF GOD,2142,13,101,ECONOMIC FREEDOM FIGHTERS,Ward
JHB,Ward 79800030,32840670,ASSEMBLIES OF GOD,2142,13,67,ACTIONSA,Ward
JHB,Ward 79800030,32840692,ST JOHN BERCHMAN SCHOOL,1935,15,436,AFRICAN NATIONAL CONGRESS,Ward
JHB,Ward 79800030,32840692,ST JOHN BERCHMAN SCHOOL,1935,15,339,DEMOCRATIC ALLIANCE,Ward
JHB,Ward 79800030,32840692,ST JOHN BERCHMAN SCHOOL,1935,15,116,ECONOMIC FREEDOM FIGHTERS,Ward
JHB,Ward 79800030,32840692,ST JOHN BERCHMAN SCHOOL,1935,15,77,ACTIONSA,Ward
JHB,Ward 79800031,32840681,AFRICAN CONGREGATIONAL CHURCH,2203,12,354,AFRICAN NATIONAL CONGRESS,Ward
JHB,Ward 79800031,32840681,AFRICAN CONGREGATIONAL CHURCH,2203,12,275,DEMOCRATIC ALLIANCE,Ward
JHB,Ward 79800031,32840681,AFRICAN CONGREGATIONAL CHURCH,2203,12,94,ECONOMIC FREEDOM FIGHTERS,Ward
JHB,Ward 79800031,32840681,AFRICAN CONGREGATIONAL CHURCH,2203,12,63,ACTIONSA,Ward
JHB,Ward 79800031,32840704,AME CHURCH,1351,8,223,AFRICAN NATIONAL CONGRESS,Ward
JHB,Ward 79800031,32840704,AME CHURCH,1351,8,173,DEMOCRATIC ALLIANCE,Ward
JHB,Ward 79800031,32840704,AME CHURCH,1351,8,59,ECONOMIC FREEDOM FIGHTERS,Ward
JHB,Ward 79800031,32840704,AME CHURCH,1351,8,40,ACTIONSA,Ward
JHB,Ward 79800031,32840759,THEMBALIHLE SCHOOL,1205,7,194,AFRICAN NATIONAL CONGRESS,Ward
JHB,Ward 79800031,32840759,THEMBALIHLE SCHOOL,1205,7,151,DEMOCRATIC ALLIANCE,Ward
JHB,Ward 79800031,32840759,THEMBALIHLE SCHOOL,1205,7,52,ECONOMIC FREEDOM FIGHTERS,Ward
JHB,Ward 79800031,32840759,THEMBALIHLE SCHOOL,1205,7,35,ACTIONSA,Ward
JHB,Ward 79800032,32850727,TENT AT JOHN PARK,3282,22,644,AFRICAN NATIONAL CONGRESS,Ward
JHB,Ward 79800032,32850727,TENT AT JOHN PARK,3282,22,501,DEMOCRATIC ALLIANCE,Ward
JHB,Ward 79800032,32850727,TENT AT JOHN PARK,3282,22,172,ECONOMIC FREEDOM FIGHTERS,Ward
JHB,Ward 79800032,32850727,TENT AT JOHN PARK,3282,22,115,ACTIONSA,Ward
JHB,Ward 79800032,32850930,KINGS SCHOOL - LINBRO PARK,993,7,216,AFRICAN NATIONAL CONGRESS,Ward
JHB,Ward 79800032,32850930,KINGS SCHOOL - LINBRO PARK,993,7,168,DEMOCRATIC ALLIANCE,Ward
JHB,Ward 79800032,32850930,KINGS SCHOOL - LINBRO PARK,993,7,58,ECONOMIC FREEDOM FIGHTERS,Ward
JHB,Ward 79800032,32850930,KINGS SCHOOL - LINBRO PARK,993,7,38,ACTIONSA,Ward
JHB,Ward 79800032,32900105,HERITAGE CHRISTIAN COLLEGE,2356,20,579,AFRICAN NATIONAL CONGRESS,Ward
JHB,Ward 79800032,32900105,HERITAGE CHRISTIAN COLLEGE,2356,20,450,DEMOCRATIC ALLIANCE,Ward
JHB,Ward 79800032,32900105,HERITAGE CHRISTIAN COLLEGE,2356,20,154,ECONOMIC FREEDOM FIGHTERS,Ward
JHB,Ward 79800032,32900105,HERITAGE CHRISTIAN COLLEGE,2356,20,103,ACTIONSA,Ward
JHB,Ward 79800033,32861392,JOHANNESBURG CENTRAL TEACHER DEVELOPMENT CENTRE,1892,13,391,AFRICAN NATIONAL CONGRESS,Ward
JHB,Ward 79800033,32861392,JOHANNESBURG CENTRAL TEACHER DEVELOPMENT CENTRE,1892,13,304,DEMOCRATIC ALLIANCE,Ward
JHB,Ward 79800033,32861392,JOHANNESBURG CENTRAL TEACHER DEVELOPMENT CENTRE,1892,13,104,ECONOMIC FREEDOM FIGHTERS,Ward
JHB,Ward 79800033,32861392,JOHANNESBURG CENTRAL TEACHER DEVELOPMENT CENTRE,1892,13,69,ACTIONSA,Ward
JHB,Ward 79800033,32861448,ELKA SPORTS CLUB,930,7,205,AFRICAN NATIONAL CONGRESS,Ward
JHB,Ward 79800033,32861448,ELKA SPORTS CLUB,930,7,160,DEMOCRATIC ALLIANCE,Ward
JHB,Ward 79800033,32861448,ELKA SPORTS CLUB,930,7,55,ECONOMIC FREEDOM FIGHTERS,Ward
JHB,Ward 79800033,32861448,ELKA SPORTS CLUB,930,7,36,ACTIONSA,Ward
JHB,Ward 79800033,32861460,MOLALATLADI SCHOOL,1815,13,377,AFRICAN NATIONAL CONGRESS,Ward
JHB,Ward 79800033,32861460,MOLALATLADI SCHOOL,1815,13,293,DEMOCRATIC ALLIANCE,Ward
JHB,Ward 79800033,32861460,MOLALATLADI SCHOOL,1815,13,101,ECONOMIC FREEDOM FIGHTERS,Ward
JHB,Ward 79800033,32861460,MOLALATLADI SCHOOL,1815,13,67,ACTIONSA,Ward
JHB,Ward 79800034,32860739,TENT- JABULANI HOSTEL,3660,24,723,AFRICAN NATIONAL CONGRESS,Ward
JHB,Ward 79800034,32860739,TENT- JABULANI HOSTEL,3660,24,562,DEMOCRATIC ALLIANCE,Ward
JHB,Ward 79800034,32860739,TENT- JABULANI HOSTEL,3660,24,193,ECONOMIC FREEDOM FIGHTERS,Ward
JHB,Ward 79800034,32860739,TENT- JABULANI HOSTEL,3660,24,128,ACTIONSA,Ward
JHB,Ward 79800034,32861437,ISAACSON PRIMARY SCHOOL,2215,15,431,AFRICAN NATIONAL CONGRESS,Ward
JHB,Ward 79800034,32861437,ISAACSON PRIMARY SCHOOL,2215,15,335,DEMOCRATIC ALLIANCE,Ward
JHB,Ward 79800034,32861437,ISAACSON PRIMARY SCHOOL,2215,15,115,ECONOMIC FREEDOM FIGHTERS,Ward
JHB,Ward 79800034,32861437,ISAACSON PRIMARY SCHOOL,2215,15,77,ACTIONSA,Ward
JHB,Ward 79800034,32861505,THESELE SECONDARY SCHOOL.,1904,13,371,AFRICAN NATIONAL CONGRESS,Ward
JHB,Ward 79800034,32861505,THESELE SECONDARY SCHOOL.,1904,13,289,DEMOCRATIC ALLIANCE,Ward
JHB,Ward 79800034,32861505,THESELE SECONDARY SCHOOL.,1904,13,99,ECONOMIC FREEDOM FIGHTERS,Ward
JHB,Ward 79800034,32861505,THESELE SECONDARY SCHOOL.,1904,13,66,ACTIONSA,Ward
JHB,Ward 79800035,32861370,RUTEGANG PRIMARY SCHOOL,1360,9,253,AFRICAN NATIONAL CONGRESS,Ward
JHB,Ward 79800035,32861370,RUTEGANG PRIMARY SCHOOL,1360,9,197,DEMOCRATIC ALLIANCE,Ward
JHB,Ward 79800035,32861370,RUTEGANG PRIMARY SCHOOL,1360,9,67,ECONOMIC FREEDOM FIGHTERS,Ward
JHB,Ward 79800035,32861370,RUTEGANG PRIMARY SCHOOL,1360,9,45,ACTIONSA,Ward
JHB,Ward 79800035,32861404,MAKOLA PRIMARY SCHOOL,1606,11,339,AFRICAN NATIONAL CONGRESS,Ward
JHB,Ward 79800035,32861404,MAKOLA PRIMARY SCHOOL,1606,11,264,DEMOCRATIC ALLIANCE,Ward
JHB,Ward 79800035,32861404,MAKOLA PRIMARY SCHOOL,1606,11,90,ECONOMIC FREEDOM FIGHTERS,Ward
JHB,Ward 79800035,32861404,MAKOLA PRIMARY SCHOOL,1606,11,60,ACTIONSA,Ward
JHB,Ward 79800035,32861516,MORRIS ISAACSON HIGH SCHOOL,3164,21,613,AFRICAN NATIONAL CONGRESS,Ward
JHB,Ward 79800035,32861516,MORRIS ISAACSON HIGH SCHOOL,3164,21,477,DEMOCRATIC ALLIANCE,Ward
JHB,Ward 79800035,32861516,MORRIS ISAACSON HIGH SCHOOL,3164,21,163,ECONOMIC FREEDOM FIGHTERS,Ward
JHB,Ward 79800035,32861516,MORRIS ISAACSON HIGH SCHOOL,3164,21,109,ACTIONSA,Ward
JHB,Ward 79800036,32861279,VUKUZENZELE PRIMARY SCHOOL,1953,11,340,AFRICAN NATIONAL CONGRESS,Ward
JHB,Ward 79800036,32861279,VUKUZENZELE PRIMARY SCHOOL,1953,11,264,DEMOCRATIC ALLIANCE,Ward
JHB,Ward 79800036,32861279,VUKUZENZELE PRIMARY SCHOOL,1953,11,91,ECONOMIC FREEDOM FIGHTERS,Ward
JHB,Ward 79800036,32861279,VUKUZENZELE PRIMARY SCHOOL,1953,11,60,ACTIONSA,Ward
JHB,Ward 79800036,32861280,MOKOROTLO PRIMARY SCHOOL,2085,14,414,AFRICAN NATIONAL CONGRESS,Ward
JHB,Ward 79800036,32861280,MOKOROTLO PRIMARY SCHOOL,2085,14,322,DEMOCRATIC ALLIANCE,Ward
JHB,Ward 79800036,32861280,MOKOROTLO PRIMARY SCHOOL,2085,14,111,ECONOMIC FREEDOM FIGHTERS,Ward
JHB,Ward 79800036,32861280,MOKOROTLO PRIMARY SCHOOL,2085,14,74,ACTIONSA,Ward
JHB,Ward 79800036,32861291,TSHEDIMOSETSO MEHLALENG PRIMARY SCHOOL,1656,11,338,AFRICAN NATIONAL CONGRESS,Ward
JHB,Ward 79800036,32861291,TSHEDIMOSETSO MEHLALENG PRIMARY SCHOOL,1656,11,262,DEMOCRATIC ALLIANCE,Ward
JHB,Ward 79800036,32861291,TSHEDIMOSETSO MEHLALENG PRIMARY SCHOOL,1656,11,90,ECONOMIC FREEDOM FIGHTERS,Ward
JHB,Ward 79800036,32861291,TSHEDIMOSETSO MEHLALENG PRIMARY SCHOOL,1656,11,60,ACTIONSA,Ward
JHB,Ward 79800037,32841211,TENT NANCEFIELD HOSTEL LIFATEN,2277,9,276,AFRICAN NATIONAL CONGRESS,Ward
JHB,Ward 79800037,32841211,TENT NANCEFIELD HOSTEL LIFATEN,2277,9,215,DEMOCRATIC ALLIANCE,Ward
JHB,Ward 79800037,32841211,TENT NANCEFIELD HOSTEL LIFATEN,2277,9,74,ECONOMIC FREEDOM FIGHTERS,Ward
JHB,Ward 79800037,32841211,TENT NANCEFIELD HOSTEL LIFATEN,2277,9,49,ACTIONSA,Ward
JHB,Ward 79800037,32861257,IGUGU PRIMARY SCHOOL,2970,19,562,AFRICAN NATIONAL CONGRESS,Ward
JHB,Ward 79800037,32861257,IGUGU PRIMARY SCHOOL,2970,19,437,DEMOCRATIC ALLIANCE,Ward
JHB,Ward 79800037,32861257,IGUGU PRIMARY SCHOOL,2970,19,150,ECONOMIC FREEDOM FIGHTERS,Ward
JHB,Ward 79800037,32861257,IGUGU PRIMARY SCHOOL,2970,19,100,ACTIONSA,Ward
JHB,Ward 79800037,32861268,SUNSHINE CENTRE,1592,10,306,AFRICAN NATIONAL CONGRESS,Ward
JHB,Ward 79800037,32861268,SUNSHINE CENTRE,1592,10,238,DEMOCRATIC ALLIANCE,Ward
JHB,Ward 79800037,32861268,SUNSHINE CENTRE,1592,10,81,ECONOMIC FREEDOM FIGHTERS,Ward
JHB,Ward 79800037,32861268,SUNSHINE CENTRE,1592,10,54,ACTIONSA,Ward
JHB,Ward 79800038,32861145,SYDNEY MASEKO ADULT LEARNING CENTRE,2021,14,399,AFRICAN NATIONAL CONGRESS,Ward
JHB,Ward 79800038,32861145,SYDNEY MASEKO ADULT LEARNING CENTRE,2021,14,310,DEMOCRATIC ALLIANCE,Ward
JHB,Ward 79800038,32861145,SYDNEY MASEKO ADULT LEARNING CENTRE,2021,14,106,ECONOMIC FREEDOM FIGHTERS,Ward
JHB,Ward 79800038,32861145,SYDNEY MASEKO ADULT LEARNING CENTRE,2021,14,71,ACTIONSA,Ward
JHB,Ward 79800038,32861190,NKA-THUTO PRIMARY SCHOOL,1669,10,308,AFRICAN NATIONAL CONGRESS,Ward
JHB,Ward 79800038,32861190,NKA-THUTO PRIMARY SCHOOL,1669,10,240,DEMOCRATIC ALLIANCE,Ward
JHB,Ward 79800038,32861190,NKA-THUTO PRIMARY SCHOOL,1669,10,82,ECONOMIC FREEDOM FIGHTERS,Ward
JHB,Ward 79800038,32861190,NKA-THUTO PRIMARY SCHOOL,1669,10,55,ACTIONSA,Ward
JHB,Ward 79800038,32861202,DR BEYERS NAUDE SECONDARY SCHOOL,1234,8,241,AFRICAN NATIONAL CONGRESS,Ward
JHB,Ward 79800038,32861202,DR BEYERS NAUDE SECONDARY SCHOOL,1234,8,187,DEMOCRATIC ALLIANCE,Ward
JHB,Ward 79800038,32861202,DR BEYERS NAUDE SECONDARY SCHOOL,1234,8,64,ECONOMIC FREEDOM FIGHTERS,Ward
JHB,Ward 79800038,32861202,DR BEYERS NAUDE SECONDARY SCHOOL,1234,8,43,ACTIONSA,Ward
JHB,Ward 79800039,32861235,ORLANDO WEST SECONDARY SCHOOL,1367,9,268,AFRICAN NATIONAL CONGRESS,Ward
JHB,Ward 79800039,32861235,ORLANDO WEST SECONDARY SCHOOL,1367,9,208,DEMOCRATIC ALLIANCE,Ward
JHB,Ward 79800039,32861235,ORLANDO WEST SECONDARY SCHOOL,1367,9,71,ECONOMIC FREEDOM FIGHTERS,Ward
JHB,Ward 79800039,32861235,ORLANDO WEST SECONDARY SCHOOL,1367,9,48,ACTIONSA,Ward
JHB,Ward 79800039,32861303,SAPEBUSO PRIMARY SCHOOL,2549,17,495,AFRICAN NATIONAL CONGRESS,Ward
JHB,Ward 79800039,32861303,SAPEBUSO PRIMARY SCHOOL,2549,17,385,DEMOCRATIC ALLIANCE,Ward
JHB,Ward 79800039,32861303,SAPEBUSO PRIMARY SCHOOL,2549,17,132,ECONOMIC FREEDOM FIGHTERS,Ward
JHB,Ward 79800039,32861303,SAPEBUSO PRIMARY SCHOOL,2549,17,88,ACTIONSA,Ward
JHB,Ward 79800039,32861314,ORLANDO WEST WOMEN'S HOSTEL HALL,2001,13,371,AFRICAN NATIONAL CONGRESS,Ward
JHB,Ward 79800039,32861314,ORLANDO WEST WOMEN'S HOSTEL HALL,2001,13,288,DEMOCRATIC ALLIANCE,Ward
JHB,Ward 79800039,32861314,ORLANDO WEST WOMEN'S HOSTEL HALL,2001,13,99,ECONOMIC FREEDOM FIGHTERS,Ward
JHB,Ward 79800039,32861314,ORLANDO WEST WOMEN'S HOSTEL HALL,2001,13,66,ACTIONSA,Ward
JHB,Ward 79800040,32870729,TSHIRELETSO LOWER PRIMARY SCHOOL,1919,14,417,AFRICAN NATIONAL CONGRESS,Ward
JHB,Ward 79800040,32870729,TSHIRELETSO LOWER PRIMARY SCHOOL,1919,14,324,DEMOCRATIC ALLIANCE,Ward
JHB,Ward 79800040,32870729,TSHIRELETSO LOWER PRIMARY SCHOOL,1919,14,111,ECONOMIC FREEDOM FIGHTERS,Ward
JHB,Ward 79800040,32870729,TSHIRELETSO LOWER PRIMARY SCHOOL,1919,14,74,ACTIONSA,Ward
JHB,Ward 79800040,32870730,TENT (NEXT TO HOUSE NO 379 A),3182,19,549,AFRICAN NATIONAL CONGRESS,Ward
JHB,Ward 79800040,32870730,TENT (NEXT TO HOUSE NO 379 A),3182,19,427,DEMOCRATIC ALLIANCE,Ward
JHB,Ward 79800040,32870730,TENT (NEXT TO HOUSE NO 379 A),3182,19,147,ECONOMIC FREEDOM FIGHTERS,Ward
JHB,Ward 79800040,32870730,TENT (NEXT TO HOUSE NO 379 A),3182,19,98,ACTIONSA,Ward
JHB,Ward 79800040,32870842,THABANENG PRIMARY SCHOOL,2329,15,441,AFRICAN NATIONAL CONGRESS,Ward
JHB,Ward 79800040,32870842,THABANENG PRIMARY SCHOOL,2329,15,343,DEMOCRATIC ALLIANCE,Ward
JHB,Ward 79800040,32870842,THABANENG PRIMARY SCHOOL,2329,15,118,ECONOMIC FREEDOM FIGHTERS,Ward
JHB,Ward 79800040,32870842,THABANENG PRIMARY SCHOOL,2329,15,78,ACTIONSA,Ward
JHB,Ward 79800041,32870707,THUTOLORE HIGH SCHOOL,2056,7,214,AFRICAN NATIONAL CONGRESS,Ward
JHB,Ward 79800041,32870707,THUTOLORE HIGH SCHOOL,2056,7,166,DEMOCRATIC ALLIANCE,Ward
JHB,Ward 79800041,32870707,THUTOLORE HIGH SCHOOL,2056,7,57,ECONOMIC FREEDOM FIGHTERS,Ward
JHB,Ward 79800041,32870707,THUTOLORE HIGH SCHOOL,2056,7,38,ACTIONSA,Ward
JHB,Ward 79800041,32870741,EVANGELICAL LUTHERAN CHURCH,1236,10,299,AFRICAN NATIONAL CONGRESS,Ward
JHB,Ward 79800041,32870741,EVANGELICAL LUTHERAN CHURCH,1236,10,232,DEMOCRATIC ALLIANCE,Ward
JHB,Ward 79800041,32870741,EVANGELICAL LUTHERAN CHURCH,1236,10,80,ECONOMIC FREEDOM FIGHTERS,Ward
JHB,Ward 79800041,32870741,EVANGELICAL LUTHERAN CHURCH,1236,10,53,ACTIONSA,Ward
JHB,Ward 79800041,32870752,MASEKHENE PRIMARY SCHOOL,1725,13,374,AFRICAN NATIONAL CONGRESS,Ward
JHB,Ward 79800041,32870752,MASEKHENE PRIMARY SCHOOL,1725,13,290,DEMOCRATIC ALLIANCE,Ward
JHB,Ward 79800041,32870752,MASEKHENE PRIMARY SCHOOL,1725,13,100,ECONOMIC FREEDOM FIGHTERS,Ward
JHB,Ward 79800041,32870752,MASEKHENE PRIMARY SCHOOL,1725,13,66,ACTIONSA,Ward
JHB,Ward 79800042,32870606,SIVELILE COMBINED SCHOOL,1113,7,197,AFRICAN NATIONAL CONGRESS,Ward
JHB,Ward 79800042,32870606,SIVELILE COMBINED SCHOOL,1113,7,153,DEMOCRATIC ALLIANCE,Ward
JHB,Ward 79800042,32870606,SIVELILE COMBINED SCHOOL,1113,7,53,ECONOMIC FREEDOM FIGHTERS,Ward
JHB,Ward 79800042,32870606,SIVELILE COMBINED SCHOOL,1113,7,35,ACTIONSA,Ward
JHB,Ward 79800042,32870617,EMPUMALANGA PRIMARY SCHOOL,2625,15,446,AFRICAN NATIONAL CONGRESS,Ward
JHB,Ward 79800042,32870617,EMPUMALANGA PRIMARY SCHOOL,2625,15,347,DEMOCRATIC ALLIANCE,Ward
JHB,Ward 79800042,32870617,EMPUMALANGA PRIMARY SCHOOL,2625,15,119,ECONOMIC FREEDOM FIGHTERS,Ward
JHB,Ward 79800042,32870617,EMPUMALANGA PRIMARY SCHOOL,2625,15,79,ACTIONSA,Ward
JHB,Ward 79800042,32870628,TLHOKOMELO PRIMARY SCHOOL,1508,12,357,AFRICAN NATIONAL CONGRESS,Ward
JHB,Ward 79800042,32870628,TLHOKOMELO PRIMARY SCHOOL,1508,12,278,DEMOCRATIC ALLIANCE,Ward
JHB,Ward 79800042,32870628,TLHOKOMELO PRIMARY SCHOOL,1508,12,95,ECONOMIC FREEDOM FIGHTERS,Ward
JHB,Ward 79800042,32870628,TLHOKOMELO PRIMARY SCHOOL,1508,12,63,ACTIONSA,Ward
JHB,Ward 79800043,32870651,MEADOWLANDS PRIMARY SCHOOL,2444,16,486,AFRICAN NATIONAL CONGRESS,Ward
JHB,Ward 79800043,32870651,MEADOWLANDS PRIMARY SCHOOL,2444,16,378,DEMOCRATIC ALLIANCE,Ward
JHB,Ward 79800043,32870651,MEADOWLANDS PRIMARY SCHOOL,2444,16,130,ECONOMIC FREEDOM FIGHTERS,Ward
JHB,Ward 79800043,32870651,MEADOWLANDS PRIMARY SCHOOL,2444,16,86,ACTIONSA,Ward
JHB,Ward 79800043,32870662,PARISH OF MEADOWLANDS,1941,14,408,AFRICAN NATIONAL CONGRESS,Ward
JHB,Ward 79800043,32870662,PARISH OF MEADOWLANDS,1941,14,317,DEMOCRATIC ALLIANCE,Ward
JHB,Ward 79800043,32870662,PARISH OF MEADOWLANDS,1941,14,109,ECONOMIC FREEDOM FIGHTERS,Ward
JHB,Ward 79800043,32870662,PARISH OF MEADOWLANDS,1941,14,73,ACTIONSA,Ward
JHB,Ward 79800043,32870673,LIVHUWANI PRIMARY SCHOOL,2189,14,428,AFRICAN NATIONAL CONGRESS,Ward
JHB,Ward 79800043,32870673,LIVHUWANI PRIMARY SCHOOL,2189,14,332,DEMOCRATIC ALLIANCE,Ward
JHB,Ward 79800043,32870673,LIVHUWANI PRIMARY SCHOOL,2189,14,114,ECONOMIC FREEDOM FIGHTERS,Ward
JHB,Ward 79800043,32870673,LIVHUWANI PRIMARY SCHOOL,2189,14,76,ACTIONSA,Ward
JHB,Ward 79800044,32871124,MOSES KOTANE PRIMARY SCHOOL,5827,33,965,AFRICAN NATIONAL CONGRESS,Ward
JHB,Ward 79800044,32871124,MOSES KOTANE PRIMARY SCHOOL,5827,33,751,DEMOCRATIC ALLIANCE,Ward
JHB,Ward 79800044,32871124,MOSES KOTANE PRIMARY SCHOOL,5827,33,257,ECONOMIC FREEDOM FIGHTERS,Ward
JHB,Ward 79800044,32871124,MOSES KOTANE PRIMARY SCHOOL,5827,33,172,ACTIONSA,Ward
JHB,Ward 79800044,32871168,SIYABONGA SECONDARY SCHOOL,5332,33,965,AFRICAN NATIONAL CONGRESS,Ward
JHB,Ward 79800044,32871168,SIYABONGA SECONDARY SCHOOL,5332,33,751,DEMOCRATIC ALLIANCE,Ward
JHB,Ward 79800044,32871168,SIYABONGA SECONDARY SCHOOL,5332,33,257,ECONOMIC FREEDOM FIGHTERS,Ward
JHB,Ward 79800044,32871168,SIYABONGA SECONDARY SCHOOL,5332,33,172,ACTIONSA,Ward
JHB,Ward 79800044,32871393,KGATELOPELE SECONDARY SCHOOL,3160,20,577,AFRICAN NATIONAL CONGRESS,Ward
JHB,Ward 79800044,32871393,KGATELOPELE SECONDARY SCHOOL,3160,20,449,DEMOCRATIC ALLIANCE,Ward
JHB,Ward 79800044,32871393,KGATELOPELE SECONDARY SCHOOL,3160,20,154,ECONOMIC FREEDOM FIGHTERS,Ward
JHB,Ward 79800044,32871393,KGATELOPELE SECONDARY SCHOOL,3160,20,103,ACTIONSA,Ward
JHB,Ward 79800045,32870369,APOSTOLIC FAITH MISSION OF SA.,1989,14,428,AFRICAN NATIONAL CONGRESS,Ward
JHB,Ward 79800045,32870369,APOSTOLIC FAITH MISSION OF SA.,1989,14,332,DEMOCRATIC ALLIANCE,Ward
JHB,Ward 79800045,32870369,APOSTOLIC FAITH MISSION OF SA.,1989,14,114,ECONOMIC FREEDOM FIGHTERS,Ward
JHB,Ward 79800045,32870369,APOSTOLIC FAITH MISSION OF SA.,1989,14,76,ACTIONSA,Ward
JHB,Ward 79800045,32870549,MEADOWLANDS WELFARE CENTRE,2610,17,502,AFRICAN NATIONAL CONGRESS,Ward
JHB,Ward 79800045,32870549,MEADOWLANDS WELFARE CENTRE,2610,17,391,DEMOCRATIC ALLIANCE,Ward
JHB,Ward 79800045,32870549,MEADOWLANDS WELFARE CENTRE,2610,17,134,ECONOMIC FREEDOM FIGHTERS,Ward
JHB,Ward 79800045,32870549,MEADOWLANDS WELFARE CENTRE,2610,17,89,ACTIONSA,Ward
JHB,Ward 79800045,32870550,PALESA COMBINED SCHOOL,2034,13,396,AFRICAN NATIONAL CONGRESS,Ward
JHB,Ward 79800045,32870550,PALESA COMBINED SCHOOL,2034,13,308,DEMOCRATIC ALLIANCE,Ward
JHB,Ward 79800045,32870550,PALESA COMBINED SCHOOL,2034,13,105,ECONOMIC FREEDOM FIGHTERS,Ward
JHB,Ward 79800045,32870550,PALESA COMBINED SCHOOL,2034,13,70,ACTIONSA,Ward
JHB,Ward 79800046,32861167,THULANI COMBINED PRIMARY SCHOOL,2771,17,490,AFRICAN NATIONAL CONGRESS,Ward
JHB,Ward 79800046,32861167,THULANI COMBINED PRIMARY SCHOOL,2771,17,381,DEMOCRATIC ALLIANCE,Ward
JHB,Ward 79800046,32861167,THULANI COMBINED PRIMARY SCHOOL,2771,17,131,ECONOMIC FREEDOM FIGHTERS,Ward
JHB,Ward 79800046,32861167,THULANI COMBINED PRIMARY SCHOOL,2771,17,87,ACTIONSA,Ward
JHB,Ward 79800046,32861808,USINDISO HIGHER PRIMARY SCHOOL,1625,11,315,AFRICAN NATIONAL CONGRESS,Ward
JHB,Ward 79800046,32861808,USINDISO HIGHER PRIMARY SCHOOL,1625,11,245,DEMOCRATIC ALLIANCE,Ward
JHB,Ward 79800046,32861808,USINDISO HIGHER PRIMARY SCHOOL,1625,11,84,ECONOMIC FREEDOM FIGHTERS,Ward
JHB,Ward 79800046,32861808,USINDISO HIGHER PRIMARY SCHOOL,1625,11,56,ACTIONSA,Ward
JHB,Ward 79800046,32861819,LETARE SCHOOL,1771,12,352,AFRICAN NATIONAL CONGRESS,Ward
JHB,Ward 79800046,32861819,LETARE SCHOOL,1771,12,274,DEMOCRATIC ALLIANCE,Ward
JHB,Ward 79800046,32861819,LETARE SCHOOL,1771,12,94,ECONOMIC FREEDOM FIGHTERS,Ward
JHB,Ward 79800046,32861819,LETARE SCHOOL,1771,12,63,ACTIONSA,Ward
JHB,Ward 79800047,32861381,NAZARENE CHURCH,1456,9,262,AFRICAN NATIONAL CONGRESS,Ward
JHB,Ward 79800047,32861381,NAZARENE CHURCH,1456,9,204,DEMOCRATIC ALLIANCE,Ward
JHB,Ward 79800047,32861381,NAZARENE CHURCH,1456,9,70,ECONOMIC FREEDOM FIGHTERS,Ward
JHB,Ward 79800047,32861381,NAZARENE CHURCH,1456,9,47,ACTIONSA,Ward
JHB,Ward 79800047,32861415,ESIYALWINI PRIMARY SCHOOL,2270,7,202,AFRICAN NATIONAL CONGRESS,Ward
JHB,Ward 79800047,32861415,ESIYALWINI PRIMARY SCHOOL,2270,7,158,DEMOCRATIC ALLIANCE,Ward
JHB,Ward 79800047,32861415,ESIYALWINI PRIMARY SCHOOL,2270,7,54,ECONOMIC FREEDOM FIGHTERS,Ward
JHB,Ward 79800047,32861415,ESIYALWINI PRIMARY SCHOOL,2270,7,36,ACTIONSA,Ward
JHB,Ward 79800047,32870381,TENT AT LEDWABA STREET FOOTBALL GROUNDS,2568,13,387,AFRICAN NATIONAL CONGRESS,Ward
JHB,Ward 79800047,32870381,TENT AT LEDWABA STREET FOOTBALL GROUNDS,2568,13,301,DEMOCRATIC ALLIANCE,Ward
JHB,Ward 79800047,32870381,TENT AT LEDWABA STREET FOOTBALL GROUNDS,2568,13,103,ECONOMIC FREEDOM FIGHTERS,Ward
JHB,Ward 79800047,32870381,TENT AT LEDWABA STREET FOOTBALL GROUNDS,2568,13,69,ACTIONSA,Ward
JHB,Ward 79800048,32870459,ENKOLWENI PRIMARY SCHOOL,1022,7,199,AFRICAN NATIONAL CONGRESS,Ward
JHB,Ward 79800048,32870459,ENKOLWENI PRIMARY SCHOOL,1022,7,155,DEMOCRATIC ALLIANCE,Ward
JHB,Ward 79800048,32870459,ENKOLWENI PRIMARY SCHOOL,1022,7,53,ECONOMIC FREEDOM FIGHTERS,Ward
JHB,Ward 79800048,32870459,ENKOLWENI PRIMARY SCHOOL,1022,7,35,ACTIONSA,Ward
JHB,Ward 79800048,32870460,THATHEZAKHO PRIMARY SCHOOL,2908,16,472,AFRICAN NATIONAL CONGRESS,Ward
JHB,Ward 79800048,32870460,THATHEZAKHO PRIMARY SCHOOL,2908,16,368,DEMOCRATIC ALLIANCE,Ward
JHB,Ward 79800048,32870460,THATHEZAKHO PRIMARY SCHOOL,2908,16,126,ECONOMIC FREEDOM FIGHTERS,Ward
JHB,Ward 79800048,32870460,THATHEZAKHO PRIMARY SCHOOL,2908,16,84,ACTIONSA,Ward
JHB,Ward 79800048,32870482,DSJ PRIMARY SCHOOL,2508,16,459,AFRICAN NATIONAL CONGRESS,Ward
JHB,Ward 79800048,32870482,DSJ PRIMARY SCHOOL,2508,16,357,DEMOCRATIC ALLIANCE,Ward
JHB,Ward 79800048,32870482,DSJ PRIMARY SCHOOL,2508,16,122,ECONOMIC FREEDOM FIGHTERS,Ward
JHB,Ward 79800048,32870482,DSJ PRIMARY SCHOOL,2508,16,82,ACTIONSA,Ward
JHB,Ward 79800049,32871113,BRAAM FISCHERVILLE CRICKET STADIUM,2753,15,442,AFRICAN NATIONAL CONGRESS,Ward
JHB,Ward 79800049,32871113,BRAAM FISCHERVILLE CRICKET STADIUM,2753,15,344,DEMOCRATIC ALLIANCE,Ward
JHB,Ward 79800049,32871113,BRAAM FISCHERVILLE CRICKET STADIUM,2753,15,118,ECONOMIC FREEDOM FIGHTERS,Ward
JHB,Ward 79800049,32871113,BRAAM FISCHERVILLE CRICKET STADIUM,2753,15,79,ACTIONSA,Ward
JHB,Ward 79800049,32871180,BRAAM FISCHER PRIMARY SCHOOL,4494,12,348,AFRICAN NATIONAL CONGRESS,Ward
JHB,Ward 79800049,32871180,BRAAM FISCHER PRIMARY SCHOOL,4494,12,271,DEMOCRATIC ALLIANCE,Ward
JHB,Ward 79800049,32871180,BRAAM FISCHER PRIMARY SCHOOL,4494,12,93,ECONOMIC FREEDOM FIGHTERS,Ward
JHB,Ward 79800049,32871180,BRAAM FISCHER PRIMARY SCHOOL,4494,12,62,ACTIONSA,Ward
JHB,Ward 79800049,32871236,NKONE MARUPING PRIMARY SCHOOL,3280,19,569,AFRICAN NATIONAL CONGRESS,Ward
JHB,Ward 79800049,32871236,NKONE MARUPING PRIMARY SCHOOL,3280,19,443,DEMOCRATIC ALLIANCE,Ward
JHB,Ward 79800049,32871236,NKONE MARUPING PRIMARY SCHOOL,3280,19,152,ECONOMIC FREEDOM FIGHTERS,Ward
JHB,Ward 79800049,32871236,NKONE MARUPING PRIMARY SCHOOL,3280,19,101,ACTIONSA,Ward
JHB,Ward 79800050,32870404,TENT (EXT A&B FOOTBALL GROUND),867,5,148,AFRICAN NATIONAL CONGRESS,Ward
JHB,Ward 79800050,32870404,TENT (EXT A&B FOOTBALL GROUND),867,5,115,DEMOCRATIC ALLIANCE,Ward
JHB,Ward 79800050,32870404,TENT (EXT A&B FOOTBALL GROUND),867,5,40,ECONOMIC FREEDOM FIGHTERS,Ward
JHB,Ward 79800050,32870404,TENT (EXT A&B FOOTBALL GROUND),867,5,26,ACTIONSA,Ward
JHB,Ward 79800050,32870943,TENT (EXT 4 TAXI RANK),2043,12,345,AFRICAN NATIONAL CONGRESS,Ward
JHB,Ward 79800050,32870943,TENT (EXT 4 TAXI RANK),2043,12,268,DEMOCRATIC ALLIANCE,Ward
JHB,Ward 79800050,32870943,TENT (EXT 4 TAXI RANK),2043,12,92,ECONOMIC FREEDOM FIGHTERS,Ward
JHB,Ward 79800050,32870943,TENT (EXT 4 TAXI RANK),2043,12,61,ACTIONSA,Ward
JHB,Ward 79800050,32870965,MAYIBUYE PRIMARY SCHOOL,4255,24,702,AFRICAN NATIONAL CONGRESS,Ward
JHB,Ward 79800050,32870965,MAYIBUYE PRIMARY SCHOOL,4255,24,546,DEMOCRATIC ALLIANCE,Ward
JHB,Ward 79800050,32870965,MAYIBUYE PRIMARY SCHOOL,4255,24,187,ECONOMIC FREEDOM FIGHTERS,Ward
JHB,Ward 79800050,32870965,MAYIBUYE PRIMARY SCHOOL,4255,24,125,ACTIONSA,Ward
JHB,Ward 79800051,32861156,ESITHEBENI PRIMARY SCHOOL,1919,12,344,AFRICAN NATIONAL CONGRESS,Ward
JHB,Ward 79800051,32861156,ESITHEBENI PRIMARY SCHOOL,1919,12,268,DEMOCRATIC ALLIANCE,Ward
JHB,Ward 79800051,32861156,ESITHEBENI PRIMARY SCHOOL,1919,12,92,ECONOMIC FREEDOM FIGHTERS,Ward
JHB,Ward 79800051,32861156,ESITHEBENI PRIMARY SCHOOL,1919,12,61,ACTIONSA,Ward
JHB,Ward 79800051,32861853,INDYEBO HIGHER PRIMARY SCHOOL,2225,13,382,AFRICAN NATIONAL CONGRESS,Ward
JHB,Ward 79800051,32861853,INDYEBO HIGHER PRIMARY SCHOOL,2225,13,297,DEMOCRATIC ALLIANCE,Ward
JHB,Ward 79800051,32861853,INDYEBO HIGHER PRIMARY SCHOOL,2225,13,102,ECONOMIC FREEDOM FIGHTERS,Ward
JHB,Ward 79800051,32861853,INDYEBO HIGHER PRIMARY SCHOOL,2225,13,68,ACTIONSA,Ward
JHB,Ward 79800051,32861965,BUSISIWE PRIMARY SCHOOL,1889,11,338,AFRICAN NATIONAL CONGRESS,Ward
JHB,Ward 79800051,32861965,BUSISIWE PRIMARY SCHOOL,1889,11,263,DEMOCRATIC ALLIANCE,Ward
JHB,Ward 79800051,32861965,BUSISIWE PRIMARY SCHOOL,1889,11,90,ECONOMIC FREEDOM FIGHTERS,Ward
JHB,Ward 79800051,32861965,BUSISIWE PRIMARY SCHOOL,1889,11,60,ACTIONSA,Ward
JHB,Ward 79800052,32861998,DR BW VILAKAZI SECONDARY SCHOOL,2401,14,414,AFRICAN NATIONAL CONGRESS,Ward
JHB,Ward 79800052,32861998,DR BW VILAKAZI SECONDARY SCHOOL,2401,14,322,DEMOCRATIC ALLIANCE,Ward
JHB,Ward 79800052,32861998,DR BW VILAKAZI SECONDARY SCHOOL,2401,14,111,ECONOMIC FREEDOM FIGHTERS,Ward
JHB,Ward 79800052,32861998,DR BW VILAKAZI SECONDARY SCHOOL,2401,14,74,ACTIONSA,Ward
JHB,Ward 79800052,32862001,ASSEMBLY OF GOD,1422,8,236,AFRICAN NATIONAL CONGRESS,Ward
JHB,Ward 79800052,32862001,ASSEMBLY OF GOD,1422,8,184,DEMOCRATIC ALLIANCE,Ward
JHB,Ward 79800052,32862001,ASSEMBLY OF GOD,1422,8,63,ECONOMIC FREEDOM FIGHTERS,Ward
JHB,Ward 79800052,32862001,ASSEMBLY OF GOD,1422,8,42,ACTIONSA,Ward
JHB,Ward 79800052,32862045,ERNEST BUTI CRECHE,1519,8,242,AFRICAN NATIONAL CONGRESS,Ward
JHB,Ward 79800052,32862045,ERNEST BUTI CRECHE,1519,8,188,DEMOCRATIC ALLIANCE,Ward
JHB,Ward 79800052,32862045,ERNEST BUTI CRECHE,1519,8,64,ECONOMIC FREEDOM FIGHTERS,Ward
JHB,Ward 79800052,32862045,ERNEST BUTI CRECHE,1519,8,43,ACTIONSA,Ward
JHB,Ward 79800053,32870370,SLOVOVILLE HALL,4352,23,679,AFRICAN NATIONAL CONGRESS,Ward
JHB,Ward 79800053,32870370,SLOVOVILLE HALL,4352,23,528,DEMOCRATIC ALLIANCE,Ward
JHB,Ward 79800053,32870370,SLOVOVILLE HALL,4352,23,181,ECONOMIC FREEDOM FIGHTERS,Ward
JHB,Ward 79800053,32870370,SLOVOVILLE HALL,4352,23,121,ACTIONSA,Ward
JHB,Ward 79800053,32870909,METHODIST CHURCH OF SOUTHERN AFRICA,3457,21,627,AFRICAN NATIONAL CONGRESS,Ward
JHB,Ward 79800053,32870909,METHODIST CHURCH OF SOUTHERN AFRICA,3457,21,488,DEMOCRATIC ALLIANCE,Ward
JHB,Ward 79800053,32870909,METHODIST CHURCH OF SOUTHERN AFRICA,3457,21,167,ECONOMIC FREEDOM FIGHTERS,Ward
JHB,Ward 79800053,32870909,METHODIST CHURCH OF SOUTHERN AFRICA,3457,21,111,ACTIONSA,Ward
JHB,Ward 79800053,32870954,KLIPVALLEY PRIMARY SCHOOL,4578,23,666,AFRICAN NATIONAL CONGRESS,Ward
JHB,Ward 79800053,32870954,KLIPVALLEY PRIMARY SCHOOL,4578,23,518,DEMOCRATIC ALLIANCE,Ward
JHB,Ward 79800053,32870954,KLIPVALLEY PRIMARY SCHOOL,4578,23,178,ECONOMIC FREEDOM FIGHTERS,Ward
JHB,Ward 79800053,32870954,KLIPVALLEY PRIMARY SCHOOL,4578,23,118,ACTIONSA,Ward
JHB,Ward 79800054,32860144,PRESIDENT HIGH SCHOOL,5764,41,1218,AFRICAN NATIONAL CONGRESS,Ward
JHB,Ward 79800054,32860144,PRESIDENT HIGH SCHOOL,5764,41,947,DEMOCRATIC ALLIANCE,Ward
JHB,Ward 79800054,32860144,PRESIDENT HIGH SCHOOL,5764,41,325,ECONOMIC FREEDOM FIGHTERS,Ward
JHB,Ward 79800054,32860144,PRESIDENT HIGH SCHOOL,5764,41,216,ACTIONSA,Ward
JHB,Ward 79800054,32860166,UNISA CONFERENCE CENTRE,4114,30,895,AFRICAN NATIONAL CONGRESS,Ward
JHB,Ward 79800054,32860166,UNISA CONFERENCE CENTRE,4114,30,696,DEMOCRATIC ALLIANCE,Ward
JHB,Ward 79800054,32860166,UNISA CONFERENCE CENTRE,4114,30,239,ECONOMIC FREEDOM FIGHTERS,Ward
JHB,Ward 79800054,32860166,UNISA CONFERENCE CENTRE,4114,30,159,ACTIONSA,Ward
JHB,Ward 79800054,32860335,MONDEOR RECREATION CENTRE,4252,25,737,AFRICAN NATIONAL CONGRESS,Ward
JHB,Ward 79800054,32860335,MONDEOR RECREATION CENTRE,4252,25,573,DEMOCRATIC ALLIANCE,Ward
JHB,Ward 79800054,32860335,MONDEOR RECREATION CENTRE,4252,25,197,ECONOMIC FREEDOM FIGHTERS,Ward
JHB,Ward 79800054,32860335,MONDEOR RECREATION CENTRE,4252,25,131,ACTIONSA,Ward
JHB,Ward 79800055,32860155,WINCHESTER RIDGE PRIMARY SCHOOL,2704,18,544,AFRICAN NATIONAL CONGRESS,Ward
JHB,Ward 79800055,32860155,WINCHESTER RIDGE PRIMARY SCHOOL,2704,18,423,DEMOCRATIC ALLIANCE,Ward
JHB,Ward 79800055,32860155,WINCHESTER RIDGE PRIMARY SCHOOL,2704,18,145,ECONOMIC FREEDOM FIGHTERS,Ward
JHB,Ward 79800055,32860155,WINCHESTER RIDGE PRIMARY SCHOOL,2704,18,97,ACTIONSA,Ward
JHB,Ward 79800055,32860188,TURFFONTEIN PRIMARY SCHOOL,4383,23,687,AFRICAN NATIONAL CONGRESS,Ward
JHB,Ward 79800055,32860188,TURFFONTEIN PRIMARY SCHOOL,4383,23,534,DEMOCRATIC ALLIANCE,Ward
JHB,Ward 79800055,32860188,TURFFONTEIN PRIMARY SCHOOL,4383,23,183,ECONOMIC FREEDOM FIGHTERS,Ward
JHB,Ward 79800055,32860188,TURFFONTEIN PRIMARY SCHOOL,4383,23,122,ACTIONSA,Ward
JHB,Ward 79800055,32860313,FAKKEL HIGH SCHOOL,3658,22,656,AFRICAN NATIONAL CONGRESS,Ward
JHB,Ward 79800055,32860313,FAKKEL HIGH SCHOOL,3658,22,510,DEMOCRATIC ALLIANCE,Ward
JHB,Ward 79800055,32860313,FAKKEL HIGH SCHOOL,3658,22,175,ECONOMIC FREEDOM FIGHTERS,Ward
JHB,Ward 79800055,32860313,FAKKEL HIGH SCHOOL,3658,22,117,ACTIONSA,Ward
JHB,Ward 79800056,32860212,TOWNSVIEW PRIMARY SCHOOL,3281,22,654,AFRICAN NATIONAL CONGRESS,Ward
JHB,Ward 79800056,32860212,TOWNSVIEW PRIMARY SCHOOL,3281,22,509,DEMOCRATIC ALLIANCE,Ward
JHB,Ward 79800056,32860212,TOWNSVIEW PRIMARY SCHOOL,3281,22,174,ECONOMIC FREEDOM FIGHTERS,Ward
JHB,Ward 79800056,32860212,TOWNSVIEW PRIMARY SCHOOL,3281,22,116,ACTIONSA,Ward
JHB,Ward 79800056,32860223,HIGHVELD PRIMARY SCHOOL,3039,20,601,AFRICAN NATIONAL CONGRESS,Ward
JHB,Ward 79800056,32860223,HIGHVELD PRIMARY SCHOOL,3039,20,467,DEMOCRATIC ALLIANCE,Ward
JHB,Ward 79800056,32860223,HIGHVELD PRIMARY SCHOOL,3039,20,160,ECONOMIC FREEDOM FIGHTERS,Ward
JHB,Ward 79800056,32860223,HIGHVELD PRIMARY SCHOOL,3039,20,107,ACTIONSA,Ward
JHB,Ward 79800056,32860234,ROSETTENVILLE TENNIS COURT,2384,12,363,AFRICAN NATIONAL CONGRESS,Ward
JHB,Ward 79800056,32860234,ROSETTENVILLE TENNIS COURT,2384,12,282,DEMOCRATIC ALLIANCE,Ward
JHB,Ward 79800056,32860234,ROSETTENVILLE TENNIS COURT,2384,12,97,ECONOMIC FREEDOM FIGHTERS,Ward
JHB,Ward 79800056,32860234,ROSETTENVILLE TENNIS COURT,2384,12,65,ACTIONSA,Ward
JHB,Ward 79800057,32860111,CITY DEEP ADULT SCHOOL,1451,8,245,AFRICAN NATIONAL CONGRESS,Ward
JHB,Ward 79800057,32860111,CITY DEEP ADULT SCHOOL,1451,8,191,DEMOCRATIC ALLIANCE,Ward
JHB,Ward 79800057,32860111,CITY DEEP ADULT SCHOOL,1451,8,65,ECONOMIC FREEDOM FIGHTERS,Ward
JHB,Ward 79800057,32860111,CITY DEEP ADULT SCHOOL,1451,8,44,ACTIONSA,Ward
JHB,Ward 79800057,32860256,SOUTH RAND RECREATION CENTRE,3913,27,794,AFRICAN NATIONAL CONGRESS,Ward
JHB,Ward 79800057,32860256,SOUTH RAND RECREATION CENTRE,3913,27,617,DEMOCRATIC ALLIANCE,Ward
JHB,Ward 79800057,32860256,SOUTH RAND RECREATION CENTRE,3913,27,212,ECONOMIC FREEDOM FIGHTERS,Ward
JHB,Ward 79800057,32860256,SOUTH RAND RECREATION CENTRE,3913,27,141,ACTIONSA,Ward
JHB,Ward 79800057,32860267,REWLATCH PRIMARY SCHOOL,4072,27,788,AFRICAN NATIONAL CONGRESS,Ward
JHB,Ward 79800057,32860267,REWLATCH PRIMARY SCHOOL,4072,27,613,DEMOCRATIC ALLIANCE,Ward
JHB,Ward 79800057,32860267,REWLATCH PRIMARY SCHOOL,4072,27,210,ECONOMIC FREEDOM FIGHTERS,Ward
JHB,Ward 79800057,32860267,REWLATCH PRIMARY SCHOOL,4072,27,140,ACTIONSA,Ward
JHB,Ward 79800058,32840197,LAERSKOOL JIM FOUCHE,3074,19,575,AFRICAN NATIONAL CONGRESS,Ward
JHB,Ward 79800058,32840197,LAERSKOOL JIM FOUCHE,3074,19,447,DEMOCRATIC ALLIANCE,Ward
JHB,Ward 79800058,32840197,LAERSKOOL JIM FOUCHE,3074,19,153,ECONOMIC FREEDOM FIGHTERS,Ward
JHB,Ward 79800058,32840197,LAERSKOOL JIM FOUCHE,3074,19,102,ACTIONSA,Ward
JHB,Ward 79800058,32840221,CROSBY ACADEMIC PRIMARY SCHOOL,3231,20,590,AFRICAN NATIONAL CONGRESS,Ward
JHB,Ward 79800058,32840221,CROSBY ACADEMIC PRIMARY SCHOOL,3231,20,459,DEMOCRATIC ALLIANCE,Ward
JHB,Ward 79800058,32840221,CROSBY ACADEMIC PRIMARY SCHOOL,3231,20,157,ECONOMIC FREEDOM FIGHTERS,Ward
JHB,Ward 79800058,32840221,CROSBY ACADEMIC PRIMARY SCHOOL,3231,20,105,ACTIONSA,Ward
JHB,Ward 79800058,32840232,FORDSBURG PRIMARY SCHOOL,2246,12,358,AFRICAN NATIONAL CONGRESS,Ward
JHB,Ward 79800058,32840232,FORDSBURG PRIMARY SCHOOL,2246,12,278,DEMOCRATIC ALLIANCE,Ward
JHB,Ward 79800058,32840232,FORDSBURG PRIMARY SCHOOL,2246,12,95,ECONOMIC FREEDOM FIGHTERS,Ward
JHB,Ward 79800058,32840232,FORDSBURG PRIMARY SCHOOL,2246,12,64,ACTIONSA,Ward
JHB,Ward 79800059,32860436,TENT GREENHOUSE PEOPLE ENVIRONMENTAL CENTRE,7713,22,662,AFRICAN NATIONAL CONGRESS,Ward
JHB,Ward 79800059,32860436,TENT GREENHOUSE PEOPLE ENVIRONMENTAL CENTRE,7713,22,514,DEMOCRATIC ALLIANCE,Ward
JHB,Ward 79800059,32860436,TENT GREENHOUSE PEOPLE ENVIRONMENTAL CENTRE,7713,22,176,ECONOMIC FREEDOM FIGHTERS,Ward
JHB,Ward 79800059,32860436,TENT GREENHOUSE PEOPLE ENVIRONMENTAL CENTRE,7713,22,118,ACTIONSA,Ward
JHB,Ward 79800059,32860458,TENT AT DRILL HALL,3085,11,337,AFRICAN NATIONAL CONGRESS,Ward
JHB,Ward 79800059,32860458,TENT AT DRILL HALL,3085,11,262,DEMOCRATIC ALLIANCE,Ward
JHB,Ward 79800059,32860458,TENT AT DRILL HALL,3085,11,90,ECONOMIC FREEDOM FIGHTERS,Ward
JHB,Ward 79800059,32860458,TENT AT DRILL HALL,3085,11,60,ACTIONSA,Ward
JHB,Ward 79800059,32863608,FASHION KAPITOL,251,2,72,AFRICAN NATIONAL CONGRESS,Ward
JHB,Ward 79800059,32863608,FASHION KAPITOL,251,2,56,DEMOCRATIC ALLIANCE,Ward
JHB,Ward 79800059,32863608,FASHION KAPITOL,251,2,19,ECONOMIC FREEDOM FIGHTERS,Ward
JHB,Ward 79800059,32863608,FASHION KAPITOL,251,2,13,ACTIONSA,Ward
JHB,Ward 79800060,32860032,JOHANNESBURG MUSLIM SCHOOL,1869,7,216,AFRICAN NATIONAL CONGRESS,Ward
JHB,Ward 79800060,32860032,JOHANNESBURG MUSLIM SCHOOL,1869,7,168,DEMOCRATIC ALLIANCE,Ward
JHB,Ward 79800060,32860032,JOHANNESBURG MUSLIM SCHOOL,1869,7,58,ECONOMIC FREEDOM FIGHTERS,Ward
JHB,Ward 79800060,32860032,JOHANNESBURG MUSLIM SCHOOL,1869,7,38,ACTIONSA,Ward
JHB,Ward 79800060,32860043,PEOPLE'S CENTRE,4013,16,472,AFRICAN NATIONAL CONGRESS,Ward
JHB,Ward 79800060,32860043,PEOPLE'S CENTRE,4013,16,367,DEMOCRATIC ALLIANCE,Ward
JHB,Ward 79800060,32860043,PEOPLE'S CENTRE,4013,16,126,ECONOMIC FREEDOM FIGHTERS,Ward
JHB,Ward 79800060,32860043,PEOPLE'S CENTRE,4013,16,84,ACTIONSA,Ward
JHB,Ward 79800060,32860054,METROPOLITAN CENTRE,2988,9,281,AFRICAN NATIONAL CONGRESS,Ward
JHB,Ward 79800060,32860054,METROPOLITAN CENTRE,2988,9,218,DEMOCRATIC ALLIANCE,Ward
JHB,Ward 79800060,32860054,METROPOLITAN CENTRE,2988,9,75,ECONOMIC FREEDOM FIGHTERS,Ward
JHB,Ward 79800060,32860054,METROPOLITAN CENTRE,2988,9,50,ACTIONSA,Ward
JHB,Ward 79800061,32850356,TENT AT BERTHA SOLOMON RECREATION CENTRE,3178,15,446,AFRICAN NATIONAL CONGRESS,Ward
JHB,Ward 79800061,32850356,TENT AT BERTHA SOLOMON RECREATION CENTRE,3178,15,347,DEMOCRATIC ALLIANCE,Ward
JHB,Ward 79800061,32850356,TENT AT BERTHA SOLOMON RECREATION CENTRE,3178,15,119,ECONOMIC FREEDOM FIGHTERS,Ward
JHB,Ward 79800061,32850356,TENT AT BERTHA SOLOMON RECREATION CENTRE,3178,15,79,ACTIONSA,Ward
JHB,Ward 79800061,32850435,JULES HIGH SCHOOL,2201,10,302,AFRICAN NATIONAL CONGRESS,Ward
JHB,Ward 79800061,32850435,JULES HIGH SCHOOL,2201,10,235,DEMOCRATIC ALLIANCE,Ward
JHB,Ward 79800061,32850435,JULES HIGH SCHOOL,2201,10,81,ECONOMIC FREEDOM FIGHTERS,Ward
JHB,Ward 79800061,32850435,JULES HIGH SCHOOL,2201,10,54,ACTIONSA,Ward
JHB,Ward 79800061,32862685,TENT (PUBLIC PARK JEPPESTOWN),3495,15,447,AFRICAN NATIONAL CONGRESS,Ward
JHB,Ward 79800061,32862685,TENT (PUBLIC PARK JEPPESTOWN),3495,15,348,DEMOCRATIC ALLIANCE,Ward
JHB,Ward 79800061,32862685,TENT (PUBLIC PARK JEPPESTOWN),3495,15,119,ECONOMIC FREEDOM FIGHTERS,Ward
JHB,Ward 79800061,32862685,TENT (PUBLIC PARK JEPPESTOWN),3495,15,80,ACTIONSA,Ward
JHB,Ward 79800062,32850446,TEMPLE ISRAEL,2929,13,386,AFRICAN NATIONAL CONGRESS,Ward
JHB,Ward 79800062,32850446,TEMPLE ISRAEL,2929,13,300,DEMOCRATIC ALLIANCE,Ward
JHB,Ward 79800062,32850446,TEMPLE ISRAEL,2929,13,103,ECONOMIC FREEDOM FIGHTERS,Ward
JHB,Ward 79800062,32850446,TEMPLE ISRAEL,2929,13,69,ACTIONSA,Ward
JHB,Ward 79800062,32850457,CHRIST CHURCH,4682,15,431,AFRICAN NATIONAL CONGRESS,Ward
JHB,Ward 79800062,32850457,CHRIST CHURCH,4682,15,335,DEMOCRATIC ALLIANCE,Ward
JHB,Ward 79800062,32850457,CHRIST CHURCH,4682,15,115,ECONOMIC FREEDOM FIGHTERS,Ward
JHB,Ward 79800062,32850457,CHRIST CHURCH,4682,15,77,ACTIONSA,Ward
JHB,Ward 79800062,32850468,TENT AT HILLBROW RECREATION CENTRE,3536,11,331,AFRICAN NATIONAL CONGRESS,Ward
JHB,Ward 79800062,32850468,TENT AT HILLBROW RECREATION CENTRE,3536,11,258,DEMOCRATIC ALLIANCE,Ward
JHB,Ward 79800062,32850468,TENT AT HILLBROW RECREATION CENTRE,3536,11,88,ECONOMIC FREEDOM FIGHTERS,Ward
JHB,Ward 79800062,32850468,TENT AT HILLBROW RECREATION CENTRE,3536,11,59,ACTIONSA,Ward
JHB,Ward 79800063,32850255,CATHEDRAL OF CHRIST THE KING,1251,4,120,AFRICAN NATIONAL CONGRESS,Ward
JHB,Ward 79800063,32850255,CATHEDRAL OF CHRIST THE KING,1251,4,93,DEMOCRATIC ALLIANCE,Ward
JHB,Ward 79800063,32850255,CATHEDRAL OF CHRIST THE KING,1251,4,32,ECONOMIC FREEDOM FIGHTERS,Ward
JHB,Ward 79800063,32850255,CATHEDRAL OF CHRIST THE KING,1251,4,21,ACTIONSA,Ward
JHB,Ward 79800063,32850413,BRETHREN IN CHRIST CHURCH,3058,7,197,AFRICAN NATIONAL CONGRESS,Ward
JHB,Ward 79800063,32850413,BRETHREN IN CHRIST CHURCH,3058,7,153,DEMOCRATIC ALLIANCE,Ward
JHB,Ward 79800063,32850413,BRETHREN IN CHRIST CHURCH,3058,7,52,ECONOMIC FREEDOM FIGHTERS,Ward
JHB,Ward 79800063,32850413,BRETHREN IN CHRIST CHURCH,3058,7,35,ACTIONSA,Ward
JHB,Ward 79800063,32850479,EVANGELICAL LUTHERAN CONGREGATION,3919,13,397,AFRICAN NATIONAL CONGRESS,Ward
JHB,Ward 79800063,32850479,EVANGELICAL LUTHERAN CONGREGATION,3919,13,309,DEMOCRATIC ALLIANCE,Ward
JHB,Ward 79800063,32850479,EVANGELICAL LUTHERAN CONGREGATION,3919,13,106,ECONOMIC FREEDOM FIGHTERS,Ward
JHB,Ward 79800063,32850479,EVANGELICAL LUTHERAN CONGREGATION,3919,13,71,ACTIONSA,Ward
JHB,Ward 79800064,32850211,BARNATO PARK HIGH SCHOOL,3411,11,311,AFRICAN NATIONAL CONGRESS,Ward
JHB,Ward 79800064,32850211,BARNATO PARK HIGH SCHOOL,3411,11,242,DEMOCRATIC ALLIANCE,Ward
JHB,Ward 79800064,32850211,BARNATO PARK HIGH SCHOOL,3411,11,83,ECONOMIC FREEDOM FIGHTERS,Ward
JHB,Ward 79800064,32850211,BARNATO PARK HIGH SCHOOL,3411,11,55,ACTIONSA,Ward
JHB,Ward 79800064,32850244,TENT (YEOVILLE),1942,6,181,AFRICAN NATIONAL CONGRESS,Ward
JHB,Ward 79800064,32850244,TENT (YEOVILLE),1942,6,141,DEMOCRATIC ALLIANCE,Ward
JHB,Ward 79800064,32850244,TENT (YEOVILLE),1942,6,48,ECONOMIC FREEDOM FIGHTERS,Ward
JHB,Ward 79800064,32850244,TENT (YEOVILLE),1942,6,32,ACTIONSA,Ward
JHB,Ward 79800064,32850402,TENT (PUBLIC PARK LILY AVENUE BEREA),3500,10,291,AFRICAN NATIONAL CONGRESS,Ward
JHB,Ward 79800064,32850402,TENT (PUBLIC PARK LILY AVENUE BEREA),3500,10,226,DEMOCRATIC ALLIANCE,Ward
JHB,Ward 79800064,32850402,TENT (PUBLIC PARK LILY AVENUE BEREA),3500,10,78,ECONOMIC FREEDOM FIGHTERS,Ward
JHB,Ward 79800064,32850402,TENT (PUBLIC PARK LILY AVENUE BEREA),3500,10,52,ACTIONSA,Ward
JHB,Ward 79800065,32851087,ABELBAILE PARK HALL,2899,12,369,AFRICAN NATIONAL CONGRESS,Ward
JHB,Ward 79800065,32851087,ABELBAILE PARK HALL,2899,12,287,DEMOCRATIC ALLIANCE,Ward
JHB,Ward 79800065,32851087,ABELBAILE PARK HALL,2899,12,99,ECONOMIC FREEDOM FIGHTERS,Ward
JHB,Ward 79800065,32851087,ABELBAILE PARK HALL,2899,12,66,ACTIONSA,Ward
JHB,Ward 79800065,32851403,DENVER SECONDARY SCHOOL,841,7,211,AFRICAN NATIONAL CONGRESS,Ward
JHB,Ward 79800065,32851403,DENVER SECONDARY SCHOOL,841,7,164,DEMOCRATIC ALLIANCE,Ward
JHB,Ward 79800065,32851403,DENVER SECONDARY SCHOOL,841,7,56,ECONOMIC FREEDOM FIGHTERS,Ward
JHB,Ward 79800065,32851403,DENVER SECONDARY SCHOOL,841,7,38,ACTIONSA,Ward
JHB,Ward 79800065,32860098,BAMBANANI PRE SCHOOL,6629,31,911,AFRICAN NATIONAL CONGRESS,Ward
JHB,Ward 79800065,32860098,BAMBANANI PRE SCHOOL,6629,31,709,DEMOCRATIC ALLIANCE,Ward
JHB,Ward 79800065,32860098,BAMBANANI PRE SCHOOL,6629,31,243,ECONOMIC FREEDOM FIGHTERS,Ward
JHB,Ward 79800065,32860098,BAMBANANI PRE SCHOOL,6629,31,162,ACTIONSA,Ward
JHB,Ward 79800066,32850299,SIR EDMUND HILLARY PRIMARY SCHOOL,3194,19,553,AFRICAN NATIONAL CONGRESS,Ward
JHB,Ward 79800066,32850299,SIR EDMUND HILLARY PRIMARY SCHOOL,3194,19,430,DEMOCRATIC ALLIANCE,Ward
JHB,Ward 79800066,32850299,SIR EDMUND HILLARY PRIMARY SCHOOL,3194,19,147,ECONOMIC FREEDOM FIGHTERS,Ward
JHB,Ward 79800066,32850299,SIR EDMUND HILLARY PRIMARY SCHOOL,3194,19,98,ACTIONSA,Ward
JHB,Ward 79800066,32850301,HOFLAND PARK RECREATION CENTRE,3769,18,535,AFRICAN NATIONAL CONGRESS,Ward
JHB,Ward 79800066,32850301,HOFLAND PARK RECREATION CENTRE,3769,18,416,DEMOCRATIC ALLIANCE,Ward
JHB,Ward 79800066,32850301,HOFLAND PARK RECREATION CENTRE,3769,18,143,ECONOMIC FREEDOM FIGHTERS,Ward
JHB,Ward 79800066,32850301,HOFLAND PARK RECREATION CENTRE,3769,18,95,ACTIONSA,Ward
JHB,Ward 79800066,32850312,DOUG WHITEHEAD SCHOOL,1976,9,275,AFRICAN NATIONAL CONGRESS,Ward
JHB,Ward 79800066,32850312,DOUG WHITEHEAD SCHOOL,1976,9,214,DEMOCRATIC ALLIANCE,Ward
JHB,Ward 79800066,32850312,DOUG WHITEHEAD SCHOOL,1976,9,73,ECONOMIC FREEDOM FIGHTERS,Ward
JHB,Ward 79800066,32850312,DOUG WHITEHEAD SCHOOL,1976,9,49,ACTIONSA,Ward
JHB,Ward 79800067,32850176,KING EDWARD VII SCHOOL,1055,7,204,AFRICAN NATIONAL CONGRESS,Ward
JHB,Ward 79800067,32850176,KING EDWARD VII SCHOOL,1055,7,159,DEMOCRATIC ALLIANCE,Ward
JHB,Ward 79800067,32850176,KING EDWARD VII SCHOOL,1055,7,54,ECONOMIC FREEDOM FIGHTERS,Ward
JHB,Ward 79800067,32850176,KING EDWARD VII SCHOOL,1055,7,36,ACTIONSA,Ward
JHB,Ward 79800067,32850200,YEOVILLE RECREATION CENTRE,7277,26,763,AFRICAN NATIONAL CONGRESS,Ward
JHB,Ward 79800067,32850200,YEOVILLE RECREATION CENTRE,7277,26,593,DEMOCRATIC ALLIANCE,Ward
JHB,Ward 79800067,32850200,YEOVILLE RECREATION CENTRE,7277,26,203,ECONOMIC FREEDOM FIGHTERS,Ward
JHB,Ward 79800067,32850200,YEOVILLE RECREATION CENTRE,7277,26,136,ACTIONSA,Ward
JHB,Ward 79800067,32850222,YEOVILLE BOYS PRIMARY SCHOOL,1807,8,243,AFRICAN NATIONAL CONGRESS,Ward
JHB,Ward 79800067,32850222,YEOVILLE BOYS PRIMARY SCHOOL,1807,8,189,DEMOCRATIC ALLIANCE,Ward
JHB,Ward 79800067,32850222,YEOVILLE BOYS PRIMARY SCHOOL,1807,8,65,ECONOMIC FREEDOM FIGHTERS,Ward
JHB,Ward 79800067,32850222,YEOVILLE BOYS PRIMARY SCHOOL,1807,8,43,ACTIONSA,Ward
JHB,Ward 79800068,32840265,ANTEA HOSTEL,943,5,142,AFRICAN NATIONAL CONGRESS,Ward
JHB,Ward 79800068,32840265,ANTEA HOSTEL,943,5,110,DEMOCRATIC ALLIANCE,Ward
JHB,Ward 79800068,32840265,ANTEA HOSTEL,943,5,38,ECONOMIC FREEDOM FIGHTERS,Ward
JHB,Ward 79800068,32840265,ANTEA HOSTEL,943,5,25,ACTIONSA,Ward
JHB,Ward 79800068,32840287,RIVERLEA RECREATION CENTRE,3535,28,831,AFRICAN NATIONAL CONGRESS,Ward
JHB,Ward 79800068,32840287,RIVERLEA RECREATION CENTRE,3535,28,646,DEMOCRATIC ALLIANCE,Ward
JHB,Ward 79800068,32840287,RIVERLEA RECREATION CENTRE,3535,28,222,ECONOMIC FREEDOM FIGHTERS,Ward
JHB,Ward 79800068,32840287,RIVERLEA RECREATION CENTRE,3535,28,148,ACTIONSA,Ward
JHB,Ward 79800068,32840344,WILHELMINA HOSKINS PRIMARY SCHOOL,2553,18,538,AFRICAN NATIONAL CONGRESS,Ward
JHB,Ward 79800068,32840344,WILHELMINA HOSKINS PRIMARY SCHOOL,2553,18,418,DEMOCRATIC ALLIANCE,Ward
JHB,Ward 79800068,32840344,WILHELMINA HOSKINS PRIMARY SCHOOL,2553,18,143,ECONOMIC FREEDOM FIGHTERS,Ward
JHB,Ward 79800068,32840344,WILHELMINA HOSKINS PRIMARY SCHOOL,2553,18,96,ACTIONSA,Ward
JHB,Ward 79800069,32840186,WESTDENE RECREATION CENTRE,3289,21,607,AFRICAN NATIONAL CONGRESS,Ward
JHB,Ward 79800069,32840186,WESTDENE RECREATION CENTRE,3289,21,472,DEMOCRATIC ALLIANCE,Ward
JHB,Ward 79800069,32840186,WESTDENE RECREATION CENTRE,3289,21,162,ECONOMIC FREEDOM FIGHTERS,Ward
JHB,Ward 79800069,32840186,WESTDENE RECREATION CENTRE,3289,21,108,ACTIONSA,Ward
JHB,Ward 79800069,32840210,CORONATIONVILLE RECREATION CENTRE,1683,14,403,AFRICAN NATIONAL CONGRESS,Ward
JHB,Ward 79800069,32840210,CORONATIONVILLE RECREATION CENTRE,1683,14,314,DEMOCRATIC ALLIANCE,Ward
JHB,Ward 79800069,32840210,CORONATIONVILLE RECREATION CENTRE,1683,14,108,ECONOMIC FREEDOM FIGHTERS,Ward
JHB,Ward 79800069,32840210,CORONATIONVILLE RECREATION CENTRE,1683,14,72,ACTIONSA,Ward
JHB,Ward 79800069,32840322,ACTS CHRISTIAN CHURCH WESTDENE,1442,8,251,AFRICAN NATIONAL CONGRESS,Ward
JHB,Ward 79800069,32840322,ACTS CHRISTIAN CHURCH WESTDENE,1442,8,195,DEMOCRATIC ALLIANCE,Ward
JHB,Ward 79800069,32840322,ACTS CHRISTIAN CHURCH WESTDENE,1442,8,67,ECONOMIC FREEDOM FIGHTERS,Ward
JHB,Ward 79800069,32840322,ACTS CHRISTIAN CHURCH WESTDENE,1442,8,45,ACTIONSA,Ward
JHB,Ward 79800070,32870189,MOTHS HALL,3541,23,683,AFRICAN NATIONAL CONGRESS,Ward
JHB,Ward 79800070,32870189,MOTHS HALL,3541,23,531,DEMOCRATIC ALLIANCE,Ward
JHB,Ward 79800070,32870189,MOTHS HALL,3541,23,182,ECONOMIC FREEDOM FIGHTERS,Ward
JHB,Ward 79800070,32870189,MOTHS HALL,3541,23,121,ACTIONSA,Ward
JHB,Ward 79800070,32870190,FLORIDA PRIMARY SCHOOL,2745,21,613,AFRICAN NATIONAL CONGRESS,Ward
JHB,Ward 79800070,32870190,FLORIDA PRIMARY SCHOOL,2745,21,477,DEMOCRATIC ALLIANCE,Ward
JHB,Ward 79800070,32870190,FLORIDA PRIMARY SCHOOL,2745,21,164,ECONOMIC FREEDOM FIGHTERS,Ward
JHB,Ward 79800070,32870190,FLORIDA PRIMARY SCHOOL,2745,21,109,ACTIONSA,Ward
JHB,Ward 79800070,32870202,FLORIDA PARK HIGH SCHOOL,2545,22,638,AFRICAN NATIONAL CONGRESS,Ward
JHB,Ward 79800070,32870202,FLORIDA PARK HIGH SCHOOL,2545,22,496,DEMOCRATIC ALLIANCE,Ward
JHB,Ward 79800070,32870202,FLORIDA PARK HIGH SCHOOL,2545,22,170,ECONOMIC FREEDOM FIGHTERS,Ward
JHB,Ward 79800070,32870202,FLORIDA PARK HIGH SCHOOL,2545,22,113,ACTIONSA,Ward
JHB,Ward 79800071,32870022,ADELAAR HOËRSKOOL,4762,33,982,AFRICAN NATIONAL CONGRESS,Ward
JHB,Ward 79800071,32870022,ADELAAR HOËRSKOOL,4762,33,764,DEMOCRATIC ALLIANCE,Ward
JHB,Ward 79800071,32870022,ADELAAR HOËRSKOOL,4762,33,262,ECONOMIC FREEDOM FIGHTERS,Ward
JHB,Ward 79800071,32870022,ADELAAR HOËRSKOOL,4762,33,175,ACTIONSA,Ward
JHB,Ward 79800071,32870033,LAERSKOOL ROODEBEECK,3486,23,692,AFRICAN NATIONAL CONGRESS,Ward
JHB,Ward 79800071,32870033,LAERSKOOL ROODEBEECK,3486,23,538,DEMOCRATIC ALLIANCE,Ward
JHB,Ward 79800071,32870033,LAERSKOOL ROODEBEECK,3486,23,184,ECONOMIC FREEDOM FIGHTERS,Ward
JHB,Ward 79800071,32870033,LAERSKOOL ROODEBEECK,3486,23,123,ACTIONSA,Ward
JHB,Ward 79800071,32870044,LAERSKOOL CULEMBEECK,2911,21,608,AFRICAN NATIONAL CONGRESS,Ward
JHB,Ward 79800071,32870044,LAERSKOOL CULEMBEECK,2911,21,472,DEMOCRATIC ALLIANCE,Ward
JHB,Ward 79800071,32870044,LAERSKOOL CULEMBEECK,2911,21,162,ECONOMIC FREEDOM FIGHTERS,Ward
JHB,Ward 79800071,32870044,LAERSKOOL CULEMBEECK,2911,21,108,ACTIONSA,Ward
JHB,Ward 79800072,32850086,GLENHAZEL PRIMARY SCHOOL,3145,26,783,AFRICAN NATIONAL CONGRESS,Ward
JHB,Ward 79800072,32850086,GLENHAZEL PRIMARY SCHOOL,3145,26,609,DEMOCRATIC ALLIANCE,Ward
JHB,Ward 79800072,32850086,GLENHAZEL PRIMARY SCHOOL,3145,26,209,ECONOMIC FREEDOM FIGHTERS,Ward
JHB,Ward 79800072,32850086,GLENHAZEL PRIMARY SCHOOL,3145,26,139,ACTIONSA,Ward
JHB,Ward 79800072,32850109,JABULA RECREATION CENTRE,3171,26,761,AFRICAN NATIONAL CONGRESS,Ward
JHB,Ward 79800072,32850109,JABULA RECREATION CENTRE,3171,26,592,DEMOCRATIC ALLIANCE,Ward
JHB,Ward 79800072,32850109,JABULA RECREATION CENTRE,3171,26,203,ECONOMIC FREEDOM FIGHTERS,Ward
JHB,Ward 79800072,32850109,JABULA RECREATION CENTRE,3171,26,135,ACTIONSA,Ward
JHB,Ward 79800072,32850110,ORANGE GROVE PRIMARY SCHOOL,3545,26,781,AFRICAN NATIONAL CONGRESS,Ward
JHB,Ward 79800072,32850110,ORANGE GROVE PRIMARY SCHOOL,3545,26,607,DEMOCRATIC ALLIANCE,Ward
JHB,Ward 79800072,32850110,ORANGE GROVE PRIMARY SCHOOL,3545,26,208,ECONOMIC FREEDOM FIGHTERS,Ward
JHB,Ward 79800072,32850110,ORANGE GROVE PRIMARY SCHOOL,3545,26,139,ACTIONSA,Ward
JHB,Ward 79800073,32850132,NORWOOD PRIMARY SCHOOL,4180,31,901,AFRICAN NATIONAL CONGRESS,Ward
JHB,Ward 79800073,32850132,NORWOOD PRIMARY SCHOOL,4180,31,701,DEMOCRATIC ALLIANCE,Ward
JHB,Ward 79800073,32850132,NORWOOD PRIMARY SCHOOL,4180,31,240,ECONOMIC FREEDOM FIGHTERS,Ward
JHB,Ward 79800073,32850132,NORWOOD PRIMARY SCHOOL,4180,31,160,ACTIONSA,Ward
JHB,Ward 79800073,32850143,PATERSON PARK RECREATION CENTRE,3994,22,658,AFRICAN NATIONAL CONGRESS,Ward
JHB,Ward 79800073,32850143,PATERSON PARK RECREATION CENTRE,3994,22,512,DEMOCRATIC ALLIANCE,Ward
JHB,Ward 79800073,32850143,PATERSON PARK RECREATION CENTRE,3994,22,176,ECONOMIC FREEDOM FIGHTERS,Ward
JHB,Ward 79800073,32850143,PATERSON PARK RECREATION CENTRE,3994,22,117,ACTIONSA,Ward
JHB,Ward 79800073,32850154,HOUGHTON PRIMARY SCHOOL,3105,21,625,AFRICAN NATIONAL CONGRESS,Ward
JHB,Ward 79800073,32850154,HOUGHTON PRIMARY SCHOOL,3105,21,486,DEMOCRATIC ALLIANCE,Ward
JHB,Ward 79800073,32850154,HOUGHTON PRIMARY SCHOOL,3105,21,167,ECONOMIC FREEDOM FIGHTERS,Ward
JHB,Ward 79800073,32850154,HOUGHTON PRIMARY SCHOOL,3105,21,111,ACTIONSA,Ward
JHB,Ward 79800074,32850075,BRAMLEY PRIMARY SCHOOL,3069,18,521,AFRICAN NATIONAL CONGRESS,Ward
JHB,Ward 79800074,32850075,BRAMLEY PRIMARY SCHOOL,3069,18,405,DEMOCRATIC ALLIANCE,Ward
JHB,Ward 79800074,32850075,BRAMLEY PRIMARY SCHOOL,3069,18,139,ECONOMIC FREEDOM FIGHTERS,Ward
JHB,Ward 79800074,32850075,BRAMLEY PRIMARY SCHOOL,3069,18,93,ACTIONSA,Ward
JHB,Ward 79800074,32850121,ORCHARDS PRIMARY SCHOOL,2103,17,492,AFRICAN NATIONAL CONGRESS,Ward
JHB,Ward 79800074,32850121,ORCHARDS PRIMARY SCHOOL,2103,17,383,DEMOCRATIC ALLIANCE,Ward
JHB,Ward 79800074,32850121,ORCHARDS PRIMARY SCHOOL,2103,17,131,ECONOMIC FREEDOM FIGHTERS,Ward
JHB,Ward 79800074,32850121,ORCHARDS PRIMARY SCHOOL,2103,17,88,ACTIONSA,Ward
JHB,Ward 79800074,32850480,H A JACK PRIMARY SCHOOL,5349,42,1231,AFRICAN NATIONAL CONGRESS,Ward
JHB,Ward 79800074,32850480,H A JACK PRIMARY SCHOOL,5349,42,958,DEMOCRATIC ALLIANCE,Ward
JHB,Ward 79800074,32850480,H A JACK PRIMARY SCHOOL,5349,42,328,ECONOMIC FREEDOM FIGHTERS,Ward
JHB,Ward 79800074,32850480,H A JACK PRIMARY SCHOOL,5349,42,219,ACTIONSA,Ward
JHB,Ward 79800075,32850907,EKUKHANYISWENI LOWER PRIMARY SCHOOL,1658,9,276,AFRICAN NATIONAL CONGRESS,Ward
JHB,Ward 79800075,32850907,EKUKHANYISWENI LOWER PRIMARY SCHOOL,1658,9,215,DEMOCRATIC ALLIANCE,Ward
JHB,Ward 79800075,32850907,EKUKHANYISWENI LOWER PRIMARY SCHOOL,1658,9,74,ECONOMIC FREEDOM FIGHTERS,Ward
JHB,Ward 79800075,32850907,EKUKHANYISWENI LOWER PRIMARY SCHOOL,1658,9,49,ACTIONSA,Ward
JHB,Ward 79800075,32850952,ALEXANDRA LIBRARY (NEW LIBRARY),5245,23,674,AFRICAN NATIONAL CONGRESS,Ward
JHB,Ward 79800075,32850952,ALEXANDRA LIBRARY (NEW LIBRARY),5245,23,524,DEMOCRATIC ALLIANCE,Ward
JHB,Ward 79800075,32850952,ALEXANDRA LIBRARY (NEW LIBRARY),5245,23,180,ECONOMIC FREEDOM FIGHTERS,Ward
JHB,Ward 79800075,32850952,ALEXANDRA LIBRARY (NEW LIBRARY),5245,23,120,ACTIONSA,Ward
JHB,Ward 79800075,32851009,WOMEN FOR PEACE,2698,13,387,AFRICAN NATIONAL CONGRESS,Ward
JHB,Ward 79800075,32851009,WOMEN FOR PEACE,2698,13,301,DEMOCRATIC ALLIANCE,Ward
JHB,Ward 79800075,32851009,WOMEN FOR PEACE,2698,13,103,ECONOMIC FREEDOM FIGHTERS,Ward
JHB,Ward 79800075,32851009,WOMEN FOR PEACE,2698,13,69,ACTIONSA,Ward
JHB,Ward 79800076,32850266,THUSONG YOUTH CENTRE,2285,11,318,AFRICAN NATIONAL CONGRESS,Ward
JHB,Ward 79800076,32850266,THUSONG YOUTH CENTRE,2285,11,247,DEMOCRATIC ALLIANCE,Ward
JHB,Ward 79800076,32850266,THUSONG YOUTH CENTRE,2285,11,85,ECONOMIC FREEDOM FIGHTERS,Ward
JHB,Ward 79800076,32850266,THUSONG YOUTH CENTRE,2285,11,56,ACTIONSA,Ward
JHB,Ward 79800076,32850503,ZENZELENI PRIMARY SCHOOL,2526,12,351,AFRICAN NATIONAL CONGRESS,Ward
JHB,Ward 79800076,32850503,ZENZELENI PRIMARY SCHOOL,2526,12,273,DEMOCRATIC ALLIANCE,Ward
JHB,Ward 79800076,32850503,ZENZELENI PRIMARY SCHOOL,2526,12,94,ECONOMIC FREEDOM FIGHTERS,Ward
JHB,Ward 79800076,32850503,ZENZELENI PRIMARY SCHOOL,2526,12,62,ACTIONSA,Ward
JHB,Ward 79800076,32850974,3 SQUARE GROUNDS,2554,14,410,AFRICAN NATIONAL CONGRESS,Ward
JHB,Ward 79800076,32850974,3 SQUARE GROUNDS,2554,14,319,DEMOCRATIC ALLIANCE,Ward
JHB,Ward 79800076,32850974,3 SQUARE GROUNDS,2554,14,109,ECONOMIC FREEDOM FIGHTERS,Ward
JHB,Ward 79800076,32850974,3 SQUARE GROUNDS,2554,14,73,ACTIONSA,Ward
JHB,Ward 79800077,32910094,IVORY PARK SECONDARY SCHOOL,4602,22,656,AFRICAN NATIONAL CONGRESS,Ward
JHB,Ward 79800077,32910094,IVORY PARK SECONDARY SCHOOL,4602,22,510,DEMOCRATIC ALLIANCE,Ward
JHB,Ward 79800077,32910094,IVORY PARK SECONDARY SCHOOL,4602,22,175,ECONOMIC FREEDOM FIGHTERS,Ward
JHB,Ward 79800077,32910094,IVORY PARK SECONDARY SCHOOL,4602,22,117,ACTIONSA,Ward
JHB,Ward 79800077,32910252,MIKATEKA PRIMARY SCHOOL,3269,16,468,AFRICAN NATIONAL CONGRESS,Ward
JHB,Ward 79800077,32910252,MIKATEKA PRIMARY SCHOOL,3269,16,364,DEMOCRATIC ALLIANCE,Ward
JHB,Ward 79800077,32910252,MIKATEKA PRIMARY SCHOOL,3269,16,125,ECONOMIC FREEDOM FIGHTERS,Ward
JHB,Ward 79800077,32910252,MIKATEKA PRIMARY SCHOOL,3269,16,83,ACTIONSA,Ward
JHB,Ward 79800077,32910274,EBOMINI PRIMARY SCHOOL,3579,19,547,AFRICAN NATIONAL CONGRESS,Ward
JHB,Ward 79800077,32910274,EBOMINI PRIMARY SCHOOL,3579,19,425,DEMOCRATIC ALLIANCE,Ward
JHB,Ward 79800077,32910274,EBOMINI PRIMARY SCHOOL,3579,19,146,ECONOMIC FREEDOM FIGHTERS,Ward
JHB,Ward 79800077,32910274,EBOMINI PRIMARY SCHOOL,3579,19,97,ACTIONSA,Ward
JHB,Ward 79800078,32910151,REBONWE PRIMARY SCHOOL,5362,26,762,AFRICAN NATIONAL CONGRESS,Ward
JHB,Ward 79800078,32910151,REBONWE PRIMARY SCHOOL,5362,26,593,DEMOCRATIC ALLIANCE,Ward
JHB,Ward 79800078,32910151,REBONWE PRIMARY SCHOOL,5362,26,203,ECONOMIC FREEDOM FIGHTERS,Ward
JHB,Ward 79800078,32910151,REBONWE PRIMARY SCHOOL,5362,26,136,ACTIONSA,Ward
JHB,Ward 79800078,32910184,LORD KHANYILE HALL,4803,21,630,AFRICAN NATIONAL CONGRESS,Ward
JHB,Ward 79800078,32910184,LORD KHANYILE HALL,4803,21,490,DEMOCRATIC ALLIANCE,Ward
JHB,Ward 79800078,32910184,LORD KHANYILE HALL,4803,21,168,ECONOMIC FREEDOM FIGHTERS,Ward
JHB,Ward 79800078,32910184,LORD KHANYILE HALL,4803,21,112,ACTIONSA,Ward
JHB,Ward 79800078,32910229,MYNHARDT HALL,3969,20,605,AFRICAN NATIONAL CONGRESS,Ward
JHB,Ward 79800078,32910229,MYNHARDT HALL,3969,20,470,DEMOCRATIC ALLIANCE,Ward
JHB,Ward 79800078,32910229,MYNHARDT HALL,3969,20,161,ECONOMIC FREEDOM FIGHTERS,Ward
JHB,Ward 79800078,32910229,MYNHARDT HALL,3969,20,108,ACTIONSA,Ward
JHB,Ward 79800079,32910173,EQINISWENI SECONDARY SCHOOL,3898,17,513,AFRICAN NATIONAL CONGRESS,Ward
JHB,Ward 79800079,32910173,EQINISWENI SECONDARY SCHOOL,3898,17,399,DEMOCRATIC ALLIANCE,Ward
JHB,Ward 79800079,32910173,EQINISWENI SECONDARY SCHOOL,3898,17,137,ECONOMIC FREEDOM FIGHTERS,Ward
JHB,Ward 79800079,32910173,EQINISWENI SECONDARY SCHOOL,3898,17,91,ACTIONSA,Ward
JHB,Ward 79800079,32910195,IVORY PARK PRIMARY SCHOOL,3934,25,751,AFRICAN NATIONAL CONGRESS,Ward
JHB,Ward 79800079,32910195,IVORY PARK PRIMARY SCHOOL,3934,25,584,DEMOCRATIC ALLIANCE,Ward
JHB,Ward 79800079,32910195,IVORY PARK PRIMARY SCHOOL,3934,25,200,ECONOMIC FREEDOM FIGHTERS,Ward
JHB,Ward 79800079,32910195,IVORY PARK PRIMARY SCHOOL,3934,25,134,ACTIONSA,Ward
JHB,Ward 79800079,32910207,IKAGENG EDUCARE CENTRE,3382,14,414,AFRICAN NATIONAL CONGRESS,Ward
JHB,Ward 79800079,32910207,IKAGENG EDUCARE CENTRE,3382,14,322,DEMOCRATIC ALLIANCE,Ward
JHB,Ward 79800079,32910207,IKAGENG EDUCARE CENTRE,3382,14,111,ECONOMIC FREEDOM FIGHTERS,Ward
JHB,Ward 79800079,32910207,IKAGENG EDUCARE CENTRE,3382,14,74,ACTIONSA,Ward
JHB,Ward 79800080,32900217,KANANA COMMUNITY HALL,4584,38,1125,AFRICAN NATIONAL CONGRESS,Ward
JHB,Ward 79800080,32900217,KANANA COMMUNITY HALL,4584,38,875,DEMOCRATIC ALLIANCE,Ward
JHB,Ward 79800080,32900217,KANANA COMMUNITY HALL,4584,38,300,ECONOMIC FREEDOM FIGHTERS,Ward
JHB,Ward 79800080,32900217,KANANA COMMUNITY HALL,4584,38,200,ACTIONSA,Ward
JHB,Ward 79800080,32900228,KANANA PRIMARY SCHOOL,5310,24,712,AFRICAN NATIONAL CONGRESS,Ward
JHB,Ward 79800080,32900228,KANANA PRIMARY SCHOOL,5310,24,554,DEMOCRATIC ALLIANCE,Ward
JHB,Ward 79800080,32900228,KANANA PRIMARY SCHOOL,5310,24,190,ECONOMIC FREEDOM FIGHTERS,Ward
JHB,Ward 79800080,32900228,KANANA PRIMARY SCHOOL,5310,24,127,ACTIONSA,Ward
JHB,Ward 79800080,32900295,TENT AT KANANA,1916,10,303,AFRICAN NATIONAL CONGRESS,Ward
JHB,Ward 79800080,32900295,TENT AT KANANA,1916,10,236,DEMOCRATIC ALLIANCE,Ward
JHB,Ward 79800080,32900295,TENT AT KANANA,1916,10,81,ECONOMIC FREEDOM FIGHTERS,Ward
JHB,Ward 79800080,32900295,TENT AT KANANA,1916,10,54,ACTIONSA,Ward
JHB,Ward 79800081,32850064,LYNDHURST PRIMARY SCHOOL,2900,14,423,AFRICAN NATIONAL CONGRESS,Ward
JHB,Ward 79800081,32850064,LYNDHURST PRIMARY SCHOOL,2900,14,329,DEMOCRATIC ALLIANCE,Ward
JHB,Ward 79800081,32850064,LYNDHURST PRIMARY SCHOOL,2900,14,113,ECONOMIC FREEDOM FIGHTERS,Ward
JHB,Ward 79800081,32850064,LYNDHURST PRIMARY SCHOOL,2900,14,75,ACTIONSA,Ward
JHB,Ward 79800081,32850097,REMBRANDT PARK PRIMARY SCHOOL,3713,25,728,AFRICAN NATIONAL CONGRESS,Ward
JHB,Ward 79800081,32850097,REMBRANDT PARK PRIMARY SCHOOL,3713,25,566,DEMOCRATIC ALLIANCE,Ward
JHB,Ward 79800081,32850097,REMBRANDT PARK PRIMARY SCHOOL,3713,25,194,ECONOMIC FREEDOM FIGHTERS,Ward
JHB,Ward 79800081,32850097,REMBRANDT PARK PRIMARY SCHOOL,3713,25,129,ACTIONSA,Ward
JHB,Ward 79800081,32850165,OLD APOSTOLIC CHURCH,4825,25,728,AFRICAN NATIONAL CONGRESS,Ward
JHB,Ward 79800081,32850165,OLD APOSTOLIC CHURCH,4825,25,566,DEMOCRATIC ALLIANCE,Ward
JHB,Ward 79800081,32850165,OLD APOSTOLIC CHURCH,4825,25,194,ECONOMIC FREEDOM FIGHTERS,Ward
JHB,Ward 79800081,32850165,OLD APOSTOLIC CHURCH,4825,25,129,ACTIONSA,Ward
JHB,Ward 79800082,32840029,CLAREMONT PRIMARY SCHOOL,1934,15,441,AFRICAN NATIONAL CONGRESS,Ward
JHB,Ward 79800082,32840029,CLAREMONT PRIMARY SCHOOL,1934,15,343,DEMOCRATIC ALLIANCE,Ward
JHB,Ward 79800082,32840029,CLAREMONT PRIMARY SCHOOL,1934,15,117,ECONOMIC FREEDOM FIGHTERS,Ward
JHB,Ward 79800082,32840029,CLAREMONT PRIMARY SCHOOL,1934,15,78,ACTIONSA,Ward
JHB,Ward 79800082,32840030,DANIE VAN ZYL RECREATION CENTRE,3865,25,743,AFRICAN NATIONAL CONGRESS,Ward
JHB,Ward 79800082,32840030,DANIE VAN ZYL RECREATION CENTRE,3865,25,578,DEMOCRATIC ALLIANCE,Ward
JHB,Ward 79800082,32840030,DANIE VAN ZYL RECREATION CENTRE,3865,25,198,ECONOMIC FREEDOM FIGHTERS,Ward
JHB,Ward 79800082,32840030,DANIE VAN ZYL RECREATION CENTRE,3865,25,132,ACTIONSA,Ward
JHB,Ward 79800082,32840052,DOWLING AVENUE PRIMARY SCHOOL,2567,20,597,AFRICAN NATIONAL CONGRESS,Ward
JHB,Ward 79800082,32840052,DOWLING AVENUE PRIMARY SCHOOL,2567,20,464,DEMOCRATIC ALLIANCE,Ward
JHB,Ward 79800082,32840052,DOWLING AVENUE PRIMARY SCHOOL,2567,20,159,ECONOMIC FREEDOM FIGHTERS,Ward
JHB,Ward 79800082,32840052,DOWLING AVENUE PRIMARY SCHOOL,2567,20,106,ACTIONSA,Ward
JHB,Ward 79800083,32870066,WESTRAND LUTHERAN CHURCH,2821,25,747,AFRICAN NATIONAL CONGRESS,Ward
JHB,Ward 79800083,32870066,WESTRAND LUTHERAN CHURCH,2821,25,581,DEMOCRATIC ALLIANCE,Ward
JHB,Ward 79800083,32870066,WESTRAND LUTHERAN CHURCH,2821,25,199,ECONOMIC FREEDOM FIGHTERS,Ward
JHB,Ward 79800083,32870066,WESTRAND LUTHERAN CHURCH,2821,25,133,ACTIONSA,Ward
JHB,Ward 79800083,32870268,HELDERKRUIN LAERSKOOL,3513,31,908,AFRICAN NATIONAL CONGRESS,Ward
JHB,Ward 79800083,32870268,HELDERKRUIN LAERSKOOL,3513,31,706,DEMOCRATIC ALLIANCE,Ward
JHB,Ward 79800083,32870268,HELDERKRUIN LAERSKOOL,3513,31,242,ECONOMIC FREEDOM FIGHTERS,Ward
JHB,Ward 79800083,32870268,HELDERKRUIN LAERSKOOL,3513,31,161,ACTIONSA,Ward
JHB,Ward 79800083,32870279,NG KERK ROODEKRANS,2009,18,546,AFRICAN NATIONAL CONGRESS,Ward
JHB,Ward 79800083,32870279,NG KERK ROODEKRANS,2009,18,425,DEMOCRATIC ALLIANCE,Ward
JHB,Ward 79800083,32870279,NG KERK ROODEKRANS,2009,18,146,ECONOMIC FREEDOM FIGHTERS,Ward
JHB,Ward 79800083,32870279,NG KERK ROODEKRANS,2009,18,97,ACTIONSA,Ward
JHB,Ward 79800084,32870088,SOUTH WEST GAUTENG COLLEGE,1648,11,316,AFRICAN NATIONAL CONGRESS,Ward
JHB,Ward 79800084,32870088,SOUTH WEST GAUTENG COLLEGE,1648,11,246,DEMOCRATIC ALLIANCE,Ward
JHB,Ward 79800084,32870088,SOUTH WEST GAUTENG COLLEGE,1648,11,84,ECONOMIC FREEDOM FIGHTERS,Ward
JHB,Ward 79800084,32870088,SOUTH WEST GAUTENG COLLEGE,1648,11,56,ACTIONSA,Ward
JHB,Ward 79800084,32870099,ROODEPOORT CITY HALL,3895,23,670,AFRICAN NATIONAL CONGRESS,Ward
JHB,Ward 79800084,32870099,ROODEPOORT CITY HALL,3895,23,522,DEMOCRATIC ALLIANCE,Ward
JHB,Ward 79800084,32870099,ROODEPOORT CITY HALL,3895,23,179,ECONOMIC FREEDOM FIGHTERS,Ward
JHB,Ward 79800084,32870099,ROODEPOORT CITY HALL,3895,23,119,ACTIONSA,Ward
JHB,Ward 79800084,32870123,ROODEPOORT HOËRSKOOL,2563,18,544,AFRICAN NATIONAL CONGRESS,Ward
JHB,Ward 79800084,32870123,ROODEPOORT HOËRSKOOL,2563,18,423,DEMOCRATIC ALLIANCE,Ward
JHB,Ward 79800084,32870123,ROODEPOORT HOËRSKOOL,2563,18,145,ECONOMIC FREEDOM FIGHTERS,Ward
JHB,Ward 79800084,32870123,ROODEPOORT HOËRSKOOL,2563,18,97,ACTIONSA,Ward
JHB,Ward 79800085,32870112,LAERSKOOL HORISON,2852,24,723,AFRICAN NATIONAL CONGRESS,Ward
JHB,Ward 79800085,32870112,LAERSKOOL HORISON,2852,24,562,DEMOCRATIC ALLIANCE,Ward
JHB,Ward 79800085,32870112,LAERSKOOL HORISON,2852,24,193,ECONOMIC FREEDOM FIGHTERS,Ward
JHB,Ward 79800085,32870112,LAERSKOOL HORISON,2852,24,129,ACTIONSA,Ward
JHB,Ward 79800085,32870167,GEREFORMEERDE KERK,1586,15,439,AFRICAN NATIONAL CONGRESS,Ward
JHB,Ward 79800085,32870167,GEREFORMEERDE KERK,1586,15,342,DEMOCRATIC ALLIANCE,Ward
JHB,Ward 79800085,32870167,GEREFORMEERDE KERK,1586,15,117,ECONOMIC FREEDOM FIGHTERS,Ward
JHB,Ward 79800085,32870167,GEREFORMEERDE KERK,1586,15,78,ACTIONSA,Ward
JHB,Ward 79800085,32870178,BIOKINETICS CENTRE,2346,17,491,AFRICAN NATIONAL CONGRESS,Ward
JHB,Ward 79800085,32870178,BIOKINETICS CENTRE,2346,17,382,DEMOCRATIC ALLIANCE,Ward
JHB,Ward 79800085,32870178,BIOKINETICS CENTRE,2346,17,131,ECONOMIC FREEDOM FIGHTERS,Ward
JHB,Ward 79800085,32870178,BIOKINETICS CENTRE,2346,17,87,ACTIONSA,Ward
JHB,Ward 79800086,32840041,LAERSKOOL ESPERANZA,2858,19,561,AFRICAN NATIONAL CONGRESS,Ward
JHB,Ward 79800086,32840041,LAERSKOOL ESPERANZA,2858,19,436,DEMOCRATIC ALLIANCE,Ward
JHB,Ward 79800086,32840041,LAERSKOOL ESPERANZA,2858,19,150,ECONOMIC FREEDOM FIGHTERS,Ward
JHB,Ward 79800086,32840041,LAERSKOOL ESPERANZA,2858,19,100,ACTIONSA,Ward
JHB,Ward 79800086,32840063,GENL CHRISTIAN DE WET PRIMARY SCHOOL,2868,23,666,AFRICAN NATIONAL CONGRESS,Ward
JHB,Ward 79800086,32840063,GENL CHRISTIAN DE WET PRIMARY SCHOOL,2868,23,518,DEMOCRATIC ALLIANCE,Ward
JHB,Ward 79800086,32840063,GENL CHRISTIAN DE WET PRIMARY SCHOOL,2868,23,178,ECONOMIC FREEDOM FIGHTERS,Ward
JHB,Ward 79800086,32840063,GENL CHRISTIAN DE WET PRIMARY SCHOOL,2868,23,118,ACTIONSA,Ward
JHB,Ward 79800086,32840119,GREYMONT NG KERK (ALBERTS FARM),3829,32,936,AFRICAN NATIONAL CONGRESS,Ward
JHB,Ward 79800086,32840119,GREYMONT NG KERK (ALBERTS FARM),3829,32,728,DEMOCRATIC ALLIANCE,Ward
JHB,Ward 79800086,32840119,GREYMONT NG KERK (ALBERTS FARM),3829,32,249,ECONOMIC FREEDOM FIGHTERS,Ward
JHB,Ward 79800086,32840119,GREYMONT NG KERK (ALBERTS FARM),3829,32,166,ACTIONSA,Ward
JHB,Ward 79800087,32840164,GREENSIDE PRIMARY SCHOOL,4133,35,1031,AFRICAN NATIONAL CONGRESS,Ward
JHB,Ward 79800087,32840164,GREENSIDE PRIMARY SCHOOL,4133,35,802,DEMOCRATIC ALLIANCE,Ward
JHB,Ward 79800087,32840164,GREENSIDE PRIMARY SCHOOL,4133,35,275,ECONOMIC FREEDOM FIGHTERS,Ward
JHB,Ward 79800087,32840164,GREENSIDE PRIMARY SCHOOL,4133,35,183,ACTIONSA,Ward
JHB,Ward 79800087,32840209,HOPE CHURCH AUCKLAND PARK,3533,19,560,AFRICAN NATIONAL CONGRESS,Ward
JHB,Ward 79800087,32840209,HOPE CHURCH AUCKLAND PARK,3533,19,435,DEMOCRATIC ALLIANCE,Ward
JHB,Ward 79800087,32840209,HOPE CHURCH AUCKLAND PARK,3533,19,149,ECONOMIC FREEDOM FIGHTERS,Ward
JHB,Ward 79800087,32840209,HOPE CHURCH AUCKLAND PARK,3533,19,100,ACTIONSA,Ward
JHB,Ward 79800087,32840311,HOPE SCHOOL,4162,35,1044,AFRICAN NATIONAL CONGRESS,Ward
JHB,Ward 79800087,32840311,HOPE SCHOOL,4162,35,812,DEMOCRATIC ALLIANCE,Ward
JHB,Ward 79800087,32840311,HOPE SCHOOL,4162,35,278,ECONOMIC FREEDOM FIGHTERS,Ward
JHB,Ward 79800087,32840311,HOPE SCHOOL,4162,35,186,ACTIONSA,Ward
JHB,Ward 79800088,32840074,FRANKLIN D ROOSEVELT PRIMARY SCHOOL,4358,36,1056,AFRICAN NATIONAL CONGRESS,Ward
JHB,Ward 79800088,32840074,FRANKLIN D ROOSEVELT PRIMARY SCHOOL,4358,36,821,DEMOCRATIC ALLIANCE,Ward
JHB,Ward 79800088,32840074,FRANKLIN D ROOSEVELT PRIMARY SCHOOL,4358,36,282,ECONOMIC FREEDOM FIGHTERS,Ward
JHB,Ward 79800088,32840074,FRANKLIN D ROOSEVELT PRIMARY SCHOOL,4358,36,188,ACTIONSA,Ward
JHB,Ward 79800088,32840108,BERARIO COMMUNITY CENTRE,4098,35,1041,AFRICAN NATIONAL CONGRESS,Ward
JHB,Ward 79800088,32840108,BERARIO COMMUNITY CENTRE,4098,35,810,DEMOCRATIC ALLIANCE,Ward
JHB,Ward 79800088,32840108,BERARIO COMMUNITY CENTRE,4098,35,278,ECONOMIC FREEDOM FIGHTERS,Ward
JHB,Ward 79800088,32840108,BERARIO COMMUNITY CENTRE,4098,35,185,ACTIONSA,Ward
JHB,Ward 79800088,32840120,NORTHCLIFF HIGH SCHOOL,2464,19,561,AFRICAN NATIONAL CONGRESS,Ward
JHB,Ward 79800088,32840120,NORTHCLIFF HIGH SCHOOL,2464,19,436,DEMOCRATIC ALLIANCE,Ward
JHB,Ward 79800088,32840120,NORTHCLIFF HIGH SCHOOL,2464,19,150,ECONOMIC FREEDOM FIGHTERS,Ward
JHB,Ward 79800088,32840120,NORTHCLIFF HIGH SCHOOL,2464,19,100,ACTIONSA,Ward
JHB,Ward 79800089,32840085,LAERSKOOL FAIRLAND,3094,24,702,AFRICAN NATIONAL CONGRESS,Ward
JHB,Ward 79800089,32840085,LAERSKOOL FAIRLAND,3094,24,546,DEMOCRATIC ALLIANCE,Ward
JHB,Ward 79800089,32840085,LAERSKOOL FAIRLAND,3094,24,187,ECONOMIC FREEDOM FIGHTERS,Ward
JHB,Ward 79800089,32840085,LAERSKOOL FAIRLAND,3094,24,125,ACTIONSA,Ward
JHB,Ward 79800089,32841671,CLIFFVIEW  PRIMARY SCHOOL,2626,27,796,AFRICAN NATIONAL CONGRESS,Ward
JHB,Ward 79800089,32841671,CLIFFVIEW  PRIMARY SCHOOL,2626,27,620,DEMOCRATIC ALLIANCE,Ward
JHB,Ward 79800089,32841671,CLIFFVIEW  PRIMARY SCHOOL,2626,27,212,ECONOMIC FREEDOM FIGHTERS,Ward
JHB,Ward 79800089,32841671,CLIFFVIEW  PRIMARY SCHOOL,2626,27,142,ACTIONSA,Ward
JHB,Ward 79800089,32870325,PANORAMA PRIMARY SCHOOL,5565,40,1171,AFRICAN NATIONAL CONGRESS,Ward
JHB,Ward 79800089,32870325,PANORAMA PRIMARY SCHOOL,5565,40,911,DEMOCRATIC ALLIANCE,Ward
JHB,Ward 79800089,32870325,PANORAMA PRIMARY SCHOOL,5565,40,312,ECONOMIC FREEDOM FIGHTERS,Ward
JHB,Ward 79800089,32870325,PANORAMA PRIMARY SCHOOL,5565,40,208,ACTIONSA,Ward
JHB,Ward 79800090,32850042,DUNKELD BOWLS CLUB,2458,18,533,AFRICAN NATIONAL CONGRESS,Ward
JHB,Ward 79800090,32850042,DUNKELD BOWLS CLUB,2458,18,415,DEMOCRATIC ALLIANCE,Ward
JHB,Ward 79800090,32850042,DUNKELD BOWLS CLUB,2458,18,142,ECONOMIC FREEDOM FIGHTERS,Ward
JHB,Ward 79800090,32850042,DUNKELD BOWLS CLUB,2458,18,95,ACTIONSA,Ward
JHB,Ward 79800090,32850547,HYDE PARK HIGH SCHOOL,4248,33,983,AFRICAN NATIONAL CONGRESS,Ward
JHB,Ward 79800090,32850547,HYDE PARK HIGH SCHOOL,4248,33,764,DEMOCRATIC ALLIANCE,Ward
JHB,Ward 79800090,32850547,HYDE PARK HIGH SCHOOL,4248,33,262,ECONOMIC FREEDOM FIGHTERS,Ward
JHB,Ward 79800090,32850547,HYDE PARK HIGH SCHOOL,4248,33,175,ACTIONSA,Ward
JHB,Ward 79800090,32850615,GEORGE LEA SPORTS CLUB,4162,34,994,AFRICAN NATIONAL CONGRESS,Ward
JHB,Ward 79800090,32850615,GEORGE LEA SPORTS CLUB,4162,34,774,DEMOCRATIC ALLIANCE,Ward
JHB,Ward 79800090,32850615,GEORGE LEA SPORTS CLUB,4162,34,265,ECONOMIC FREEDOM FIGHTERS,Ward
JHB,Ward 79800090,32850615,GEORGE LEA SPORTS CLUB,4162,34,177,ACTIONSA,Ward
JHB,Ward 79800091,32850558,ST DAVIDS MARIST INANDA,5320,39,1143,AFRICAN NATIONAL CONGRESS,Ward
JHB,Ward 79800091,32850558,ST DAVIDS MARIST INANDA,5320,39,889,DEMOCRATIC ALLIANCE,Ward
JHB,Ward 79800091,32850558,ST DAVIDS MARIST INANDA,5320,39,305,ECONOMIC FREEDOM FIGHTERS,Ward
JHB,Ward 79800091,32850558,ST DAVIDS MARIST INANDA,5320,39,203,ACTIONSA,Ward
JHB,Ward 79800091,32850569,ALEXANDRA HIGH SCHOOL,3831,20,602,AFRICAN NATIONAL CONGRESS,Ward
JHB,Ward 79800091,32850569,ALEXANDRA HIGH SCHOOL,3831,20,468,DEMOCRATIC ALLIANCE,Ward
JHB,Ward 79800091,32850569,ALEXANDRA HIGH SCHOOL,3831,20,160,ECONOMIC FREEDOM FIGHTERS,Ward
JHB,Ward 79800091,32850569,ALEXANDRA HIGH SCHOOL,3831,20,107,ACTIONSA,Ward
JHB,Ward 79800091,32850581,SANDTON FIRE STATION,3571,24,716,AFRICAN NATIONAL CONGRESS,Ward
JHB,Ward 79800091,32850581,SANDTON FIRE STATION,3571,24,557,DEMOCRATIC ALLIANCE,Ward
JHB,Ward 79800091,32850581,SANDTON FIRE STATION,3571,24,191,ECONOMIC FREEDOM FIGHTERS,Ward
JHB,Ward 79800091,32850581,SANDTON FIRE STATION,3571,24,127,ACTIONSA,Ward
JHB,Ward 79800092,32910016,RANDJESFONTEIN HOMESTEAD,3246,23,671,AFRICAN NATIONAL CONGRESS,Ward
JHB,Ward 79800092,32910016,RANDJESFONTEIN HOMESTEAD,3246,23,522,DEMOCRATIC ALLIANCE,Ward
JHB,Ward 79800092,32910016,RANDJESFONTEIN HOMESTEAD,3246,23,179,ECONOMIC FREEDOM FIGHTERS,Ward
JHB,Ward 79800092,32910016,RANDJESFONTEIN HOMESTEAD,3246,23,119,ACTIONSA,Ward
JHB,Ward 79800092,32910308,SEDI-LAKA PRIMARY SCHOOL,6891,31,911,AFRICAN NATIONAL CONGRESS,Ward
JHB,Ward 79800092,32910308,SEDI-LAKA PRIMARY SCHOOL,6891,31,709,DEMOCRATIC ALLIANCE,Ward
JHB,Ward 79800092,32910308,SEDI-LAKA PRIMARY SCHOOL,6891,31,243,ECONOMIC FREEDOM FIGHTERS,Ward
JHB,Ward 79800092,32910308,SEDI-LAKA PRIMARY SCHOOL,6891,31,162,ACTIONSA,Ward
JHB,Ward 79800092,32910342,DRAKE KOKA PRIMARY SCHOOL,5055,25,729,AFRICAN NATIONAL CONGRESS,Ward
JHB,Ward 79800092,32910342,DRAKE KOKA PRIMARY SCHOOL,5055,25,567,DEMOCRATIC ALLIANCE,Ward
JHB,Ward 79800092,32910342,DRAKE KOKA PRIMARY SCHOOL,5055,25,195,ECONOMIC FREEDOM FIGHTERS,Ward
JHB,Ward 79800092,32910342,DRAKE KOKA PRIMARY SCHOOL,5055,25,130,ACTIONSA,Ward
JHB,Ward 79800093,32841772,TENT - KINGFISCHER PARK,662,7,214,AFRICAN NATIONAL CONGRESS,Ward
JHB,Ward 79800093,32841772,TENT - KINGFISCHER PARK,662,7,167,DEMOCRATIC ALLIANCE,Ward
JHB,Ward 79800093,32841772,TENT - KINGFISCHER PARK,662,7,57,ECONOMIC FREEDOM FIGHTERS,Ward
JHB,Ward 79800093,32841772,TENT - KINGFISCHER PARK,662,7,38,ACTIONSA,Ward
JHB,Ward 79800093,32850738,EDISON CRESCENT PARK - SUNNINGHILL SHOPPING CENTRE,4969,33,980,AFRICAN NATIONAL CONGRESS,Ward
JHB,Ward 79800093,32850738,EDISON CRESCENT PARK - SUNNINGHILL SHOPPING CENTRE,4969,33,762,DEMOCRATIC ALLIANCE,Ward
JHB,Ward 79800093,32850738,EDISON CRESCENT PARK - SUNNINGHILL SHOPPING CENTRE,4969,33,261,ECONOMIC FREEDOM FIGHTERS,Ward
JHB,Ward 79800093,32850738,EDISON CRESCENT PARK - SUNNINGHILL SHOPPING CENTRE,4969,33,174,ACTIONSA,Ward
JHB,Ward 79800093,32850761,RIVONIA SPORTS CLUB,3318,27,810,AFRICAN NATIONAL CONGRESS,Ward
JHB,Ward 79800093,32850761,RIVONIA SPORTS CLUB,3318,27,630,DEMOCRATIC ALLIANCE,Ward
JHB,Ward 79800093,32850761,RIVONIA SPORTS CLUB,3318,27,216,ECONOMIC FREEDOM FIGHTERS,Ward
JHB,Ward 79800093,32850761,RIVONIA SPORTS CLUB,3318,27,144,ACTIONSA,Ward
JHB,Ward 79800094,32840018,TENT @ RIVERSANDS INCUBATION HUB,1020,4,117,AFRICAN NATIONAL CONGRESS,Ward
JHB,Ward 79800094,32840018,TENT @ RIVERSANDS INCUBATION HUB,1020,4,91,DEMOCRATIC ALLIANCE,Ward
JHB,Ward 79800094,32840018,TENT @ RIVERSANDS INCUBATION HUB,1020,4,31,ECONOMIC FREEDOM FIGHTERS,Ward
JHB,Ward 79800094,32840018,TENT @ RIVERSANDS INCUBATION HUB,1020,4,21,ACTIONSA,Ward
JHB,Ward 79800094,32840580,WITKOPPEN COMBINED SCHOOL,3745,29,867,AFRICAN NATIONAL CONGRESS,Ward
JHB,Ward 79800094,32840580,WITKOPPEN COMBINED SCHOOL,3745,29,674,DEMOCRATIC ALLIANCE,Ward
JHB,Ward 79800094,32840580,WITKOPPEN COMBINED SCHOOL,3745,29,231,ECONOMIC FREEDOM FIGHTERS,Ward
JHB,Ward 79800094,32840580,WITKOPPEN COMBINED SCHOOL,3745,29,154,ACTIONSA,Ward
JHB,Ward 79800094,32850536,LONEHILL FIRE STATION,8218,55,1625,AFRICAN NATIONAL CONGRESS,Ward
JHB,Ward 79800094,32850536,LONEHILL FIRE STATION,8218,55,1264,DEMOCRATIC ALLIANCE,Ward
JHB,Ward 79800094,32850536,LONEHILL FIRE STATION,8218,55,433,ECONOMIC FREEDOM FIGHTERS,Ward
JHB,Ward 79800094,32850536,LONEHILL FIRE STATION,8218,55,289,ACTIONSA,Ward
JHB,Ward 79800095,32841176,DIEPSLOOT YOUTH CENTRE,5183,22,648,AFRICAN NATIONAL CONGRESS,Ward
JHB,Ward 79800095,32841176,DIEPSLOOT YOUTH CENTRE,5183,22,504,DEMOCRATIC ALLIANCE,Ward
JHB,Ward 79800095,32841176,DIEPSLOOT YOUTH CENTRE,5183,22,173,ECONOMIC FREEDOM FIGHTERS,Ward
JHB,Ward 79800095,32841176,DIEPSLOOT YOUTH CENTRE,5183,22,115,ACTIONSA,Ward
JHB,Ward 79800095,32841187,MUZOMUHLE PRIMARY SCHOOL,4439,19,554,AFRICAN NATIONAL CONGRESS,Ward
JHB,Ward 79800095,32841187,MUZOMUHLE PRIMARY SCHOOL,4439,19,431,DEMOCRATIC ALLIANCE,Ward
JHB,Ward 79800095,32841187,MUZOMUHLE PRIMARY SCHOOL,4439,19,148,ECONOMIC FREEDOM FIGHTERS,Ward
JHB,Ward 79800095,32841187,MUZOMUHLE PRIMARY SCHOOL,4439,19,99,ACTIONSA,Ward
JHB,Ward 79800095,32841389,NEIGHBOURHOOD CENTRE,4508,20,591,AFRICAN NATIONAL CONGRESS,Ward
JHB,Ward 79800095,32841389,NEIGHBOURHOOD CENTRE,4508,20,460,DEMOCRATIC ALLIANCE,Ward
JHB,Ward 79800095,32841389,NEIGHBOURHOOD CENTRE,4508,20,158,ECONOMIC FREEDOM FIGHTERS,Ward
JHB,Ward 79800095,32841389,NEIGHBOURHOOD CENTRE,4508,20,105,ACTIONSA,Ward
JHB,Ward 79800096,32841255,TENT AFRICA ABLAZE MINISTRIES,1469,12,348,AFRICAN NATIONAL CONGRESS,Ward
JHB,Ward 79800096,32841255,TENT AFRICA ABLAZE MINISTRIES,1469,12,271,DEMOCRATIC ALLIANCE,Ward
JHB,Ward 79800096,32841255,TENT AFRICA ABLAZE MINISTRIES,1469,12,93,ECONOMIC FREEDOM FIGHTERS,Ward
JHB,Ward 79800096,32841255,TENT AFRICA ABLAZE MINISTRIES,1469,12,62,ACTIONSA,Ward
JHB,Ward 79800096,32841288,PARADISE BEND SCHOOL,3009,17,508,AFRICAN NATIONAL CONGRESS,Ward
JHB,Ward 79800096,32841288,PARADISE BEND SCHOOL,3009,17,396,DEMOCRATIC ALLIANCE,Ward
JHB,Ward 79800096,32841288,PARADISE BEND SCHOOL,3009,17,136,ECONOMIC FREEDOM FIGHTERS,Ward
JHB,Ward 79800096,32841288,PARADISE BEND SCHOOL,3009,17,90,ACTIONSA,Ward
JHB,Ward 79800096,32841323,KWENA MOLAPO SCHOOL,1126,6,186,AFRICAN NATIONAL CONGRESS,Ward
JHB,Ward 79800096,32841323,KWENA MOLAPO SCHOOL,1126,6,145,DEMOCRATIC ALLIANCE,Ward
JHB,Ward 79800096,32841323,KWENA MOLAPO SCHOOL,1126,6,50,ECONOMIC FREEDOM FIGHTERS,Ward
JHB,Ward 79800096,32841323,KWENA MOLAPO SCHOOL,1126,6,33,ACTIONSA,Ward
JHB,Ward 79800097,32870314,RUIMSIG SPORT COMPLEX / STADIUM,3556,26,783,AFRICAN NATIONAL CONGRESS,Ward
JHB,Ward 79800097,32870314,RUIMSIG SPORT COMPLEX / STADIUM,3556,26,609,DEMOCRATIC ALLIANCE,Ward
JHB,Ward 79800097,32870314,RUIMSIG SPORT COMPLEX / STADIUM,3556,26,209,ECONOMIC FREEDOM FIGHTERS,Ward
JHB,Ward 79800097,32870314,RUIMSIG SPORT COMPLEX / STADIUM,3556,26,139,ACTIONSA,Ward
JHB,Ward 79800097,32870358,PANORAMA SPORT CLUB,7619,58,1716,AFRICAN NATIONAL CONGRESS,Ward
JHB,Ward 79800097,32870358,PANORAMA SPORT CLUB,7619,58,1335,DEMOCRATIC ALLIANCE,Ward
JHB,Ward 79800097,32870358,PANORAMA SPORT CLUB,7619,58,458,ECONOMIC FREEDOM FIGHTERS,Ward
JHB,Ward 79800097,32870358,PANORAMA SPORT CLUB,7619,58,305,ACTIONSA,Ward
JHB,Ward 79800097,32871225,RIDGECREST FAMILY CHURCH,7224,59,1755,AFRICAN NATIONAL CONGRESS,Ward
JHB,Ward 79800097,32871225,RIDGECREST FAMILY CHURCH,7224,59,1365,DEMOCRATIC ALLIANCE,Ward
JHB,Ward 79800097,32871225,RIDGECREST FAMILY CHURCH,7224,59,468,ECONOMIC FREEDOM FIGHTERS,Ward
JHB,Ward 79800097,32871225,RIDGECREST FAMILY CHURCH,7224,59,312,ACTIONSA,Ward
JHB,Ward 79800098,32840096,NORTHCLIFF PRIMARY SCHOOL,5593,48,1422,AFRICAN NATIONAL CONGRESS,Ward
JHB,Ward 79800098,32840096,NORTHCLIFF PRIMARY SCHOOL,5593,48,1106,DEMOCRATIC ALLIANCE,Ward
JHB,Ward 79800098,32840096,NORTHCLIFF PRIMARY SCHOOL,5593,48,379,ECONOMIC FREEDOM FIGHTERS,Ward
JHB,Ward 79800098,32840096,NORTHCLIFF PRIMARY SCHOOL,5593,48,253,ACTIONSA,Ward
JHB,Ward 79800098,32840366,WINDSOR EAST RECREATION CENTRE,2911,17,513,AFRICAN NATIONAL CONGRESS,Ward
JHB,Ward 79800098,32840366,WINDSOR EAST RECREATION CENTRE,2911,17,399,DEMOCRATIC ALLIANCE,Ward
JHB,Ward 79800098,32840366,WINDSOR EAST RECREATION CENTRE,2911,17,137,ECONOMIC FREEDOM FIGHTERS,Ward
JHB,Ward 79800098,32840366,WINDSOR EAST RECREATION CENTRE,2911,17,91,ACTIONSA,Ward
JHB,Ward 79800098,32840388,ROBIN HILLS PRIMARY SCHOOL,3463,27,784,AFRICAN NATIONAL CONGRESS,Ward
JHB,Ward 79800098,32840388,ROBIN HILLS PRIMARY SCHOOL,3463,27,610,DEMOCRATIC ALLIANCE,Ward
JHB,Ward 79800098,32840388,ROBIN HILLS PRIMARY SCHOOL,3463,27,209,ECONOMIC FREEDOM FIGHTERS,Ward
JHB,Ward 79800098,32840388,ROBIN HILLS PRIMARY SCHOOL,3463,27,139,ACTIONSA,Ward
JHB,Ward 79800099,32840131,LAERSKOOL LOUW GELDENHUYS,2987,25,738,AFRICAN NATIONAL CONGRESS,Ward
JHB,Ward 79800099,32840131,LAERSKOOL LOUW GELDENHUYS,2987,25,574,DEMOCRATIC ALLIANCE,Ward
JHB,Ward 79800099,32840131,LAERSKOOL LOUW GELDENHUYS,2987,25,197,ECONOMIC FREEDOM FIGHTERS,Ward
JHB,Ward 79800099,32840131,LAERSKOOL LOUW GELDENHUYS,2987,25,131,ACTIONSA,Ward
JHB,Ward 79800099,32840142,LINDEN HOËRSKOOL,3474,30,897,AFRICAN NATIONAL CONGRESS,Ward
JHB,Ward 79800099,32840142,LINDEN HOËRSKOOL,3474,30,698,DEMOCRATIC ALLIANCE,Ward
JHB,Ward 79800099,32840142,LINDEN HOËRSKOOL,3474,30,239,ECONOMIC FREEDOM FIGHTERS,Ward
JHB,Ward 79800099,32840142,LINDEN HOËRSKOOL,3474,30,159,ACTIONSA,Ward
JHB,Ward 79800099,32840355,LAERSKOOL UNIKA,3711,29,856,AFRICAN NATIONAL CONGRESS,Ward
JHB,Ward 79800099,32840355,LAERSKOOL UNIKA,3711,29,666,DEMOCRATIC ALLIANCE,Ward
JHB,Ward 79800099,32840355,LAERSKOOL UNIKA,3711,29,228,ECONOMIC FREEDOM FIGHTERS,Ward
JHB,Ward 79800099,32840355,LAERSKOOL UNIKA,3711,29,152,ACTIONSA,Ward
JHB,Ward 79800100,32841200,COSMO CITY MULTIPUREPOSE CENTRE,3684,19,550,AFRICAN NATIONAL CONGRESS,Ward
JHB,Ward 79800100,32841200,COSMO CITY MULTIPUREPOSE CENTRE,3684,19,428,DEMOCRATIC ALLIANCE,Ward
JHB,Ward 79800100,32841200,COSMO CITY MULTIPUREPOSE CENTRE,3684,19,147,ECONOMIC FREEDOM FIGHTERS,Ward
JHB,Ward 79800100,32841200,COSMO CITY MULTIPUREPOSE CENTRE,3684,19,98,ACTIONSA,Ward
JHB,Ward 79800100,32841334,SGODIPHOLA SECONDARY SCHOOL,4172,20,592,AFRICAN NATIONAL CONGRESS,Ward
JHB,Ward 79800100,32841334,SGODIPHOLA SECONDARY SCHOOL,4172,20,460,DEMOCRATIC ALLIANCE,Ward
JHB,Ward 79800100,32841334,SGODIPHOLA SECONDARY SCHOOL,4172,20,158,ECONOMIC FREEDOM FIGHTERS,Ward
JHB,Ward 79800100,32841334,SGODIPHOLA SECONDARY SCHOOL,4172,20,105,ACTIONSA,Ward
JHB,Ward 79800100,32841424,ITSOSENG DEVELOPMENT TRUST INFORMAL SETTLEMENT,2368,14,400,AFRICAN NATIONAL CONGRESS,Ward
JHB,Ward 79800100,32841424,ITSOSENG DEVELOPMENT TRUST INFORMAL SETTLEMENT,2368,14,311,DEMOCRATIC ALLIANCE,Ward
JHB,Ward 79800100,32841424,ITSOSENG DEVELOPMENT TRUST INFORMAL SETTLEMENT,2368,14,107,ECONOMIC FREEDOM FIGHTERS,Ward
JHB,Ward 79800100,32841424,ITSOSENG DEVELOPMENT TRUST INFORMAL SETTLEMENT,2368,14,71,ACTIONSA,Ward
JHB,Ward 79800101,32840535,RANDPARK RIDGE UNITED CHURCH,5940,49,1447,AFRICAN NATIONAL CONGRESS,Ward
JHB,Ward 79800101,32840535,RANDPARK RIDGE UNITED CHURCH,5940,49,1126,DEMOCRATIC ALLIANCE,Ward
JHB,Ward 79800101,32840535,RANDPARK RIDGE UNITED CHURCH,5940,49,386,ECONOMIC FREEDOM FIGHTERS,Ward
JHB,Ward 79800101,32840535,RANDPARK RIDGE UNITED CHURCH,5940,49,257,ACTIONSA,Ward
JHB,Ward 79800101,32840546,HUNTERS HILL FIRE STATION,3651,28,832,AFRICAN NATIONAL CONGRESS,Ward
JHB,Ward 79800101,32840546,HUNTERS HILL FIRE STATION,3651,28,647,DEMOCRATIC ALLIANCE,Ward
JHB,Ward 79800101,32840546,HUNTERS HILL FIRE STATION,3651,28,222,ECONOMIC FREEDOM FIGHTERS,Ward
JHB,Ward 79800101,32840546,HUNTERS HILL FIRE STATION,3651,28,148,ACTIONSA,Ward
JHB,Ward 79800101,32840568,SHARONLEA PRIMARY SCHOOL,5917,44,1303,AFRICAN NATIONAL CONGRESS,Ward
JHB,Ward 79800101,32840568,SHARONLEA PRIMARY SCHOOL,5917,44,1013,DEMOCRATIC ALLIANCE,Ward
JHB,Ward 79800101,32840568,SHARONLEA PRIMARY SCHOOL,5917,44,347,ECONOMIC FREEDOM FIGHTERS,Ward
JHB,Ward 79800101,32840568,SHARONLEA PRIMARY SCHOOL,5917,44,232,ACTIONSA,Ward
JHB,Ward 79800102,32840423,LAERSKOOL FONTAINEBLEAU,3123,25,748,AFRICAN NATIONAL CONGRESS,Ward
JHB,Ward 79800102,32840423,LAERSKOOL FONTAINEBLEAU,3123,25,582,DEMOCRATIC ALLIANCE,Ward
JHB,Ward 79800102,32840423,LAERSKOOL FONTAINEBLEAU,3123,25,200,ECONOMIC FREEDOM FIGHTERS,Ward
JHB,Ward 79800102,32840423,LAERSKOOL FONTAINEBLEAU,3123,25,133,ACTIONSA,Ward
JHB,Ward 79800102,32840456,BORDEAUX PRIMARY SCHOOL,4712,31,905,AFRICAN NATIONAL CONGRESS,Ward
JHB,Ward 79800102,32840456,BORDEAUX PRIMARY SCHOOL,4712,31,704,DEMOCRATIC ALLIANCE,Ward
JHB,Ward 79800102,32840456,BORDEAUX PRIMARY SCHOOL,4712,31,241,ECONOMIC FREEDOM FIGHTERS,Ward
JHB,Ward 79800102,32840456,BORDEAUX PRIMARY SCHOOL,4712,31,161,ACTIONSA,Ward
JHB,Ward 79800102,32840467,BLAIRGOWRIE COMMUNITY CENTRE,3776,32,939,AFRICAN NATIONAL CONGRESS,Ward
JHB,Ward 79800102,32840467,BLAIRGOWRIE COMMUNITY CENTRE,3776,32,730,DEMOCRATIC ALLIANCE,Ward
JHB,Ward 79800102,32840467,BLAIRGOWRIE COMMUNITY CENTRE,3776,32,250,ECONOMIC FREEDOM FIGHTERS,Ward
JHB,Ward 79800102,32840467,BLAIRGOWRIE COMMUNITY CENTRE,3776,32,167,ACTIONSA,Ward
JHB,Ward 79800103,32850604,SANDTON ART GALLERY,1711,9,259,AFRICAN NATIONAL CONGRESS,Ward
JHB,Ward 79800103,32850604,SANDTON ART GALLERY,1711,9,202,DEMOCRATIC ALLIANCE,Ward
JHB,Ward 79800103,32850604,SANDTON ART GALLERY,1711,9,69,ECONOMIC FREEDOM FIGHTERS,Ward
JHB,Ward 79800103,32850604,SANDTON ART GALLERY,1711,9,46,ACTIONSA,Ward
JHB,Ward 79800103,32850626,FIELD AND STUDY CENTRE,2966,25,750,AFRICAN NATIONAL CONGRESS,Ward
JHB,Ward 79800103,32850626,FIELD AND STUDY CENTRE,2966,25,583,DEMOCRATIC ALLIANCE,Ward
JHB,Ward 79800103,32850626,FIELD AND STUDY CENTRE,2966,25,200,ECONOMIC FREEDOM FIGHTERS,Ward
JHB,Ward 79800103,32850626,FIELD AND STUDY CENTRE,2966,25,133,ACTIONSA,Ward
JHB,Ward 79800103,32850648,LYCEE FRANCAIS JULES VERNE,3986,32,947,AFRICAN NATIONAL CONGRESS,Ward
JHB,Ward 79800103,32850648,LYCEE FRANCAIS JULES VERNE,3986,32,736,DEMOCRATIC ALLIANCE,Ward
JHB,Ward 79800103,32850648,LYCEE FRANCAIS JULES VERNE,3986,32,252,ECONOMIC FREEDOM FIGHTERS,Ward
JHB,Ward 79800103,32850648,LYCEE FRANCAIS JULES VERNE,3986,32,168,ACTIONSA,Ward
JHB,Ward 79800104,32840412,NG KERK FONTAINEBLEAU,4017,33,962,AFRICAN NATIONAL CONGRESS,Ward
JHB,Ward 79800104,32840412,NG KERK FONTAINEBLEAU,4017,33,748,DEMOCRATIC ALLIANCE,Ward
JHB,Ward 79800104,32840412,NG KERK FONTAINEBLEAU,4017,33,257,ECONOMIC FREEDOM FIGHTERS,Ward
JHB,Ward 79800104,32840412,NG KERK FONTAINEBLEAU,4017,33,171,ACTIONSA,Ward
JHB,Ward 79800104,32840434,CITY POWER RANDBURG,3366,24,696,AFRICAN NATIONAL CONGRESS,Ward
JHB,Ward 79800104,32840434,CITY POWER RANDBURG,3366,24,541,DEMOCRATIC ALLIANCE,Ward
JHB,Ward 79800104,32840434,CITY POWER RANDBURG,3366,24,186,ECONOMIC FREEDOM FIGHTERS,Ward
JHB,Ward 79800104,32840434,CITY POWER RANDBURG,3366,24,124,ACTIONSA,Ward
JHB,Ward 79800104,32840445,FERNDALE HIGH SCHOOL,2702,20,600,AFRICAN NATIONAL CONGRESS,Ward
JHB,Ward 79800104,32840445,FERNDALE HIGH SCHOOL,2702,20,467,DEMOCRATIC ALLIANCE,Ward
JHB,Ward 79800104,32840445,FERNDALE HIGH SCHOOL,2702,20,160,ECONOMIC FREEDOM FIGHTERS,Ward
JHB,Ward 79800104,32840445,FERNDALE HIGH SCHOOL,2702,20,107,ACTIONSA,Ward
JHB,Ward 79800105,32850334,ATREC SPORTS COMPLEX,2117,12,359,AFRICAN NATIONAL CONGRESS,Ward
JHB,Ward 79800105,32850334,ATREC SPORTS COMPLEX,2117,12,279,DEMOCRATIC ALLIANCE,Ward
JHB,Ward 79800105,32850334,ATREC SPORTS COMPLEX,2117,12,96,ECONOMIC FREEDOM FIGHTERS,Ward
JHB,Ward 79800105,32850334,ATREC SPORTS COMPLEX,2117,12,64,ACTIONSA,Ward
JHB,Ward 79800105,32850884,EAST BANK CLINIC,1896,12,348,AFRICAN NATIONAL CONGRESS,Ward
JHB,Ward 79800105,32850884,EAST BANK CLINIC,1896,12,271,DEMOCRATIC ALLIANCE,Ward
JHB,Ward 79800105,32850884,EAST BANK CLINIC,1896,12,93,ECONOMIC FREEDOM FIGHTERS,Ward
JHB,Ward 79800105,32850884,EAST BANK CLINIC,1896,12,62,ACTIONSA,Ward
JHB,Ward 79800105,32851032,SKEEN PRIMARY SCHOOL,5079,31,916,AFRICAN NATIONAL CONGRESS,Ward
JHB,Ward 79800105,32851032,SKEEN PRIMARY SCHOOL,5079,31,713,DEMOCRATIC ALLIANCE,Ward
JHB,Ward 79800105,32851032,SKEEN PRIMARY SCHOOL,5079,31,244,ECONOMIC FREEDOM FIGHTERS,Ward
JHB,Ward 79800105,32851032,SKEEN PRIMARY SCHOOL,5079,31,163,ACTIONSA,Ward
JHB,Ward 79800106,32840490,NORSCOT MANOR RECREATION CENTRE,7172,57,1689,AFRICAN NATIONAL CONGRESS,Ward
JHB,Ward 79800106,32840490,NORSCOT MANOR RECREATION CENTRE,7172,57,1314,DEMOCRATIC ALLIANCE,Ward
JHB,Ward 79800106,32840490,NORSCOT MANOR RECREATION CENTRE,7172,57,450,ECONOMIC FREEDOM FIGHTERS,Ward
JHB,Ward 79800106,32840490,NORSCOT MANOR RECREATION CENTRE,7172,57,300,ACTIONSA,Ward
JHB,Ward 79800106,32850682,CEDARWOODS OF SANDTON,2710,23,692,AFRICAN NATIONAL CONGRESS,Ward
JHB,Ward 79800106,32850682,CEDARWOODS OF SANDTON,2710,23,538,DEMOCRATIC ALLIANCE,Ward
JHB,Ward 79800106,32850682,CEDARWOODS OF SANDTON,2710,23,185,ECONOMIC FREEDOM FIGHTERS,Ward
JHB,Ward 79800106,32850682,CEDARWOODS OF SANDTON,2710,23,123,ACTIONSA,Ward
JHB,Ward 79800106,32850749,RIVONIA VILLAGE HALL,6066,45,1321,AFRICAN NATIONAL CONGRESS,Ward
JHB,Ward 79800106,32850749,RIVONIA VILLAGE HALL,6066,45,1027,DEMOCRATIC ALLIANCE,Ward
JHB,Ward 79800106,32850749,RIVONIA VILLAGE HALL,6066,45,352,ECONOMIC FREEDOM FIGHTERS,Ward
JHB,Ward 79800106,32850749,RIVONIA VILLAGE HALL,6066,45,235,ACTIONSA,Ward
JHB,Ward 79800107,32850794,CARTER PRIMARY SCHOOL,3423,20,600,AFRICAN NATIONAL CONGRESS,Ward
JHB,Ward 79800107,32850794,CARTER PRIMARY SCHOOL,3423,20,467,DEMOCRATIC ALLIANCE,Ward
JHB,Ward 79800107,32850794,CARTER PRIMARY SCHOOL,3423,20,160,ECONOMIC FREEDOM FIGHTERS,Ward
JHB,Ward 79800107,32850794,CARTER PRIMARY SCHOOL,3423,20,107,ACTIONSA,Ward
JHB,Ward 79800107,32850806,ST MICHAEL'S CHURCH,2516,14,420,AFRICAN NATIONAL CONGRESS,Ward
JHB,Ward 79800107,32850806,ST MICHAEL'S CHURCH,2516,14,327,DEMOCRATIC ALLIANCE,Ward
JHB,Ward 79800107,32850806,ST MICHAEL'S CHURCH,2516,14,112,ECONOMIC FREEDOM FIGHTERS,Ward
JHB,Ward 79800107,32850806,ST MICHAEL'S CHURCH,2516,14,75,ACTIONSA,Ward
JHB,Ward 79800107,32850828,REALOGILE HIGH SCHOOL,3375,18,522,AFRICAN NATIONAL CONGRESS,Ward
JHB,Ward 79800107,32850828,REALOGILE HIGH SCHOOL,3375,18,406,DEMOCRATIC ALLIANCE,Ward
JHB,Ward 79800107,32850828,REALOGILE HIGH SCHOOL,3375,18,139,ECONOMIC FREEDOM FIGHTERS,Ward
JHB,Ward 79800107,32850828,REALOGILE HIGH SCHOOL,3375,18,93,ACTIONSA,Ward
JHB,Ward 79800108,32850693,METHODIST CHURCH OF SOUTH AFRICA,1545,8,246,AFRICAN NATIONAL CONGRESS,Ward
JHB,Ward 79800108,32850693,METHODIST CHURCH OF SOUTH AFRICA,1545,8,191,DEMOCRATIC ALLIANCE,Ward
JHB,Ward 79800108,32850693,METHODIST CHURCH OF SOUTH AFRICA,1545,8,66,ECONOMIC FREEDOM FIGHTERS,Ward
JHB,Ward 79800108,32850693,METHODIST CHURCH OF SOUTH AFRICA,1545,8,44,ACTIONSA,Ward
JHB,Ward 79800108,32850817,AME CHURCH,3167,18,522,AFRICAN NATIONAL CONGRESS,Ward
JHB,Ward 79800108,32850817,AME CHURCH,3167,18,406,DEMOCRATIC ALLIANCE,Ward
JHB,Ward 79800108,32850817,AME CHURCH,3167,18,139,ECONOMIC FREEDOM FIGHTERS,Ward
JHB,Ward 79800108,32850817,AME CHURCH,3167,18,93,ACTIONSA,Ward
JHB,Ward 79800108,32851065,TENT (VASCO AND 9TH AVENUE),4593,22,659,AFRICAN NATIONAL CONGRESS,Ward
JHB,Ward 79800108,32851065,TENT (VASCO AND 9TH AVENUE),4593,22,513,DEMOCRATIC ALLIANCE,Ward
JHB,Ward 79800108,32851065,TENT (VASCO AND 9TH AVENUE),4593,22,176,ECONOMIC FREEDOM FIGHTERS,Ward
JHB,Ward 79800108,32851065,TENT (VASCO AND 9TH AVENUE),4593,22,117,ACTIONSA,Ward
JHB,Ward 79800109,32850424,HLAYISANANI DAY CARE CENTRE,4233,21,623,AFRICAN NATIONAL CONGRESS,Ward
JHB,Ward 79800109,32850424,HLAYISANANI DAY CARE CENTRE,4233,21,484,DEMOCRATIC ALLIANCE,Ward
JHB,Ward 79800109,32850424,HLAYISANANI DAY CARE CENTRE,4233,21,166,ECONOMIC FREEDOM FIGHTERS,Ward
JHB,Ward 79800109,32850424,HLAYISANANI DAY CARE CENTRE,4233,21,111,ACTIONSA,Ward
JHB,Ward 79800109,32850592,ERNEST ULLMAN RECREATION CENTRE,2546,21,625,AFRICAN NATIONAL CONGRESS,Ward
JHB,Ward 79800109,32850592,ERNEST ULLMAN RECREATION CENTRE,2546,21,486,DEMOCRATIC ALLIANCE,Ward
JHB,Ward 79800109,32850592,ERNEST ULLMAN RECREATION CENTRE,2546,21,167,ECONOMIC FREEDOM FIGHTERS,Ward
JHB,Ward 79800109,32850592,ERNEST ULLMAN RECREATION CENTRE,2546,21,111,ACTIONSA,Ward
JHB,Ward 79800109,32850671,WENDYWOOD HIGH SCHOOL,3834,29,864,AFRICAN NATIONAL CONGRESS,Ward
JHB,Ward 79800109,32850671,WENDYWOOD HIGH SCHOOL,3834,29,672,DEMOCRATIC ALLIANCE,Ward
JHB,Ward 79800109,32850671,WENDYWOOD HIGH SCHOOL,3834,29,230,ECONOMIC FREEDOM FIGHTERS,Ward
JHB,Ward 79800109,32850671,WENDYWOOD HIGH SCHOOL,3834,29,154,ACTIONSA,Ward
JHB,Ward 79800110,32900093,TENT - MAYIBUYE CLINIC (NEXT TO PRIMARY SCHOOL),4735,20,580,AFRICAN NATIONAL CONGRESS,Ward
JHB,Ward 79800110,32900093,TENT - MAYIBUYE CLINIC (NEXT TO PRIMARY SCHOOL),4735,20,451,DEMOCRATIC ALLIANCE,Ward
JHB,Ward 79800110,32900093,TENT - MAYIBUYE CLINIC (NEXT TO PRIMARY SCHOOL),4735,20,155,ECONOMIC FREEDOM FIGHTERS,Ward
JHB,Ward 79800110,32900093,TENT - MAYIBUYE CLINIC (NEXT TO PRIMARY SCHOOL),4735,20,103,ACTIONSA,Ward
JHB,Ward 79800110,32900273,MAPHUTHA SECONDARY SCHOOL,3437,16,482,AFRICAN NATIONAL CONGRESS,Ward
JHB,Ward 79800110,32900273,MAPHUTHA SECONDARY SCHOOL,3437,16,375,DEMOCRATIC ALLIANCE,Ward
JHB,Ward 79800110,32900273,MAPHUTHA SECONDARY SCHOOL,3437,16,129,ECONOMIC FREEDOM FIGHTERS,Ward
JHB,Ward 79800110,32900273,MAPHUTHA SECONDARY SCHOOL,3437,16,86,ACTIONSA,Ward
JHB,Ward 79800110,32910038,GALLAGHER COMBINED SCHOOL,3372,17,490,AFRICAN NATIONAL CONGRESS,Ward
JHB,Ward 79800110,32910038,GALLAGHER COMBINED SCHOOL,3372,17,382,DEMOCRATIC ALLIANCE,Ward
JHB,Ward 79800110,32910038,GALLAGHER COMBINED SCHOOL,3372,17,131,ECONOMIC FREEDOM FIGHTERS,Ward
JHB,Ward 79800110,32910038,GALLAGHER COMBINED SCHOOL,3372,17,87,ACTIONSA,Ward
JHB,Ward 79800111,32910049,EBONY PARK PRIMARY SCHOOL,8237,37,1084,AFRICAN NATIONAL CONGRESS,Ward
JHB,Ward 79800111,32910049,EBONY PARK PRIMARY SCHOOL,8237,37,843,DEMOCRATIC ALLIANCE,Ward
JHB,Ward 79800111,32910049,EBONY PARK PRIMARY SCHOOL,8237,37,289,ECONOMIC FREEDOM FIGHTERS,Ward
JHB,Ward 79800111,32910049,EBONY PARK PRIMARY SCHOOL,8237,37,193,ACTIONSA,Ward
JHB,Ward 79800111,32910106,UMQHELE SECONDARY SCHOOL,3802,18,533,AFRICAN NATIONAL CONGRESS,Ward
JHB,Ward 79800111,32910106,UMQHELE SECONDARY SCHOOL,3802,18,415,DEMOCRATIC ALLIANCE,Ward
JHB,Ward 79800111,32910106,UMQHELE SECONDARY SCHOOL,3802,18,142,ECONOMIC FREEDOM FIGHTERS,Ward
JHB,Ward 79800111,32910106,UMQHELE SECONDARY SCHOOL,3802,18,95,ACTIONSA,Ward
JHB,Ward 79800111,32910320,PONELOPELE SECONDARY SCHOOL,4261,20,606,AFRICAN NATIONAL CONGRESS,Ward
JHB,Ward 79800111,32910320,PONELOPELE SECONDARY SCHOOL,4261,20,471,DEMOCRATIC ALLIANCE,Ward
JHB,Ward 79800111,32910320,PONELOPELE SECONDARY SCHOOL,4261,20,162,ECONOMIC FREEDOM FIGHTERS,Ward
JHB,Ward 79800111,32910320,PONELOPELE SECONDARY SCHOOL,4261,20,108,ACTIONSA,Ward
JHB,Ward 79800112,32910140,MIDRAND PRIMARY SCHOOL,4589,30,881,AFRICAN NATIONAL CONGRESS,Ward
JHB,Ward 79800112,32910140,MIDRAND PRIMARY SCHOOL,4589,30,685,DEMOCRATIC ALLIANCE,Ward
JHB,Ward 79800112,32910140,MIDRAND PRIMARY SCHOOL,4589,30,235,ECONOMIC FREEDOM FIGHTERS,Ward
JHB,Ward 79800112,32910140,MIDRAND PRIMARY SCHOOL,4589,30,157,ACTIONSA,Ward
JHB,Ward 79800112,32910353,COMMUNITAS CHURCH,1584,14,403,AFRICAN NATIONAL CONGRESS,Ward
JHB,Ward 79800112,32910353,COMMUNITAS CHURCH,1584,14,313,DEMOCRATIC ALLIANCE,Ward
JHB,Ward 79800112,32910353,COMMUNITAS CHURCH,1584,14,107,ECONOMIC FREEDOM FIGHTERS,Ward
JHB,Ward 79800112,32910353,COMMUNITAS CHURCH,1584,14,72,ACTIONSA,Ward
JHB,Ward 79800112,32910364,MIDRAND HIGH SCHOOL,4526,28,826,AFRICAN NATIONAL CONGRESS,Ward
JHB,Ward 79800112,32910364,MIDRAND HIGH SCHOOL,4526,28,642,DEMOCRATIC ALLIANCE,Ward
JHB,Ward 79800112,32910364,MIDRAND HIGH SCHOOL,4526,28,220,ECONOMIC FREEDOM FIGHTERS,Ward
JHB,Ward 79800112,32910364,MIDRAND HIGH SCHOOL,4526,28,147,ACTIONSA,Ward
JHB,Ward 79800113,32841198,DIEPSLOOT COMBINED SCHOOL,8034,34,1012,AFRICAN NATIONAL CONGRESS,Ward
JHB,Ward 79800113,32841198,DIEPSLOOT COMBINED SCHOOL,8034,34,788,DEMOCRATIC ALLIANCE,Ward
JHB,Ward 79800113,32841198,DIEPSLOOT COMBINED SCHOOL,8034,34,270,ECONOMIC FREEDOM FIGHTERS,Ward
JHB,Ward 79800113,32841198,DIEPSLOOT COMBINED SCHOOL,8034,34,180,ACTIONSA,Ward
JHB,Ward 79800113,32841402,NEIGHBOURHOOD COMMUNITY HALL,7523,26,781,AFRICAN NATIONAL CONGRESS,Ward
JHB,Ward 79800113,32841402,NEIGHBOURHOOD COMMUNITY HALL,7523,26,607,DEMOCRATIC ALLIANCE,Ward
JHB,Ward 79800113,32841402,NEIGHBOURHOOD COMMUNITY HALL,7523,26,208,ECONOMIC FREEDOM FIGHTERS,Ward
JHB,Ward 79800113,32841402,NEIGHBOURHOOD COMMUNITY HALL,7523,26,139,ACTIONSA,Ward
JHB,Ward 79800113,32841457,DIEPSLOOT OLD APOSTOLIC CHURCH,2608,12,366,AFRICAN NATIONAL CONGRESS,Ward
JHB,Ward 79800113,32841457,DIEPSLOOT OLD APOSTOLIC CHURCH,2608,12,285,DEMOCRATIC ALLIANCE,Ward
JHB,Ward 79800113,32841457,DIEPSLOOT OLD APOSTOLIC CHURCH,2608,12,98,ECONOMIC FREEDOM FIGHTERS,Ward
JHB,Ward 79800113,32841457,DIEPSLOOT OLD APOSTOLIC CHURCH,2608,12,65,ACTIONSA,Ward
JHB,Ward 79800114,32840614,MASAKHANE TSWELELOPELE PRIMARY SCHOOL,4964,24,700,AFRICAN NATIONAL CONGRESS,Ward
JHB,Ward 79800114,32840614,MASAKHANE TSWELELOPELE PRIMARY SCHOOL,4964,24,545,DEMOCRATIC ALLIANCE,Ward
JHB,Ward 79800114,32840614,MASAKHANE TSWELELOPELE PRIMARY SCHOOL,4964,24,187,ECONOMIC FREEDOM FIGHTERS,Ward
JHB,Ward 79800114,32840614,MASAKHANE TSWELELOPELE PRIMARY SCHOOL,4964,24,124,ACTIONSA,Ward
JHB,Ward 79800114,32841277,ZANDSPRUIT COMMUNITY CHURCH,3031,18,527,AFRICAN NATIONAL CONGRESS,Ward
JHB,Ward 79800114,32841277,ZANDSPRUIT COMMUNITY CHURCH,3031,18,410,DEMOCRATIC ALLIANCE,Ward
JHB,Ward 79800114,32841277,ZANDSPRUIT COMMUNITY CHURCH,3031,18,141,ECONOMIC FREEDOM FIGHTERS,Ward
JHB,Ward 79800114,32841277,ZANDSPRUIT COMMUNITY CHURCH,3031,18,94,ACTIONSA,Ward
JHB,Ward 79800114,32841491,TENT (BOUNDARY ROAD PARK),2019,13,393,AFRICAN NATIONAL CONGRESS,Ward
JHB,Ward 79800114,32841491,TENT (BOUNDARY ROAD PARK),2019,13,306,DEMOCRATIC ALLIANCE,Ward
JHB,Ward 79800114,32841491,TENT (BOUNDARY ROAD PARK),2019,13,105,ECONOMIC FREEDOM FIGHTERS,Ward
JHB,Ward 79800114,32841491,TENT (BOUNDARY ROAD PARK),2019,13,70,ACTIONSA,Ward
JHB,Ward 79800115,32840579,MAGIC BEINGS NURSERY SCHOOL,5734,43,1271,AFRICAN NATIONAL CONGRESS,Ward
JHB,Ward 79800115,32840579,MAGIC BEINGS NURSERY SCHOOL,5734,43,988,DEMOCRATIC ALLIANCE,Ward
JHB,Ward 79800115,32840579,MAGIC BEINGS NURSERY SCHOOL,5734,43,339,ECONOMIC FREEDOM FIGHTERS,Ward
JHB,Ward 79800115,32840579,MAGIC BEINGS NURSERY SCHOOL,5734,43,226,ACTIONSA,Ward
JHB,Ward 79800115,32840591,TENT AT NAUTILUS PARK,3296,18,542,AFRICAN NATIONAL CONGRESS,Ward
JHB,Ward 79800115,32840591,TENT AT NAUTILUS PARK,3296,18,422,DEMOCRATIC ALLIANCE,Ward
JHB,Ward 79800115,32840591,TENT AT NAUTILUS PARK,3296,18,145,ECONOMIC FREEDOM FIGHTERS,Ward
JHB,Ward 79800115,32840591,TENT AT NAUTILUS PARK,3296,18,96,ACTIONSA,Ward
JHB,Ward 79800115,32840603,FOURWAYS HIGH SCHOOL,4164,28,828,AFRICAN NATIONAL CONGRESS,Ward
JHB,Ward 79800115,32840603,FOURWAYS HIGH SCHOOL,4164,28,644,DEMOCRATIC ALLIANCE,Ward
JHB,Ward 79800115,32840603,FOURWAYS HIGH SCHOOL,4164,28,221,ECONOMIC FREEDOM FIGHTERS,Ward
JHB,Ward 79800115,32840603,FOURWAYS HIGH SCHOOL,4164,28,147,ACTIONSA,Ward
JHB,Ward 79800116,32850839,ZION APOSTOLIC CHURCH,2803,16,472,AFRICAN NATIONAL CONGRESS,Ward
JHB,Ward 79800116,32850839,ZION APOSTOLIC CHURCH,2803,16,367,DEMOCRATIC ALLIANCE,Ward
JHB,Ward 79800116,32850839,ZION APOSTOLIC CHURCH,2803,16,126,ECONOMIC FREEDOM FIGHTERS,Ward
JHB,Ward 79800116,32850839,ZION APOSTOLIC CHURCH,2803,16,84,ACTIONSA,Ward
JHB,Ward 79800116,32850873,UNITED CHURCH OF CHRIST,3230,16,470,AFRICAN NATIONAL CONGRESS,Ward
JHB,Ward 79800116,32850873,UNITED CHURCH OF CHRIST,3230,16,365,DEMOCRATIC ALLIANCE,Ward
JHB,Ward 79800116,32850873,UNITED CHURCH OF CHRIST,3230,16,125,ECONOMIC FREEDOM FIGHTERS,Ward
JHB,Ward 79800116,32850873,UNITED CHURCH OF CHRIST,3230,16,84,ACTIONSA,Ward
JHB,Ward 79800116,32850895,SWISS MISSION/EVANGELICAL PRESBYTERIAN CHURCH,4213,22,635,AFRICAN NATIONAL CONGRESS,Ward
JHB,Ward 79800116,32850895,SWISS MISSION/EVANGELICAL PRESBYTERIAN CHURCH,4213,22,494,DEMOCRATIC ALLIANCE,Ward
JHB,Ward 79800116,32850895,SWISS MISSION/EVANGELICAL PRESBYTERIAN CHURCH,4213,22,169,ECONOMIC FREEDOM FIGHTERS,Ward
JHB,Ward 79800116,32850895,SWISS MISSION/EVANGELICAL PRESBYTERIAN CHURCH,4213,22,113,ACTIONSA,Ward
JHB,Ward 79800117,32840153,BLAIRGOWRIE PRIMARY SCHOOL,3074,24,701,AFRICAN NATIONAL CONGRESS,Ward
JHB,Ward 79800117,32840153,BLAIRGOWRIE PRIMARY SCHOOL,3074,24,545,DEMOCRATIC ALLIANCE,Ward
JHB,Ward 79800117,32840153,BLAIRGOWRIE PRIMARY SCHOOL,3074,24,187,ECONOMIC FREEDOM FIGHTERS,Ward
JHB,Ward 79800117,32840153,BLAIRGOWRIE PRIMARY SCHOOL,3074,24,125,ACTIONSA,Ward
JHB,Ward 79800117,32850019,PARKHURST PRIMARY SCHOOL,4593,36,1073,AFRICAN NATIONAL CONGRESS,Ward
JHB,Ward 79800117,32850019,PARKHURST PRIMARY SCHOOL,4593,36,835,DEMOCRATIC ALLIANCE,Ward
JHB,Ward 79800117,32850019,PARKHURST PRIMARY SCHOOL,4593,36,286,ECONOMIC FREEDOM FIGHTERS,Ward
JHB,Ward 79800117,32850019,PARKHURST PRIMARY SCHOOL,4593,36,191,ACTIONSA,Ward
JHB,Ward 79800117,32850020,SAXONWOLD PRIMARY SCHOOL,3861,30,878,AFRICAN NATIONAL CONGRESS,Ward
JHB,Ward 79800117,32850020,SAXONWOLD PRIMARY SCHOOL,3861,30,683,DEMOCRATIC ALLIANCE,Ward
JHB,Ward 79800117,32850020,SAXONWOLD PRIMARY SCHOOL,3861,30,234,ECONOMIC FREEDOM FIGHTERS,Ward
JHB,Ward 79800117,32850020,SAXONWOLD PRIMARY SCHOOL,3861,30,156,ACTIONSA,Ward
JHB,Ward 79800118,32850288,ATHLONE GIRLS HIGH SCHOOL,4053,29,849,AFRICAN NATIONAL CONGRESS,Ward
JHB,Ward 79800118,32850288,ATHLONE GIRLS HIGH SCHOOL,4053,29,660,DEMOCRATIC ALLIANCE,Ward
JHB,Ward 79800118,32850288,ATHLONE GIRLS HIGH SCHOOL,4053,29,226,ECONOMIC FREEDOM FIGHTERS,Ward
JHB,Ward 79800118,32850288,ATHLONE GIRLS HIGH SCHOOL,4053,29,151,ACTIONSA,Ward
JHB,Ward 79800118,32850367,MALVERN PRIMARY SCHOOL,5041,20,597,AFRICAN NATIONAL CONGRESS,Ward
JHB,Ward 79800118,32850367,MALVERN PRIMARY SCHOOL,5041,20,464,DEMOCRATIC ALLIANCE,Ward
JHB,Ward 79800118,32850367,MALVERN PRIMARY SCHOOL,5041,20,159,ECONOMIC FREEDOM FIGHTERS,Ward
JHB,Ward 79800118,32850367,MALVERN PRIMARY SCHOOL,5041,20,106,ACTIONSA,Ward
JHB,Ward 79800118,32850378,EASTGATE PRIMARY SCHOOL,2409,18,526,AFRICAN NATIONAL CONGRESS,Ward
JHB,Ward 79800118,32850378,EASTGATE PRIMARY SCHOOL,2409,18,409,DEMOCRATIC ALLIANCE,Ward
JHB,Ward 79800118,32850378,EASTGATE PRIMARY SCHOOL,2409,18,140,ECONOMIC FREEDOM FIGHTERS,Ward
JHB,Ward 79800118,32850378,EASTGATE PRIMARY SCHOOL,2409,18,94,ACTIONSA,Ward
JHB,Ward 79800119,32860133,NATURENA PRIMARY SCHOOL,3087,21,617,AFRICAN NATIONAL CONGRESS,Ward
JHB,Ward 79800119,32860133,NATURENA PRIMARY SCHOOL,3087,21,480,DEMOCRATIC ALLIANCE,Ward
JHB,Ward 79800119,32860133,NATURENA PRIMARY SCHOOL,3087,21,165,ECONOMIC FREEDOM FIGHTERS,Ward
JHB,Ward 79800119,32860133,NATURENA PRIMARY SCHOOL,3087,21,110,ACTIONSA,Ward
JHB,Ward 79800119,32862607,FREEDOM  PRIMARY SCHOOL,4441,21,624,AFRICAN NATIONAL CONGRESS,Ward
JHB,Ward 79800119,32862607,FREEDOM  PRIMARY SCHOOL,4441,21,485,DEMOCRATIC ALLIANCE,Ward
JHB,Ward 79800119,32862607,FREEDOM  PRIMARY SCHOOL,4441,21,166,ECONOMIC FREEDOM FIGHTERS,Ward
JHB,Ward 79800119,32862607,FREEDOM  PRIMARY SCHOOL,4441,21,111,ACTIONSA,Ward
JHB,Ward 79800119,32862630,BANNER OF TRUTH MINISTRIES,2917,18,522,AFRICAN NATIONAL CONGRESS,Ward
JHB,Ward 79800119,32862630,BANNER OF TRUTH MINISTRIES,2917,18,406,DEMOCRATIC ALLIANCE,Ward
JHB,Ward 79800119,32862630,BANNER OF TRUTH MINISTRIES,2917,18,139,ECONOMIC FREEDOM FIGHTERS,Ward
JHB,Ward 79800119,32862630,BANNER OF TRUTH MINISTRIES,2917,18,93,ACTIONSA,Ward
JHB,Ward 79800120,32860773,SOUTH VIEW HIGH SCHOOL,1945,12,345,AFRICAN NATIONAL CONGRESS,Ward
JHB,Ward 79800120,32860773,SOUTH VIEW HIGH SCHOOL,1945,12,268,DEMOCRATIC ALLIANCE,Ward
JHB,Ward 79800120,32860773,SOUTH VIEW HIGH SCHOOL,1945,12,92,ECONOMIC FREEDOM FIGHTERS,Ward
JHB,Ward 79800120,32860773,SOUTH VIEW HIGH SCHOOL,1945,12,61,ACTIONSA,Ward
JHB,Ward 79800120,32860807,KIASHA PARK PRIMARY SCHOOL,3234,19,568,AFRICAN NATIONAL CONGRESS,Ward
JHB,Ward 79800120,32860807,KIASHA PARK PRIMARY SCHOOL,3234,19,442,DEMOCRATIC ALLIANCE,Ward
JHB,Ward 79800120,32860807,KIASHA PARK PRIMARY SCHOOL,3234,19,151,ECONOMIC FREEDOM FIGHTERS,Ward
JHB,Ward 79800120,32860807,KIASHA PARK PRIMARY SCHOOL,3234,19,101,ACTIONSA,Ward
JHB,Ward 79800120,32860818,SIERRA NEVADA PRIMARY SCHOOL,2828,19,554,AFRICAN NATIONAL CONGRESS,Ward
JHB,Ward 79800120,32860818,SIERRA NEVADA PRIMARY SCHOOL,2828,19,431,DEMOCRATIC ALLIANCE,Ward
JHB,Ward 79800120,32860818,SIERRA NEVADA PRIMARY SCHOOL,2828,19,148,ECONOMIC FREEDOM FIGHTERS,Ward
JHB,Ward 79800120,32860818,SIERRA NEVADA PRIMARY SCHOOL,2828,19,99,ACTIONSA,Ward
JHB,Ward 79800121,32860784,ENNERDALE SECONDARY SCHOOL,4200,28,837,AFRICAN NATIONAL CONGRESS,Ward
JHB,Ward 79800121,32860784,ENNERDALE SECONDARY SCHOOL,4200,28,651,DEMOCRATIC ALLIANCE,Ward
JHB,Ward 79800121,32860784,ENNERDALE SECONDARY SCHOOL,4200,28,223,ECONOMIC FREEDOM FIGHTERS,Ward
JHB,Ward 79800121,32860784,ENNERDALE SECONDARY SCHOOL,4200,28,149,ACTIONSA,Ward
JHB,Ward 79800121,32860795,ENNERDALE EXT 9 CIVIC CENTRE,1602,12,349,AFRICAN NATIONAL CONGRESS,Ward
JHB,Ward 79800121,32860795,ENNERDALE EXT 9 CIVIC CENTRE,1602,12,271,DEMOCRATIC ALLIANCE,Ward
JHB,Ward 79800121,32860795,ENNERDALE EXT 9 CIVIC CENTRE,1602,12,93,ECONOMIC FREEDOM FIGHTERS,Ward
JHB,Ward 79800121,32860795,ENNERDALE EXT 9 CIVIC CENTRE,1602,12,62,ACTIONSA,Ward
JHB,Ward 79800121,32860830,MOTHEO PRIMARY SCHOOL,3524,37,1098,AFRICAN NATIONAL CONGRESS,Ward
JHB,Ward 79800121,32860830,MOTHEO PRIMARY SCHOOL,3524,37,854,DEMOCRATIC ALLIANCE,Ward
JHB,Ward 79800121,32860830,MOTHEO PRIMARY SCHOOL,3524,37,293,ECONOMIC FREEDOM FIGHTERS,Ward
JHB,Ward 79800121,32860830,MOTHEO PRIMARY SCHOOL,3524,37,195,ACTIONSA,Ward
JHB,Ward 79800122,32860469,ZAKARIA PARK COMMUNITY HALL,2566,17,516,AFRICAN NATIONAL CONGRESS,Ward
JHB,Ward 79800122,32860469,ZAKARIA PARK COMMUNITY HALL,2566,17,401,DEMOCRATIC ALLIANCE,Ward
JHB,Ward 79800122,32860469,ZAKARIA PARK COMMUNITY HALL,2566,17,138,ECONOMIC FREEDOM FIGHTERS,Ward
JHB,Ward 79800122,32860469,ZAKARIA PARK COMMUNITY HALL,2566,17,92,ACTIONSA,Ward
JHB,Ward 79800122,32860740,OLIFANTSVLEI PRIMARY SCHOOL,94,0,11,AFRICAN NATIONAL CONGRESS,Ward
JHB,Ward 79800122,32860740,OLIFANTSVLEI PRIMARY SCHOOL,94,0,8,DEMOCRATIC ALLIANCE,Ward
JHB,Ward 79800122,32860740,OLIFANTSVLEI PRIMARY SCHOOL,94,0,3,ECONOMIC FREEDOM FIGHTERS,Ward
JHB,Ward 79800122,32860740,OLIFANTSVLEI PRIMARY SCHOOL,94,0,2,ACTIONSA,Ward
JHB,Ward 79800122,32862809,SIYAPHAMBILI DAYCARE & PRESCHOOL,1536,9,253,AFRICAN NATIONAL CONGRESS,Ward
JHB,Ward 79800122,32862809,SIYAPHAMBILI DAYCARE & PRESCHOOL,1536,9,197,DEMOCRATIC ALLIANCE,Ward
JHB,Ward 79800122,32862809,SIYAPHAMBILI DAYCARE & PRESCHOOL,1536,9,67,ECONOMIC FREEDOM FIGHTERS,Ward
JHB,Ward 79800122,32862809,SIYAPHAMBILI DAYCARE & PRESCHOOL,1536,9,45,ACTIONSA,Ward
JHB,Ward 79800123,32850323,IH HARRIS PRIMARY SCHOOL,3119,10,283,AFRICAN NATIONAL CONGRESS,Ward
JHB,Ward 79800123,32850323,IH HARRIS PRIMARY SCHOOL,3119,10,220,DEMOCRATIC ALLIANCE,Ward
JHB,Ward 79800123,32850323,IH HARRIS PRIMARY SCHOOL,3119,10,75,ECONOMIC FREEDOM FIGHTERS,Ward
JHB,Ward 79800123,32850323,IH HARRIS PRIMARY SCHOOL,3119,10,50,ACTIONSA,Ward
JHB,Ward 79800123,32850345,TENT AT UJ DFC,3508,8,250,AFRICAN NATIONAL CONGRESS,Ward
JHB,Ward 79800123,32850345,TENT AT UJ DFC,3508,8,195,DEMOCRATIC ALLIANCE,Ward
JHB,Ward 79800123,32850345,TENT AT UJ DFC,3508,8,67,ECONOMIC FREEDOM FIGHTERS,Ward
JHB,Ward 79800123,32850345,TENT AT UJ DFC,3508,8,44,ACTIONSA,Ward
JHB,Ward 79800123,32850390,CENTRAL COMMUNITY FELLOWSHIP,3417,13,387,AFRICAN NATIONAL CONGRESS,Ward
JHB,Ward 79800123,32850390,CENTRAL COMMUNITY FELLOWSHIP,3417,13,301,DEMOCRATIC ALLIANCE,Ward
JHB,Ward 79800123,32850390,CENTRAL COMMUNITY FELLOWSHIP,3417,13,103,ECONOMIC FREEDOM FIGHTERS,Ward
JHB,Ward 79800123,32850390,CENTRAL COMMUNITY FELLOWSHIP,3417,13,69,ACTIONSA,Ward
JHB,Ward 79800124,32860010,JOHANNESBURG CITY HALL,5014,17,503,AFRICAN NATIONAL CONGRESS,Ward
JHB,Ward 79800124,32860010,JOHANNESBURG CITY HALL,5014,17,391,DEMOCRATIC ALLIANCE,Ward
JHB,Ward 79800124,32860010,JOHANNESBURG CITY HALL,5014,17,134,ECONOMIC FREEDOM FIGHTERS,Ward
JHB,Ward 79800124,32860010,JOHANNESBURG CITY HALL,5014,17,89,ACTIONSA,Ward
JHB,Ward 79800124,32860100,SELBY CENTRAL OFFICE,1302,7,200,AFRICAN NATIONAL CONGRESS,Ward
JHB,Ward 79800124,32860100,SELBY CENTRAL OFFICE,1302,7,156,DEMOCRATIC ALLIANCE,Ward
JHB,Ward 79800124,32860100,SELBY CENTRAL OFFICE,1302,7,53,ECONOMIC FREEDOM FIGHTERS,Ward
JHB,Ward 79800124,32860100,SELBY CENTRAL OFFICE,1302,7,36,ACTIONSA,Ward
JHB,Ward 79800124,32860177,PIONEER ADMINISTRATION HALL,1166,6,186,AFRICAN NATIONAL CONGRESS,Ward
JHB,Ward 79800124,32860177,PIONEER ADMINISTRATION HALL,1166,6,145,DEMOCRATIC ALLIANCE,Ward
JHB,Ward 79800124,32860177,PIONEER ADMINISTRATION HALL,1166,6,50,ECONOMIC FREEDOM FIGHTERS,Ward
JHB,Ward 79800124,32860177,PIONEER ADMINISTRATION HALL,1166,6,33,ACTIONSA,Ward
JHB,Ward 79800125,32860346,MEREDALE PRIMARY SCHOOL,2631,19,563,AFRICAN NATIONAL CONGRESS,Ward
JHB,Ward 79800125,32860346,MEREDALE PRIMARY SCHOOL,2631,19,438,DEMOCRATIC ALLIANCE,Ward
JHB,Ward 79800125,32860346,MEREDALE PRIMARY SCHOOL,2631,19,150,ECONOMIC FREEDOM FIGHTERS,Ward
JHB,Ward 79800125,32860346,MEREDALE PRIMARY SCHOOL,2631,19,100,ACTIONSA,Ward
JHB,Ward 79800125,32860379,KLIPRIVIER CENTRE,3669,26,776,AFRICAN NATIONAL CONGRESS,Ward
JHB,Ward 79800125,32860379,KLIPRIVIER CENTRE,3669,26,603,DEMOCRATIC ALLIANCE,Ward
JHB,Ward 79800125,32860379,KLIPRIVIER CENTRE,3669,26,207,ECONOMIC FREEDOM FIGHTERS,Ward
JHB,Ward 79800125,32860379,KLIPRIVIER CENTRE,3669,26,138,ACTIONSA,Ward
JHB,Ward 79800125,32860380,ELETHU THEMBA SCHOOL,608,4,106,AFRICAN NATIONAL CONGRESS,Ward
JHB,Ward 79800125,32860380,ELETHU THEMBA SCHOOL,608,4,83,DEMOCRATIC ALLIANCE,Ward
JHB,Ward 79800125,32860380,ELETHU THEMBA SCHOOL,608,4,28,ECONOMIC FREEDOM FIGHTERS,Ward
JHB,Ward 79800125,32860380,ELETHU THEMBA SCHOOL,608,4,19,ACTIONSA,Ward
JHB,Ward 79800126,32840502,BOSKOP PRIMARY,6548,54,1609,AFRICAN NATIONAL CONGRESS,Ward
JHB,Ward 79800126,32840502,BOSKOP PRIMARY,6548,54,1252,DEMOCRATIC ALLIANCE,Ward
JHB,Ward 79800126,32840502,BOSKOP PRIMARY,6548,54,429,ECONOMIC FREEDOM FIGHTERS,Ward
JHB,Ward 79800126,32840502,BOSKOP PRIMARY,6548,54,286,ACTIONSA,Ward
JHB,Ward 79800126,32870011,ALLEN GLEN HIGH SCHOOL,5354,42,1245,AFRICAN NATIONAL CONGRESS,Ward
JHB,Ward 79800126,32870011,ALLEN GLEN HIGH SCHOOL,5354,42,968,DEMOCRATIC ALLIANCE,Ward
JHB,Ward 79800126,32870011,ALLEN GLEN HIGH SCHOOL,5354,42,332,ECONOMIC FREEDOM FIGHTERS,Ward
JHB,Ward 79800126,32870011,ALLEN GLEN HIGH SCHOOL,5354,42,221,ACTIONSA,Ward
JHB,Ward 79800126,32870347,WELTEVREDEN PARK PRIMARY SCHOOL,6737,52,1530,AFRICAN NATIONAL CONGRESS,Ward
JHB,Ward 79800126,32870347,WELTEVREDEN PARK PRIMARY SCHOOL,6737,52,1190,DEMOCRATIC ALLIANCE,Ward
JHB,Ward 79800126,32870347,WELTEVREDEN PARK PRIMARY SCHOOL,6737,52,408,ECONOMIC FREEDOM FIGHTERS,Ward
JHB,Ward 79800126,32870347,WELTEVREDEN PARK PRIMARY SCHOOL,6737,52,272,ACTIONSA,Ward
JHB,Ward 79800127,32870134,DURBAN DEEP PRIMARY SCHOOL,1353,6,190,AFRICAN NATIONAL CONGRESS,Ward
JHB,Ward 79800127,32870134,DURBAN DEEP PRIMARY SCHOOL,1353,6,148,DEMOCRATIC ALLIANCE,Ward
JHB,Ward 79800127,32870134,DURBAN DEEP PRIMARY SCHOOL,1353,6,51,ECONOMIC FREEDOM FIGHTERS,Ward
JHB,Ward 79800127,32870134,DURBAN DEEP PRIMARY SCHOOL,1353,6,34,ACTIONSA,Ward
JHB,Ward 79800127,32871056,SOL PLAATJIE COMMUNITY HALL,4112,25,729,AFRICAN NATIONAL CONGRESS,Ward
JHB,Ward 79800127,32871056,SOL PLAATJIE COMMUNITY HALL,4112,25,567,DEMOCRATIC ALLIANCE,Ward
JHB,Ward 79800127,32871056,SOL PLAATJIE COMMUNITY HALL,4112,25,195,ECONOMIC FREEDOM FIGHTERS,Ward
JHB,Ward 79800127,32871056,SOL PLAATJIE COMMUNITY HALL,4112,25,130,ACTIONSA,Ward
JHB,Ward 79800127,32871090,GOUDRAND HOSTEL HALL,4257,25,749,AFRICAN NATIONAL CONGRESS,Ward
JHB,Ward 79800127,32871090,GOUDRAND HOSTEL HALL,4257,25,582,DEMOCRATIC ALLIANCE,Ward
JHB,Ward 79800127,32871090,GOUDRAND HOSTEL HALL,4257,25,200,ECONOMIC FREEDOM FIGHTERS,Ward
JHB,Ward 79800127,32871090,GOUDRAND HOSTEL HALL,4257,25,133,ACTIONSA,Ward
JHB,Ward 79800128,32870145,TSHEPISONG PRIMARY SCHOOL,3642,21,631,AFRICAN NATIONAL CONGRESS,Ward
JHB,Ward 79800128,32870145,TSHEPISONG PRIMARY SCHOOL,3642,21,491,DEMOCRATIC ALLIANCE,Ward
JHB,Ward 79800128,32870145,TSHEPISONG PRIMARY SCHOOL,3642,21,168,ECONOMIC FREEDOM FIGHTERS,Ward
JHB,Ward 79800128,32870145,TSHEPISONG PRIMARY SCHOOL,3642,21,112,ACTIONSA,Ward
JHB,Ward 79800128,32871203,ONKGOPOTSE TIRO PRIMARY,4747,26,775,AFRICAN NATIONAL CONGRESS,Ward
JHB,Ward 79800128,32871203,ONKGOPOTSE TIRO PRIMARY,4747,26,603,DEMOCRATIC ALLIANCE,Ward
JHB,Ward 79800128,32871203,ONKGOPOTSE TIRO PRIMARY,4747,26,207,ECONOMIC FREEDOM FIGHTERS,Ward
JHB,Ward 79800128,32871203,ONKGOPOTSE TIRO PRIMARY,4747,26,138,ACTIONSA,Ward
JHB,Ward 79800128,32871214,HARRY GWALA PRIMARY SCHOOL,5484,22,657,AFRICAN NATIONAL CONGRESS,Ward
JHB,Ward 79800128,32871214,HARRY GWALA PRIMARY SCHOOL,5484,22,511,DEMOCRATIC ALLIANCE,Ward
JHB,Ward 79800128,32871214,HARRY GWALA PRIMARY SCHOOL,5484,22,175,ECONOMIC FREEDOM FIGHTERS,Ward
JHB,Ward 79800128,32871214,HARRY GWALA PRIMARY SCHOOL,5484,22,117,ACTIONSA,Ward
JHB,Ward 79800129,32870910,OBED MOSIANE PRIMARY SCHOOL,3410,21,626,AFRICAN NATIONAL CONGRESS,Ward
JHB,Ward 79800129,32870910,OBED MOSIANE PRIMARY SCHOOL,3410,21,487,DEMOCRATIC ALLIANCE,Ward
JHB,Ward 79800129,32870910,OBED MOSIANE PRIMARY SCHOOL,3410,21,167,ECONOMIC FREEDOM FIGHTERS,Ward
JHB,Ward 79800129,32870910,OBED MOSIANE PRIMARY SCHOOL,3410,21,111,ACTIONSA,Ward
JHB,Ward 79800129,32870921,SEBETSA OTHOLE-MOPUTSO,2630,15,452,AFRICAN NATIONAL CONGRESS,Ward
JHB,Ward 79800129,32870921,SEBETSA OTHOLE-MOPUTSO,2630,15,352,DEMOCRATIC ALLIANCE,Ward
JHB,Ward 79800129,32870921,SEBETSA OTHOLE-MOPUTSO,2630,15,121,ECONOMIC FREEDOM FIGHTERS,Ward
JHB,Ward 79800129,32870921,SEBETSA OTHOLE-MOPUTSO,2630,15,80,ACTIONSA,Ward
JHB,Ward 79800129,32870932,TENT AT DOORNKOP COMMUNITY HALL,2688,16,470,AFRICAN NATIONAL CONGRESS,Ward
JHB,Ward 79800129,32870932,TENT AT DOORNKOP COMMUNITY HALL,2688,16,365,DEMOCRATIC ALLIANCE,Ward
JHB,Ward 79800129,32870932,TENT AT DOORNKOP COMMUNITY HALL,2688,16,125,ECONOMIC FREEDOM FIGHTERS,Ward
JHB,Ward 79800129,32870932,TENT AT DOORNKOP COMMUNITY HALL,2688,16,84,ACTIONSA,Ward
JHB,Ward 79800130,32862034,EMDENI SENIOR SECONDARY SCHOOL,2401,15,446,AFRICAN NATIONAL CONGRESS,Ward
JHB,Ward 79800130,32862034,EMDENI SENIOR SECONDARY SCHOOL,2401,15,347,DEMOCRATIC ALLIANCE,Ward
JHB,Ward 79800130,32862034,EMDENI SENIOR SECONDARY SCHOOL,2401,15,119,ECONOMIC FREEDOM FIGHTERS,Ward
JHB,Ward 79800130,32862034,EMDENI SENIOR SECONDARY SCHOOL,2401,15,79,ACTIONSA,Ward
JHB,Ward 79800130,32862067,JOSIAH KHUMALO ADULT EDUCATION CENTRE,3008,19,561,AFRICAN NATIONAL CONGRESS,Ward
JHB,Ward 79800130,32862067,JOSIAH KHUMALO ADULT EDUCATION CENTRE,3008,19,436,DEMOCRATIC ALLIANCE,Ward
JHB,Ward 79800130,32862067,JOSIAH KHUMALO ADULT EDUCATION CENTRE,3008,19,150,ECONOMIC FREEDOM FIGHTERS,Ward
JHB,Ward 79800130,32862067,JOSIAH KHUMALO ADULT EDUCATION CENTRE,3008,19,100,ACTIONSA,Ward
JHB,Ward 79800130,32862078,EMSENI PRIMARY SCHOOL,2018,12,367,AFRICAN NATIONAL CONGRESS,Ward
JHB,Ward 79800130,32862078,EMSENI PRIMARY SCHOOL,2018,12,286,DEMOCRATIC ALLIANCE,Ward
JHB,Ward 79800130,32862078,EMSENI PRIMARY SCHOOL,2018,12,98,ECONOMIC FREEDOM FIGHTERS,Ward
JHB,Ward 79800130,32862078,EMSENI PRIMARY SCHOOL,2018,12,65,ACTIONSA,Ward
JHB,Ward 79800131,32860841,MADUME PRIMARY SCHOOL,3009,19,567,AFRICAN NATIONAL CONGRESS,Ward
JHB,Ward 79800131,32860841,MADUME PRIMARY SCHOOL,3009,19,441,DEMOCRATIC ALLIANCE,Ward
JHB,Ward 79800131,32860841,MADUME PRIMARY SCHOOL,3009,19,151,ECONOMIC FREEDOM FIGHTERS,Ward
JHB,Ward 79800131,32860841,MADUME PRIMARY SCHOOL,3009,19,101,ACTIONSA,Ward
JHB,Ward 79800131,32860953,RAPHELA SECONDARY SCHOOL,2915,19,567,AFRICAN NATIONAL CONGRESS,Ward
JHB,Ward 79800131,32860953,RAPHELA SECONDARY SCHOOL,2915,19,441,DEMOCRATIC ALLIANCE,Ward
JHB,Ward 79800131,32860953,RAPHELA SECONDARY SCHOOL,2915,19,151,ECONOMIC FREEDOM FIGHTERS,Ward
JHB,Ward 79800131,32860953,RAPHELA SECONDARY SCHOOL,2915,19,101,ACTIONSA,Ward
JHB,Ward 79800131,32860964,ORANGE FARM EXT 1 HALL,1801,11,336,AFRICAN NATIONAL CONGRESS,Ward
JHB,Ward 79800131,32860964,ORANGE FARM EXT 1 HALL,1801,11,261,DEMOCRATIC ALLIANCE,Ward
JHB,Ward 79800131,32860964,ORANGE FARM EXT 1 HALL,1801,11,90,ECONOMIC FREEDOM FIGHTERS,Ward
JHB,Ward 79800131,32860964,ORANGE FARM EXT 1 HALL,1801,11,60,ACTIONSA,Ward
JHB,Ward 79800132,32850053,LEEUWKOP PRISON,1712,8,248,AFRICAN NATIONAL CONGRESS,Ward
JHB,Ward 79800132,32850053,LEEUWKOP PRISON,1712,8,193,DEMOCRATIC ALLIANCE,Ward
JHB,Ward 79800132,32850053,LEEUWKOP PRISON,1712,8,66,ECONOMIC FREEDOM FIGHTERS,Ward
JHB,Ward 79800132,32850053,LEEUWKOP PRISON,1712,8,44,ACTIONSA,Ward
JHB,Ward 79800132,32851379,REDDAM HOUSE WATERFALL COLLEGE,4391,42,1249,AFRICAN NATIONAL CONGRESS,Ward
JHB,Ward 79800132,32851379,REDDAM HOUSE WATERFALL COLLEGE,4391,42,972,DEMOCRATIC ALLIANCE,Ward
JHB,Ward 79800132,32851379,REDDAM HOUSE WATERFALL COLLEGE,4391,42,333,ECONOMIC FREEDOM FIGHTERS,Ward
JHB,Ward 79800132,32851379,REDDAM HOUSE WATERFALL COLLEGE,4391,42,222,ACTIONSA,Ward
JHB,Ward 79800132,32910027,JUNIOR ACHIEVERS MONTESSORI,5339,28,839,AFRICAN NATIONAL CONGRESS,Ward
JHB,Ward 79800132,32910027,JUNIOR ACHIEVERS MONTESSORI,5339,28,653,DEMOCRATIC ALLIANCE,Ward
JHB,Ward 79800132,32910027,JUNIOR ACHIEVERS MONTESSORI,5339,28,224,ECONOMIC FREEDOM FIGHTERS,Ward
JHB,Ward 79800132,32910027,JUNIOR ACHIEVERS MONTESSORI,5339,28,149,ACTIONSA,Ward
JHB,Ward 79800133,32910117,IVORY PARK NORTH COMMUNITY HALL,3408,18,524,AFRICAN NATIONAL CONGRESS,Ward
JHB,Ward 79800133,32910117,IVORY PARK NORTH COMMUNITY HALL,3408,18,407,DEMOCRATIC ALLIANCE,Ward
JHB,Ward 79800133,32910117,IVORY PARK NORTH COMMUNITY HALL,3408,18,140,ECONOMIC FREEDOM FIGHTERS,Ward
JHB,Ward 79800133,32910117,IVORY PARK NORTH COMMUNITY HALL,3408,18,93,ACTIONSA,Ward
JHB,Ward 79800133,32910128,JB MATABANE SECONDARY SCHOOL,4537,22,656,AFRICAN NATIONAL CONGRESS,Ward
JHB,Ward 79800133,32910128,JB MATABANE SECONDARY SCHOOL,4537,22,510,DEMOCRATIC ALLIANCE,Ward
JHB,Ward 79800133,32910128,JB MATABANE SECONDARY SCHOOL,4537,22,175,ECONOMIC FREEDOM FIGHTERS,Ward
JHB,Ward 79800133,32910128,JB MATABANE SECONDARY SCHOOL,4537,22,117,ACTIONSA,Ward
JHB,Ward 79800133,32910139,COME ONE COME ALL,4479,18,524,AFRICAN NATIONAL CONGRESS,Ward
JHB,Ward 79800133,32910139,COME ONE COME ALL,4479,18,407,DEMOCRATIC ALLIANCE,Ward
JHB,Ward 79800133,32910139,COME ONE COME ALL,4479,18,140,ECONOMIC FREEDOM FIGHTERS,Ward
JHB,Ward 79800133,32910139,COME ONE COME ALL,4479,18,93,ACTIONSA,Ward
JHB,Ward 79800134,32840401,RANDPARK PRIMARY SCHOOL,4202,34,994,AFRICAN NATIONAL CONGRESS,Ward
JHB,Ward 79800134,32840401,RANDPARK PRIMARY SCHOOL,4202,34,773,DEMOCRATIC ALLIANCE,Ward
JHB,Ward 79800134,32840401,RANDPARK PRIMARY SCHOOL,4202,34,265,ECONOMIC FREEDOM FIGHTERS,Ward
JHB,Ward 79800134,32840401,RANDPARK PRIMARY SCHOOL,4202,34,177,ACTIONSA,Ward
JHB,Ward 79800134,32840513,BOSKRUIN COMMUNITY CENTRE,6217,46,1349,AFRICAN NATIONAL CONGRESS,Ward
JHB,Ward 79800134,32840513,BOSKRUIN COMMUNITY CENTRE,6217,46,1049,DEMOCRATIC ALLIANCE,Ward
JHB,Ward 79800134,32840513,BOSKRUIN COMMUNITY CENTRE,6217,46,360,ECONOMIC FREEDOM FIGHTERS,Ward
JHB,Ward 79800134,32840513,BOSKRUIN COMMUNITY CENTRE,6217,46,240,ACTIONSA,Ward
JHB,Ward 79800134,32840557,NORTHRIDING COLLEGE,3575,21,616,AFRICAN NATIONAL CONGRESS,Ward
JHB,Ward 79800134,32840557,NORTHRIDING COLLEGE,3575,21,479,DEMOCRATIC ALLIANCE,Ward
JHB,Ward 79800134,32840557,NORTHRIDING COLLEGE,3575,21,164,ECONOMIC FREEDOM FIGHTERS,Ward
JHB,Ward 79800134,32840557,NORTHRIDING COLLEGE,3575,21,110,ACTIONSA,Ward
JHB,Ward 79800135,32870897,FARANANI PRIMARY SCHOOL,5600,29,865,AFRICAN NATIONAL CONGRESS,Ward
JHB,Ward 79800135,32870897,FARANANI PRIMARY SCHOOL,5600,29,673,DEMOCRATIC ALLIANCE,Ward
JHB,Ward 79800135,32870897,FARANANI PRIMARY SCHOOL,5600,29,231,ECONOMIC FREEDOM FIGHTERS,Ward
JHB,Ward 79800135,32870897,FARANANI PRIMARY SCHOOL,5600,29,154,ACTIONSA,Ward
JHB,Ward 79800135,32871191,MZIWANDILEMSELANTO EDUCARE CENTRE,3401,20,603,AFRICAN NATIONAL CONGRESS,Ward
JHB,Ward 79800135,32871191,MZIWANDILEMSELANTO EDUCARE CENTRE,3401,20,469,DEMOCRATIC ALLIANCE,Ward
JHB,Ward 79800135,32871191,MZIWANDILEMSELANTO EDUCARE CENTRE,3401,20,161,ECONOMIC FREEDOM FIGHTERS,Ward
JHB,Ward 79800135,32871191,MZIWANDILEMSELANTO EDUCARE CENTRE,3401,20,107,ACTIONSA,Ward
JHB,Ward 79800135,32871247,LITTLE ANGELS DAYCARE & PRE-SCHOOL,2751,20,605,AFRICAN NATIONAL CONGRESS,Ward
JHB,Ward 79800135,32871247,LITTLE ANGELS DAYCARE & PRE-SCHOOL,2751,20,471,DEMOCRATIC ALLIANCE,Ward
JHB,Ward 79800135,32871247,LITTLE ANGELS DAYCARE & PRE-SCHOOL,2751,20,161,ECONOMIC FREEDOM FIGHTERS,Ward
JHB,Ward 79800135,32871247,LITTLE ANGELS DAYCARE & PRE-SCHOOL,2751,20,108,ACTIONSA,Ward
TSH,Ward 79900001,32950021,LAERSKOOL GENL NICOLAAS SMIT,3007,15,452,AFRICAN NATIONAL CONGRESS,Ward
TSH,Ward 79900001,32950021,LAERSKOOL GENL NICOLAAS SMIT,3007,15,352,DEMOCRATIC ALLIANCE,Ward
TSH,Ward 79900001,32950021,LAERSKOOL GENL NICOLAAS SMIT,3007,15,121,ECONOMIC FREEDOM FIGHTERS,Ward
TSH,Ward 79900001,32950021,LAERSKOOL GENL NICOLAAS SMIT,3007,15,80,ACTIONSA,Ward
TSH,Ward 79900001,32950032,HOËRSKOOL HERCULES,4172,30,880,AFRICAN NATIONAL CONGRESS,Ward
TSH,Ward 79900001,32950032,HOËRSKOOL HERCULES,4172,30,684,DEMOCRATIC ALLIANCE,Ward
TSH,Ward 79900001,32950032,HOËRSKOOL HERCULES,4172,30,235,ECONOMIC FREEDOM FIGHTERS,Ward
TSH,Ward 79900001,32950032,HOËRSKOOL HERCULES,4172,30,156,ACTIONSA,Ward
TSH,Ward 79900001,32950065,SAAMSPAN LAERSKOOL,3440,30,876,AFRICAN NATIONAL CONGRESS,Ward
TSH,Ward 79900001,32950065,SAAMSPAN LAERSKOOL,3440,30,681,DEMOCRATIC ALLIANCE,Ward
TSH,Ward 79900001,32950065,SAAMSPAN LAERSKOOL,3440,30,234,ECONOMIC FREEDOM FIGHTERS,Ward
TSH,Ward 79900001,32950065,SAAMSPAN LAERSKOOL,3440,30,156,ACTIONSA,Ward
TSH,Ward 79900002,32951640,LAERSKOOL RACHEL DE BEER,3335,26,755,AFRICAN NATIONAL CONGRESS,Ward
TSH,Ward 79900002,32951640,LAERSKOOL RACHEL DE BEER,3335,26,587,DEMOCRATIC ALLIANCE,Ward
TSH,Ward 79900002,32951640,LAERSKOOL RACHEL DE BEER,3335,26,201,ECONOMIC FREEDOM FIGHTERS,Ward
TSH,Ward 79900002,32951640,LAERSKOOL RACHEL DE BEER,3335,26,134,ACTIONSA,Ward
TSH,Ward 79900002,32951651,LAERSKOOL VOORTREKKER EEUFEES,2802,21,628,AFRICAN NATIONAL CONGRESS,Ward
TSH,Ward 79900002,32951651,LAERSKOOL VOORTREKKER EEUFEES,2802,21,488,DEMOCRATIC ALLIANCE,Ward
TSH,Ward 79900002,32951651,LAERSKOOL VOORTREKKER EEUFEES,2802,21,167,ECONOMIC FREEDOM FIGHTERS,Ward
TSH,Ward 79900002,32951651,LAERSKOOL VOORTREKKER EEUFEES,2802,21,112,ACTIONSA,Ward
TSH,Ward 79900002,32951662,PRETORIA-NOORD STADSAAL,3931,26,773,AFRICAN NATIONAL CONGRESS,Ward
TSH,Ward 79900002,32951662,PRETORIA-NOORD STADSAAL,3931,26,601,DEMOCRATIC ALLIANCE,Ward
TSH,Ward 79900002,32951662,PRETORIA-NOORD STADSAAL,3931,26,206,ECONOMIC FREEDOM FIGHTERS,Ward
TSH,Ward 79900002,32951662,PRETORIA-NOORD STADSAAL,3931,26,137,ACTIONSA,Ward
TSH,Ward 79900003,32950054,PRETORIA-WES HOËRSKOOL,4395,15,450,AFRICAN NATIONAL CONGRESS,Ward
TSH,Ward 79900003,32950054,PRETORIA-WES HOËRSKOOL,4395,15,350,DEMOCRATIC ALLIANCE,Ward
TSH,Ward 79900003,32950054,PRETORIA-WES HOËRSKOOL,4395,15,120,ECONOMIC FREEDOM FIGHTERS,Ward
TSH,Ward 79900003,32950054,PRETORIA-WES HOËRSKOOL,4395,15,80,ACTIONSA,Ward
TSH,Ward 79900003,32950166,LAERSKOOL WESPARK,2602,18,535,AFRICAN NATIONAL CONGRESS,Ward
TSH,Ward 79900003,32950166,LAERSKOOL WESPARK,2602,18,416,DEMOCRATIC ALLIANCE,Ward
TSH,Ward 79900003,32950166,LAERSKOOL WESPARK,2602,18,143,ECONOMIC FREEDOM FIGHTERS,Ward
TSH,Ward 79900003,32950166,LAERSKOOL WESPARK,2602,18,95,ACTIONSA,Ward
TSH,Ward 79900003,32950177,LAERSKOOL DIE HEUVEL,1814,7,207,AFRICAN NATIONAL CONGRESS,Ward
TSH,Ward 79900003,32950177,LAERSKOOL DIE HEUVEL,1814,7,161,DEMOCRATIC ALLIANCE,Ward
TSH,Ward 79900003,32950177,LAERSKOOL DIE HEUVEL,1814,7,55,ECONOMIC FREEDOM FIGHTERS,Ward
TSH,Ward 79900003,32950177,LAERSKOOL DIE HEUVEL,1814,7,37,ACTIONSA,Ward
TSH,Ward 79900004,32960527,AKASIA MUNICIPAL OFFICE,4935,27,784,AFRICAN NATIONAL CONGRESS,Ward
TSH,Ward 79900004,32960527,AKASIA MUNICIPAL OFFICE,4935,27,610,DEMOCRATIC ALLIANCE,Ward
TSH,Ward 79900004,32960527,AKASIA MUNICIPAL OFFICE,4935,27,209,ECONOMIC FREEDOM FIGHTERS,Ward
TSH,Ward 79900004,32960527,AKASIA MUNICIPAL OFFICE,4935,27,139,ACTIONSA,Ward
TSH,Ward 79900004,32960538,THE ORCHARDS PRIMARY SCHOOL,5205,32,931,AFRICAN NATIONAL CONGRESS,Ward
TSH,Ward 79900004,32960538,THE ORCHARDS PRIMARY SCHOOL,5205,32,724,DEMOCRATIC ALLIANCE,Ward
TSH,Ward 79900004,32960538,THE ORCHARDS PRIMARY SCHOOL,5205,32,248,ECONOMIC FREEDOM FIGHTERS,Ward
TSH,Ward 79900004,32960538,THE ORCHARDS PRIMARY SCHOOL,5205,32,166,ACTIONSA,Ward
TSH,Ward 79900004,32960864,SMILEY KIDS ORCHARDS,1369,10,310,AFRICAN NATIONAL CONGRESS,Ward
TSH,Ward 79900004,32960864,SMILEY KIDS ORCHARDS,1369,10,241,DEMOCRATIC ALLIANCE,Ward
TSH,Ward 79900004,32960864,SMILEY KIDS ORCHARDS,1369,10,83,ECONOMIC FREEDOM FIGHTERS,Ward
TSH,Ward 79900004,32960864,SMILEY KIDS ORCHARDS,1369,10,55,ACTIONSA,Ward
TSH,Ward 79900005,32951617,MAGALIESKRUIN LAERSKOOL,4041,36,1055,AFRICAN NATIONAL CONGRESS,Ward
TSH,Ward 79900005,32951617,MAGALIESKRUIN LAERSKOOL,4041,36,820,DEMOCRATIC ALLIANCE,Ward
TSH,Ward 79900005,32951617,MAGALIESKRUIN LAERSKOOL,4041,36,281,ECONOMIC FREEDOM FIGHTERS,Ward
TSH,Ward 79900005,32951617,MAGALIESKRUIN LAERSKOOL,4041,36,188,ACTIONSA,Ward
TSH,Ward 79900005,32951628,MONTANA HOËRSKOOL,5960,45,1344,AFRICAN NATIONAL CONGRESS,Ward
TSH,Ward 79900005,32951628,MONTANA HOËRSKOOL,5960,45,1045,DEMOCRATIC ALLIANCE,Ward
TSH,Ward 79900005,32951628,MONTANA HOËRSKOOL,5960,45,358,ECONOMIC FREEDOM FIGHTERS,Ward
TSH,Ward 79900005,32951628,MONTANA HOËRSKOOL,5960,45,239,ACTIONSA,Ward
TSH,Ward 79900005,32951718,TENT AT MUNICIPAL PARK,2663,27,807,AFRICAN NATIONAL CONGRESS,Ward
TSH,Ward 79900005,32951718,TENT AT MUNICIPAL PARK,2663,27,628,DEMOCRATIC ALLIANCE,Ward
TSH,Ward 79900005,32951718,TENT AT MUNICIPAL PARK,2663,27,215,ECONOMIC FREEDOM FIGHTERS,Ward
TSH,Ward 79900005,32951718,TENT AT MUNICIPAL PARK,2663,27,144,ACTIONSA,Ward
TSH,Ward 79900006,32951202,F.F. RIBEIRO PRIMARY SCHOOL,1634,8,241,AFRICAN NATIONAL CONGRESS,Ward
TSH,Ward 79900006,32951202,F.F. RIBEIRO PRIMARY SCHOOL,1634,8,188,DEMOCRATIC ALLIANCE,Ward
TSH,Ward 79900006,32951202,F.F. RIBEIRO PRIMARY SCHOOL,1634,8,64,ECONOMIC FREEDOM FIGHTERS,Ward
TSH,Ward 79900006,32951202,F.F. RIBEIRO PRIMARY SCHOOL,1634,8,43,ACTIONSA,Ward
TSH,Ward 79900006,32951280,TSHIMOLLO PRIMARY SCHOOL,1239,8,231,AFRICAN NATIONAL CONGRESS,Ward
TSH,Ward 79900006,32951280,TSHIMOLLO PRIMARY SCHOOL,1239,8,180,DEMOCRATIC ALLIANCE,Ward
TSH,Ward 79900006,32951280,TSHIMOLLO PRIMARY SCHOOL,1239,8,62,ECONOMIC FREEDOM FIGHTERS,Ward
TSH,Ward 79900006,32951280,TSHIMOLLO PRIMARY SCHOOL,1239,8,41,ACTIONSA,Ward
TSH,Ward 79900006,32951291,AGNES CHIDI PRIMARY SCHOOL,1710,10,299,AFRICAN NATIONAL CONGRESS,Ward
TSH,Ward 79900006,32951291,AGNES CHIDI PRIMARY SCHOOL,1710,10,233,DEMOCRATIC ALLIANCE,Ward
TSH,Ward 79900006,32951291,AGNES CHIDI PRIMARY SCHOOL,1710,10,80,ECONOMIC FREEDOM FIGHTERS,Ward
TSH,Ward 79900006,32951291,AGNES CHIDI PRIMARY SCHOOL,1710,10,53,ACTIONSA,Ward
TSH,Ward 79900007,32950133,LOTUS GARDENS SECONDARY SCHOOL,3976,25,743,AFRICAN NATIONAL CONGRESS,Ward
TSH,Ward 79900007,32950133,LOTUS GARDENS SECONDARY SCHOOL,3976,25,578,DEMOCRATIC ALLIANCE,Ward
TSH,Ward 79900007,32950133,LOTUS GARDENS SECONDARY SCHOOL,3976,25,198,ECONOMIC FREEDOM FIGHTERS,Ward
TSH,Ward 79900007,32950133,LOTUS GARDENS SECONDARY SCHOOL,3976,25,132,ACTIONSA,Ward
TSH,Ward 79900007,32952225,FUSION SECONDARY SCHOOL,4940,31,909,AFRICAN NATIONAL CONGRESS,Ward
TSH,Ward 79900007,32952225,FUSION SECONDARY SCHOOL,4940,31,707,DEMOCRATIC ALLIANCE,Ward
TSH,Ward 79900007,32952225,FUSION SECONDARY SCHOOL,4940,31,242,ECONOMIC FREEDOM FIGHTERS,Ward
TSH,Ward 79900007,32952225,FUSION SECONDARY SCHOOL,4940,31,162,ACTIONSA,Ward
TSH,Ward 79900007,32952663,BAGALE PRIMARY SCHOOL,3150,21,619,AFRICAN NATIONAL CONGRESS,Ward
TSH,Ward 79900007,32952663,BAGALE PRIMARY SCHOOL,3150,21,482,DEMOCRATIC ALLIANCE,Ward
TSH,Ward 79900007,32952663,BAGALE PRIMARY SCHOOL,3150,21,165,ECONOMIC FREEDOM FIGHTERS,Ward
TSH,Ward 79900007,32952663,BAGALE PRIMARY SCHOOL,3150,21,110,ACTIONSA,Ward
TSH,Ward 79900008,86661030,DILOPYE PRIMARY SCHOOL,1442,11,316,AFRICAN NATIONAL CONGRESS,Ward
TSH,Ward 79900008,86661030,DILOPYE PRIMARY SCHOOL,1442,11,246,DEMOCRATIC ALLIANCE,Ward
TSH,Ward 79900008,86661030,DILOPYE PRIMARY SCHOOL,1442,11,84,ECONOMIC FREEDOM FIGHTERS,Ward
TSH,Ward 79900008,86661030,DILOPYE PRIMARY SCHOOL,1442,11,56,ACTIONSA,Ward
TSH,Ward 79900008,86661041,PHALESANE PRIMARY SCHOOL,1182,6,173,AFRICAN NATIONAL CONGRESS,Ward
TSH,Ward 79900008,86661041,PHALESANE PRIMARY SCHOOL,1182,6,135,DEMOCRATIC ALLIANCE,Ward
TSH,Ward 79900008,86661041,PHALESANE PRIMARY SCHOOL,1182,6,46,ECONOMIC FREEDOM FIGHTERS,Ward
TSH,Ward 79900008,86661041,PHALESANE PRIMARY SCHOOL,1182,6,31,ACTIONSA,Ward
TSH,Ward 79900008,86661074,TIRANI BASADI CENTER,826,5,160,AFRICAN NATIONAL CONGRESS,Ward
TSH,Ward 79900008,86661074,TIRANI BASADI CENTER,826,5,124,DEMOCRATIC ALLIANCE,Ward
TSH,Ward 79900008,86661074,TIRANI BASADI CENTER,826,5,43,ECONOMIC FREEDOM FIGHTERS,Ward
TSH,Ward 79900008,86661074,TIRANI BASADI CENTER,826,5,28,ACTIONSA,Ward
TSH,Ward 79900009,86730026,REFALOTSE PRIMARY SCHOOL,1978,10,290,AFRICAN NATIONAL CONGRESS,Ward
TSH,Ward 79900009,86730026,REFALOTSE PRIMARY SCHOOL,1978,10,225,DEMOCRATIC ALLIANCE,Ward
TSH,Ward 79900009,86730026,REFALOTSE PRIMARY SCHOOL,1978,10,77,ECONOMIC FREEDOM FIGHTERS,Ward
TSH,Ward 79900009,86730026,REFALOTSE PRIMARY SCHOOL,1978,10,52,ACTIONSA,Ward
TSH,Ward 79900009,86730048,RELEBOGILE DAY CARE CENTRE,2449,14,414,AFRICAN NATIONAL CONGRESS,Ward
TSH,Ward 79900009,86730048,RELEBOGILE DAY CARE CENTRE,2449,14,322,DEMOCRATIC ALLIANCE,Ward
TSH,Ward 79900009,86730048,RELEBOGILE DAY CARE CENTRE,2449,14,110,ECONOMIC FREEDOM FIGHTERS,Ward
TSH,Ward 79900009,86730048,RELEBOGILE DAY CARE CENTRE,2449,14,74,ACTIONSA,Ward
TSH,Ward 79900009,86730071,GALEBOE MIDDLE SCHOOL,1822,11,315,AFRICAN NATIONAL CONGRESS,Ward
TSH,Ward 79900009,86730071,GALEBOE MIDDLE SCHOOL,1822,11,245,DEMOCRATIC ALLIANCE,Ward
TSH,Ward 79900009,86730071,GALEBOE MIDDLE SCHOOL,1822,11,84,ECONOMIC FREEDOM FIGHTERS,Ward
TSH,Ward 79900009,86730071,GALEBOE MIDDLE SCHOOL,1822,11,56,ACTIONSA,Ward
TSH,Ward 79900010,32952045,BARAK EDUCATION FOUNDATION,2560,15,431,AFRICAN NATIONAL CONGRESS,Ward
TSH,Ward 79900010,32952045,BARAK EDUCATION FOUNDATION,2560,15,335,DEMOCRATIC ALLIANCE,Ward
TSH,Ward 79900010,32952045,BARAK EDUCATION FOUNDATION,2560,15,115,ECONOMIC FREEDOM FIGHTERS,Ward
TSH,Ward 79900010,32952045,BARAK EDUCATION FOUNDATION,2560,15,77,ACTIONSA,Ward
TSH,Ward 79900010,32952113,REPHAFUGILE SECONDARY SCHOOL,2930,13,379,AFRICAN NATIONAL CONGRESS,Ward
TSH,Ward 79900010,32952113,REPHAFUGILE SECONDARY SCHOOL,2930,13,295,DEMOCRATIC ALLIANCE,Ward
TSH,Ward 79900010,32952113,REPHAFUGILE SECONDARY SCHOOL,2930,13,101,ECONOMIC FREEDOM FIGHTERS,Ward
TSH,Ward 79900010,32952113,REPHAFUGILE SECONDARY SCHOOL,2930,13,67,ACTIONSA,Ward
TSH,Ward 79900010,32952371,VIVA VILLAGE COMMUNITY CENTRE,1650,7,201,AFRICAN NATIONAL CONGRESS,Ward
TSH,Ward 79900010,32952371,VIVA VILLAGE COMMUNITY CENTRE,1650,7,156,DEMOCRATIC ALLIANCE,Ward
TSH,Ward 79900010,32952371,VIVA VILLAGE COMMUNITY CENTRE,1650,7,54,ECONOMIC FREEDOM FIGHTERS,Ward
TSH,Ward 79900010,32952371,VIVA VILLAGE COMMUNITY CENTRE,1650,7,36,ACTIONSA,Ward
TSH,Ward 79900011,32960280,PHAKAMONOLA PRIMARY SCHOOL,3045,19,554,AFRICAN NATIONAL CONGRESS,Ward
TSH,Ward 79900011,32960280,PHAKAMONOLA PRIMARY SCHOOL,3045,19,431,DEMOCRATIC ALLIANCE,Ward
TSH,Ward 79900011,32960280,PHAKAMONOLA PRIMARY SCHOOL,3045,19,148,ECONOMIC FREEDOM FIGHTERS,Ward
TSH,Ward 79900011,32960280,PHAKAMONOLA PRIMARY SCHOOL,3045,19,99,ACTIONSA,Ward
TSH,Ward 79900011,32960336,RIVONINGO PRIMARY SCHOOL,1971,13,385,AFRICAN NATIONAL CONGRESS,Ward
TSH,Ward 79900011,32960336,RIVONINGO PRIMARY SCHOOL,1971,13,299,DEMOCRATIC ALLIANCE,Ward
TSH,Ward 79900011,32960336,RIVONINGO PRIMARY SCHOOL,1971,13,103,ECONOMIC FREEDOM FIGHTERS,Ward
TSH,Ward 79900011,32960336,RIVONINGO PRIMARY SCHOOL,1971,13,68,ACTIONSA,Ward
TSH,Ward 79900011,32960369,MAKHOSINI SECONDARY SCHOOL,1693,12,342,AFRICAN NATIONAL CONGRESS,Ward
TSH,Ward 79900011,32960369,MAKHOSINI SECONDARY SCHOOL,1693,12,266,DEMOCRATIC ALLIANCE,Ward
TSH,Ward 79900011,32960369,MAKHOSINI SECONDARY SCHOOL,1693,12,91,ECONOMIC FREEDOM FIGHTERS,Ward
TSH,Ward 79900011,32960369,MAKHOSINI SECONDARY SCHOOL,1693,12,61,ACTIONSA,Ward
TSH,Ward 79900012,86700090,MABOPANE HIGH SCHOOL,1638,8,222,AFRICAN NATIONAL CONGRESS,Ward
TSH,Ward 79900012,86700090,MABOPANE HIGH SCHOOL,1638,8,173,DEMOCRATIC ALLIANCE,Ward
TSH,Ward 79900012,86700090,MABOPANE HIGH SCHOOL,1638,8,59,ECONOMIC FREEDOM FIGHTERS,Ward
TSH,Ward 79900012,86700090,MABOPANE HIGH SCHOOL,1638,8,39,ACTIONSA,Ward
TSH,Ward 79900012,86700168,LETLOTLO MIDDLE SCHOOL,1715,9,271,AFRICAN NATIONAL CONGRESS,Ward
TSH,Ward 79900012,86700168,LETLOTLO MIDDLE SCHOOL,1715,9,211,DEMOCRATIC ALLIANCE,Ward
TSH,Ward 79900012,86700168,LETLOTLO MIDDLE SCHOOL,1715,9,72,ECONOMIC FREEDOM FIGHTERS,Ward
TSH,Ward 79900012,86700168,LETLOTLO MIDDLE SCHOOL,1715,9,48,ACTIONSA,Ward
TSH,Ward 79900012,86700270,SHOSHANGAAN PRIMARY SCHOOL,1880,8,234,AFRICAN NATIONAL CONGRESS,Ward
TSH,Ward 79900012,86700270,SHOSHANGAAN PRIMARY SCHOOL,1880,8,182,DEMOCRATIC ALLIANCE,Ward
TSH,Ward 79900012,86700270,SHOSHANGAAN PRIMARY SCHOOL,1880,8,62,ECONOMIC FREEDOM FIGHTERS,Ward
TSH,Ward 79900012,86700270,SHOSHANGAAN PRIMARY SCHOOL,1880,8,42,ACTIONSA,Ward
TSH,Ward 79900013,32960662,OFFICE OPPOSITE TOM`S PLACE,1117,6,191,AFRICAN NATIONAL CONGRESS,Ward
TSH,Ward 79900013,32960662,OFFICE OPPOSITE TOM`S PLACE,1117,6,149,DEMOCRATIC ALLIANCE,Ward
TSH,Ward 79900013,32960662,OFFICE OPPOSITE TOM`S PLACE,1117,6,51,ECONOMIC FREEDOM FIGHTERS,Ward
TSH,Ward 79900013,32960662,OFFICE OPPOSITE TOM`S PLACE,1117,6,34,ACTIONSA,Ward
TSH,Ward 79900013,32960954,REVIVAL CHURCH,1200,7,215,AFRICAN NATIONAL CONGRESS,Ward
TSH,Ward 79900013,32960954,REVIVAL CHURCH,1200,7,167,DEMOCRATIC ALLIANCE,Ward
TSH,Ward 79900013,32960954,REVIVAL CHURCH,1200,7,57,ECONOMIC FREEDOM FIGHTERS,Ward
TSH,Ward 79900013,32960954,REVIVAL CHURCH,1200,7,38,ACTIONSA,Ward
TSH,Ward 79900013,32961102,ALL SAINTS FOR CHRIST CHURCH,376,1,43,AFRICAN NATIONAL CONGRESS,Ward
TSH,Ward 79900013,32961102,ALL SAINTS FOR CHRIST CHURCH,376,1,33,DEMOCRATIC ALLIANCE,Ward
TSH,Ward 79900013,32961102,ALL SAINTS FOR CHRIST CHURCH,376,1,11,ECONOMIC FREEDOM FIGHTERS,Ward
TSH,Ward 79900013,32961102,ALL SAINTS FOR CHRIST CHURCH,376,1,8,ACTIONSA,Ward
TSH,Ward 79900014,86660804,MOLONDOLODZI PRE-SCHOOL,1565,9,281,AFRICAN NATIONAL CONGRESS,Ward
TSH,Ward 79900014,86660804,MOLONDOLODZI PRE-SCHOOL,1565,9,218,DEMOCRATIC ALLIANCE,Ward
TSH,Ward 79900014,86660804,MOLONDOLODZI PRE-SCHOOL,1565,9,75,ECONOMIC FREEDOM FIGHTERS,Ward
TSH,Ward 79900014,86660804,MOLONDOLODZI PRE-SCHOOL,1565,9,50,ACTIONSA,Ward
TSH,Ward 79900014,86660815,RAPELEGO PRIMARY SCHOOL,1666,10,286,AFRICAN NATIONAL CONGRESS,Ward
TSH,Ward 79900014,86660815,RAPELEGO PRIMARY SCHOOL,1666,10,222,DEMOCRATIC ALLIANCE,Ward
TSH,Ward 79900014,86660815,RAPELEGO PRIMARY SCHOOL,1666,10,76,ECONOMIC FREEDOM FIGHTERS,Ward
TSH,Ward 79900014,86660815,RAPELEGO PRIMARY SCHOOL,1666,10,51,ACTIONSA,Ward
TSH,Ward 79900014,86660826,KGOMBA PRIMARY SCHOOL,1505,10,291,AFRICAN NATIONAL CONGRESS,Ward
TSH,Ward 79900014,86660826,KGOMBA PRIMARY SCHOOL,1505,10,226,DEMOCRATIC ALLIANCE,Ward
TSH,Ward 79900014,86660826,KGOMBA PRIMARY SCHOOL,1505,10,78,ECONOMIC FREEDOM FIGHTERS,Ward
TSH,Ward 79900014,86660826,KGOMBA PRIMARY SCHOOL,1505,10,52,ACTIONSA,Ward
TSH,Ward 79900015,32951493,PHATENG COMPREHENSIVE SCHOOL,1548,9,278,AFRICAN NATIONAL CONGRESS,Ward
TSH,Ward 79900015,32951493,PHATENG COMPREHENSIVE SCHOOL,1548,9,216,DEMOCRATIC ALLIANCE,Ward
TSH,Ward 79900015,32951493,PHATENG COMPREHENSIVE SCHOOL,1548,9,74,ECONOMIC FREEDOM FIGHTERS,Ward
TSH,Ward 79900015,32951493,PHATENG COMPREHENSIVE SCHOOL,1548,9,49,ACTIONSA,Ward
TSH,Ward 79900015,32951516,IKAGENG COMMUNITY CENTRE,2517,17,496,AFRICAN NATIONAL CONGRESS,Ward
TSH,Ward 79900015,32951516,IKAGENG COMMUNITY CENTRE,2517,17,386,DEMOCRATIC ALLIANCE,Ward
TSH,Ward 79900015,32951516,IKAGENG COMMUNITY CENTRE,2517,17,132,ECONOMIC FREEDOM FIGHTERS,Ward
TSH,Ward 79900015,32951516,IKAGENG COMMUNITY CENTRE,2517,17,88,ACTIONSA,Ward
TSH,Ward 79900015,32952337,NELLMAPIUS PRIMARY SCHOOL EXT 6,3676,23,693,AFRICAN NATIONAL CONGRESS,Ward
TSH,Ward 79900015,32952337,NELLMAPIUS PRIMARY SCHOOL EXT 6,3676,23,539,DEMOCRATIC ALLIANCE,Ward
TSH,Ward 79900015,32952337,NELLMAPIUS PRIMARY SCHOOL EXT 6,3676,23,185,ECONOMIC FREEDOM FIGHTERS,Ward
TSH,Ward 79900015,32952337,NELLMAPIUS PRIMARY SCHOOL EXT 6,3676,23,123,ACTIONSA,Ward
TSH,Ward 79900016,32951190,KOOS MATLI SCHOOL,1450,9,271,AFRICAN NATIONAL CONGRESS,Ward
TSH,Ward 79900016,32951190,KOOS MATLI SCHOOL,1450,9,211,DEMOCRATIC ALLIANCE,Ward
TSH,Ward 79900016,32951190,KOOS MATLI SCHOOL,1450,9,72,ECONOMIC FREEDOM FIGHTERS,Ward
TSH,Ward 79900016,32951190,KOOS MATLI SCHOOL,1450,9,48,ACTIONSA,Ward
TSH,Ward 79900016,32951246,GATANG SCHOOL,1922,11,338,AFRICAN NATIONAL CONGRESS,Ward
TSH,Ward 79900016,32951246,GATANG SCHOOL,1922,11,263,DEMOCRATIC ALLIANCE,Ward
TSH,Ward 79900016,32951246,GATANG SCHOOL,1922,11,90,ECONOMIC FREEDOM FIGHTERS,Ward
TSH,Ward 79900016,32951246,GATANG SCHOOL,1922,11,60,ACTIONSA,Ward
TSH,Ward 79900016,32951257,LEHLABILE SCHOOL,2200,14,413,AFRICAN NATIONAL CONGRESS,Ward
TSH,Ward 79900016,32951257,LEHLABILE SCHOOL,2200,14,321,DEMOCRATIC ALLIANCE,Ward
TSH,Ward 79900016,32951257,LEHLABILE SCHOOL,2200,14,110,ECONOMIC FREEDOM FIGHTERS,Ward
TSH,Ward 79900016,32951257,LEHLABILE SCHOOL,2200,14,73,ACTIONSA,Ward
TSH,Ward 79900017,32950830,MAHLASEDI MASANA SCHOOL,3937,22,659,AFRICAN NATIONAL CONGRESS,Ward
TSH,Ward 79900017,32950830,MAHLASEDI MASANA SCHOOL,3937,22,512,DEMOCRATIC ALLIANCE,Ward
TSH,Ward 79900017,32950830,MAHLASEDI MASANA SCHOOL,3937,22,176,ECONOMIC FREEDOM FIGHTERS,Ward
TSH,Ward 79900017,32950830,MAHLASEDI MASANA SCHOOL,3937,22,117,ACTIONSA,Ward
TSH,Ward 79900017,32952001,UNITING REFORMED CHURCH,2766,14,420,AFRICAN NATIONAL CONGRESS,Ward
TSH,Ward 79900017,32952001,UNITING REFORMED CHURCH,2766,14,327,DEMOCRATIC ALLIANCE,Ward
TSH,Ward 79900017,32952001,UNITING REFORMED CHURCH,2766,14,112,ECONOMIC FREEDOM FIGHTERS,Ward
TSH,Ward 79900017,32952001,UNITING REFORMED CHURCH,2766,14,75,ACTIONSA,Ward
TSH,Ward 79900017,32952012,BONALESEDI SCHOOL,3390,17,508,AFRICAN NATIONAL CONGRESS,Ward
TSH,Ward 79900017,32952012,BONALESEDI SCHOOL,3390,17,396,DEMOCRATIC ALLIANCE,Ward
TSH,Ward 79900017,32952012,BONALESEDI SCHOOL,3390,17,136,ECONOMIC FREEDOM FIGHTERS,Ward
TSH,Ward 79900017,32952012,BONALESEDI SCHOOL,3390,17,90,ACTIONSA,Ward
TSH,Ward 79900018,32951505,N' WA - VANGANI PRIMARY SCHOOL,2804,14,425,AFRICAN NATIONAL CONGRESS,Ward
TSH,Ward 79900018,32951505,N' WA - VANGANI PRIMARY SCHOOL,2804,14,331,DEMOCRATIC ALLIANCE,Ward
TSH,Ward 79900018,32951505,N' WA - VANGANI PRIMARY SCHOOL,2804,14,113,ECONOMIC FREEDOM FIGHTERS,Ward
TSH,Ward 79900018,32951505,N' WA - VANGANI PRIMARY SCHOOL,2804,14,76,ACTIONSA,Ward
TSH,Ward 79900018,32951527,MOUNT GRACE MINISTRIES,1947,12,357,AFRICAN NATIONAL CONGRESS,Ward
TSH,Ward 79900018,32951527,MOUNT GRACE MINISTRIES,1947,12,278,DEMOCRATIC ALLIANCE,Ward
TSH,Ward 79900018,32951527,MOUNT GRACE MINISTRIES,1947,12,95,ECONOMIC FREEDOM FIGHTERS,Ward
TSH,Ward 79900018,32951527,MOUNT GRACE MINISTRIES,1947,12,64,ACTIONSA,Ward
TSH,Ward 79900018,32951538,RIBANE LAKA SECONDARY SCHOOL,1355,10,282,AFRICAN NATIONAL CONGRESS,Ward
TSH,Ward 79900018,32951538,RIBANE LAKA SECONDARY SCHOOL,1355,10,219,DEMOCRATIC ALLIANCE,Ward
TSH,Ward 79900018,32951538,RIBANE LAKA SECONDARY SCHOOL,1355,10,75,ECONOMIC FREEDOM FIGHTERS,Ward
TSH,Ward 79900018,32951538,RIBANE LAKA SECONDARY SCHOOL,1355,10,50,ACTIONSA,Ward
TSH,Ward 79900019,86730059,ABEL MOTSHWANE HIGH SCHOOL,3381,22,661,AFRICAN NATIONAL CONGRESS,Ward
TSH,Ward 79900019,86730059,ABEL MOTSHWANE HIGH SCHOOL,3381,22,514,DEMOCRATIC ALLIANCE,Ward
TSH,Ward 79900019,86730059,ABEL MOTSHWANE HIGH SCHOOL,3381,22,176,ECONOMIC FREEDOM FIGHTERS,Ward
TSH,Ward 79900019,86730059,ABEL MOTSHWANE HIGH SCHOOL,3381,22,117,ACTIONSA,Ward
TSH,Ward 79900019,86730082,TLHABOLOGO AET CENTRE,1862,10,306,AFRICAN NATIONAL CONGRESS,Ward
TSH,Ward 79900019,86730082,TLHABOLOGO AET CENTRE,1862,10,238,DEMOCRATIC ALLIANCE,Ward
TSH,Ward 79900019,86730082,TLHABOLOGO AET CENTRE,1862,10,82,ECONOMIC FREEDOM FIGHTERS,Ward
TSH,Ward 79900019,86730082,TLHABOLOGO AET CENTRE,1862,10,54,ACTIONSA,Ward
TSH,Ward 79900019,86730093,THE GLOBAL CHURCH OF THE LORD JESUS CHRIST,1200,7,217,AFRICAN NATIONAL CONGRESS,Ward
TSH,Ward 79900019,86730093,THE GLOBAL CHURCH OF THE LORD JESUS CHRIST,1200,7,169,DEMOCRATIC ALLIANCE,Ward
TSH,Ward 79900019,86730093,THE GLOBAL CHURCH OF THE LORD JESUS CHRIST,1200,7,58,ECONOMIC FREEDOM FIGHTERS,Ward
TSH,Ward 79900019,86730093,THE GLOBAL CHURCH OF THE LORD JESUS CHRIST,1200,7,39,ACTIONSA,Ward
TSH,Ward 79900020,86700012,KGOMOTSO DAY CARE,2729,14,400,AFRICAN NATIONAL CONGRESS,Ward
TSH,Ward 79900020,86700012,KGOMOTSO DAY CARE,2729,14,312,DEMOCRATIC ALLIANCE,Ward
TSH,Ward 79900020,86700012,KGOMOTSO DAY CARE,2729,14,107,ECONOMIC FREEDOM FIGHTERS,Ward
TSH,Ward 79900020,86700012,KGOMOTSO DAY CARE,2729,14,71,ACTIONSA,Ward
TSH,Ward 79900020,86700045,MORULA VIEW PRIMARY SCHOOL,3650,22,640,AFRICAN NATIONAL CONGRESS,Ward
TSH,Ward 79900020,86700045,MORULA VIEW PRIMARY SCHOOL,3650,22,498,DEMOCRATIC ALLIANCE,Ward
TSH,Ward 79900020,86700045,MORULA VIEW PRIMARY SCHOOL,3650,22,171,ECONOMIC FREEDOM FIGHTERS,Ward
TSH,Ward 79900020,86700045,MORULA VIEW PRIMARY SCHOOL,3650,22,114,ACTIONSA,Ward
TSH,Ward 79900020,86700124,NONG PRIMARY SCHOOL,2175,12,358,AFRICAN NATIONAL CONGRESS,Ward
TSH,Ward 79900020,86700124,NONG PRIMARY SCHOOL,2175,12,278,DEMOCRATIC ALLIANCE,Ward
TSH,Ward 79900020,86700124,NONG PRIMARY SCHOOL,2175,12,95,ECONOMIC FREEDOM FIGHTERS,Ward
TSH,Ward 79900020,86700124,NONG PRIMARY SCHOOL,2175,12,64,ACTIONSA,Ward
TSH,Ward 79900021,86700023,BAFETI MIDDLE SCHOOL,2123,13,385,AFRICAN NATIONAL CONGRESS,Ward
TSH,Ward 79900021,86700023,BAFETI MIDDLE SCHOOL,2123,13,299,DEMOCRATIC ALLIANCE,Ward
TSH,Ward 79900021,86700023,BAFETI MIDDLE SCHOOL,2123,13,103,ECONOMIC FREEDOM FIGHTERS,Ward
TSH,Ward 79900021,86700023,BAFETI MIDDLE SCHOOL,2123,13,68,ACTIONSA,Ward
TSH,Ward 79900021,86700034,SETUMO KHIBA SECONDARY SCHOOL,2172,13,383,AFRICAN NATIONAL CONGRESS,Ward
TSH,Ward 79900021,86700034,SETUMO KHIBA SECONDARY SCHOOL,2172,13,298,DEMOCRATIC ALLIANCE,Ward
TSH,Ward 79900021,86700034,SETUMO KHIBA SECONDARY SCHOOL,2172,13,102,ECONOMIC FREEDOM FIGHTERS,Ward
TSH,Ward 79900021,86700034,SETUMO KHIBA SECONDARY SCHOOL,2172,13,68,ACTIONSA,Ward
TSH,Ward 79900021,86700135,UNIT X REVENUE OFFICES,2824,15,447,AFRICAN NATIONAL CONGRESS,Ward
TSH,Ward 79900021,86700135,UNIT X REVENUE OFFICES,2824,15,348,DEMOCRATIC ALLIANCE,Ward
TSH,Ward 79900021,86700135,UNIT X REVENUE OFFICES,2824,15,119,ECONOMIC FREEDOM FIGHTERS,Ward
TSH,Ward 79900021,86700135,UNIT X REVENUE OFFICES,2824,15,79,ACTIONSA,Ward
TSH,Ward 79900022,86661580,MABOPANE ISLAMIC CENTRE,2249,15,451,AFRICAN NATIONAL CONGRESS,Ward
TSH,Ward 79900022,86661580,MABOPANE ISLAMIC CENTRE,2249,15,351,DEMOCRATIC ALLIANCE,Ward
TSH,Ward 79900022,86661580,MABOPANE ISLAMIC CENTRE,2249,15,120,ECONOMIC FREEDOM FIGHTERS,Ward
TSH,Ward 79900022,86661580,MABOPANE ISLAMIC CENTRE,2249,15,80,ACTIONSA,Ward
TSH,Ward 79900022,86700056,TSHWANE WEST DISTRICT,2722,16,460,AFRICAN NATIONAL CONGRESS,Ward
TSH,Ward 79900022,86700056,TSHWANE WEST DISTRICT,2722,16,358,DEMOCRATIC ALLIANCE,Ward
TSH,Ward 79900022,86700056,TSHWANE WEST DISTRICT,2722,16,123,ECONOMIC FREEDOM FIGHTERS,Ward
TSH,Ward 79900022,86700056,TSHWANE WEST DISTRICT,2722,16,82,ACTIONSA,Ward
TSH,Ward 79900022,86700067,DR MOREOSELE HIGH SCHOOL,2728,16,486,AFRICAN NATIONAL CONGRESS,Ward
TSH,Ward 79900022,86700067,DR MOREOSELE HIGH SCHOOL,2728,16,378,DEMOCRATIC ALLIANCE,Ward
TSH,Ward 79900022,86700067,DR MOREOSELE HIGH SCHOOL,2728,16,129,ECONOMIC FREEDOM FIGHTERS,Ward
TSH,Ward 79900022,86700067,DR MOREOSELE HIGH SCHOOL,2728,16,86,ACTIONSA,Ward
TSH,Ward 79900023,32951268,RETHABILE HALL,1863,11,323,AFRICAN NATIONAL CONGRESS,Ward
TSH,Ward 79900023,32951268,RETHABILE HALL,1863,11,251,DEMOCRATIC ALLIANCE,Ward
TSH,Ward 79900023,32951268,RETHABILE HALL,1863,11,86,ECONOMIC FREEDOM FIGHTERS,Ward
TSH,Ward 79900023,32951268,RETHABILE HALL,1863,11,57,ACTIONSA,Ward
TSH,Ward 79900023,32951415,REFENTSE PRIMARY SCHOOL,1857,11,312,AFRICAN NATIONAL CONGRESS,Ward
TSH,Ward 79900023,32951415,REFENTSE PRIMARY SCHOOL,1857,11,243,DEMOCRATIC ALLIANCE,Ward
TSH,Ward 79900023,32951415,REFENTSE PRIMARY SCHOOL,1857,11,83,ECONOMIC FREEDOM FIGHTERS,Ward
TSH,Ward 79900023,32951415,REFENTSE PRIMARY SCHOOL,1857,11,56,ACTIONSA,Ward
TSH,Ward 79900023,32951572,MAMELODI HIGH SCHOOL,1965,12,359,AFRICAN NATIONAL CONGRESS,Ward
TSH,Ward 79900023,32951572,MAMELODI HIGH SCHOOL,1965,12,279,DEMOCRATIC ALLIANCE,Ward
TSH,Ward 79900023,32951572,MAMELODI HIGH SCHOOL,1965,12,96,ECONOMIC FREEDOM FIGHTERS,Ward
TSH,Ward 79900023,32951572,MAMELODI HIGH SCHOOL,1965,12,64,ACTIONSA,Ward
TSH,Ward 79900024,86730015,SISTERS OF MERCY SCHOOL,1182,7,207,AFRICAN NATIONAL CONGRESS,Ward
TSH,Ward 79900024,86730015,SISTERS OF MERCY SCHOOL,1182,7,161,DEMOCRATIC ALLIANCE,Ward
TSH,Ward 79900024,86730015,SISTERS OF MERCY SCHOOL,1182,7,55,ECONOMIC FREEDOM FIGHTERS,Ward
TSH,Ward 79900024,86730015,SISTERS OF MERCY SCHOOL,1182,7,37,ACTIONSA,Ward
TSH,Ward 79900024,86730060,THULAGANYO MIDDLE SCHOOL,2211,13,380,AFRICAN NATIONAL CONGRESS,Ward
TSH,Ward 79900024,86730060,THULAGANYO MIDDLE SCHOOL,2211,13,295,DEMOCRATIC ALLIANCE,Ward
TSH,Ward 79900024,86730060,THULAGANYO MIDDLE SCHOOL,2211,13,101,ECONOMIC FREEDOM FIGHTERS,Ward
TSH,Ward 79900024,86730060,THULAGANYO MIDDLE SCHOOL,2211,13,68,ACTIONSA,Ward
TSH,Ward 79900024,86730138,KULANI PRIMARY SCHOOL,3637,17,490,AFRICAN NATIONAL CONGRESS,Ward
TSH,Ward 79900024,86730138,KULANI PRIMARY SCHOOL,3637,17,381,DEMOCRATIC ALLIANCE,Ward
TSH,Ward 79900024,86730138,KULANI PRIMARY SCHOOL,3637,17,131,ECONOMIC FREEDOM FIGHTERS,Ward
TSH,Ward 79900024,86730138,KULANI PRIMARY SCHOOL,3637,17,87,ACTIONSA,Ward
TSH,Ward 79900025,32960011,AFRICAN GOSPEL CHURCH,2138,10,286,AFRICAN NATIONAL CONGRESS,Ward
TSH,Ward 79900025,32960011,AFRICAN GOSPEL CHURCH,2138,10,223,DEMOCRATIC ALLIANCE,Ward
TSH,Ward 79900025,32960011,AFRICAN GOSPEL CHURCH,2138,10,76,ECONOMIC FREEDOM FIGHTERS,Ward
TSH,Ward 79900025,32960011,AFRICAN GOSPEL CHURCH,2138,10,51,ACTIONSA,Ward
TSH,Ward 79900025,32960392,KGOTLELELANG PRIMARY SCHOOL,2925,15,453,AFRICAN NATIONAL CONGRESS,Ward
TSH,Ward 79900025,32960392,KGOTLELELANG PRIMARY SCHOOL,2925,15,352,DEMOCRATIC ALLIANCE,Ward
TSH,Ward 79900025,32960392,KGOTLELELANG PRIMARY SCHOOL,2925,15,121,ECONOMIC FREEDOM FIGHTERS,Ward
TSH,Ward 79900025,32960392,KGOTLELELANG PRIMARY SCHOOL,2925,15,80,ACTIONSA,Ward
TSH,Ward 79900025,32960404,VUKOSI PRIMARY SCHOOL,2997,14,425,AFRICAN NATIONAL CONGRESS,Ward
TSH,Ward 79900025,32960404,VUKOSI PRIMARY SCHOOL,2997,14,331,DEMOCRATIC ALLIANCE,Ward
TSH,Ward 79900025,32960404,VUKOSI PRIMARY SCHOOL,2997,14,113,ECONOMIC FREEDOM FIGHTERS,Ward
TSH,Ward 79900025,32960404,VUKOSI PRIMARY SCHOOL,2997,14,76,ACTIONSA,Ward
TSH,Ward 79900026,32960033,UTHANDO PRIMARY SCHOOL,1912,10,305,AFRICAN NATIONAL CONGRESS,Ward
TSH,Ward 79900026,32960033,UTHANDO PRIMARY SCHOOL,1912,10,237,DEMOCRATIC ALLIANCE,Ward
TSH,Ward 79900026,32960033,UTHANDO PRIMARY SCHOOL,1912,10,81,ECONOMIC FREEDOM FIGHTERS,Ward
TSH,Ward 79900026,32960033,UTHANDO PRIMARY SCHOOL,1912,10,54,ACTIONSA,Ward
TSH,Ward 79900026,32960178,SOSHANGUVE HIGH SCHOOL,2191,13,377,AFRICAN NATIONAL CONGRESS,Ward
TSH,Ward 79900026,32960178,SOSHANGUVE HIGH SCHOOL,2191,13,293,DEMOCRATIC ALLIANCE,Ward
TSH,Ward 79900026,32960178,SOSHANGUVE HIGH SCHOOL,2191,13,101,ECONOMIC FREEDOM FIGHTERS,Ward
TSH,Ward 79900026,32960178,SOSHANGUVE HIGH SCHOOL,2191,13,67,ACTIONSA,Ward
TSH,Ward 79900026,32960279,SEETSA SAKGWEDI PRIMARY SCHOOL,1789,11,325,AFRICAN NATIONAL CONGRESS,Ward
TSH,Ward 79900026,32960279,SEETSA SAKGWEDI PRIMARY SCHOOL,1789,11,253,DEMOCRATIC ALLIANCE,Ward
TSH,Ward 79900026,32960279,SEETSA SAKGWEDI PRIMARY SCHOOL,1789,11,87,ECONOMIC FREEDOM FIGHTERS,Ward
TSH,Ward 79900026,32960279,SEETSA SAKGWEDI PRIMARY SCHOOL,1789,11,58,ACTIONSA,Ward
TSH,Ward 79900027,32960189,SENTHIBELE SENIOR SECONDARY SCHOOL,1276,8,228,AFRICAN NATIONAL CONGRESS,Ward
TSH,Ward 79900027,32960189,SENTHIBELE SENIOR SECONDARY SCHOOL,1276,8,177,DEMOCRATIC ALLIANCE,Ward
TSH,Ward 79900027,32960189,SENTHIBELE SENIOR SECONDARY SCHOOL,1276,8,61,ECONOMIC FREEDOM FIGHTERS,Ward
TSH,Ward 79900027,32960189,SENTHIBELE SENIOR SECONDARY SCHOOL,1276,8,40,ACTIONSA,Ward
TSH,Ward 79900027,32960303,NCHUNCHEKO PRIMARY SCHOOL,1766,11,337,AFRICAN NATIONAL CONGRESS,Ward
TSH,Ward 79900027,32960303,NCHUNCHEKO PRIMARY SCHOOL,1766,11,262,DEMOCRATIC ALLIANCE,Ward
TSH,Ward 79900027,32960303,NCHUNCHEKO PRIMARY SCHOOL,1766,11,90,ECONOMIC FREEDOM FIGHTERS,Ward
TSH,Ward 79900027,32960303,NCHUNCHEKO PRIMARY SCHOOL,1766,11,60,ACTIONSA,Ward
TSH,Ward 79900027,32960314,DIMAKATSO PRIMARY SCHOOL,2906,18,532,AFRICAN NATIONAL CONGRESS,Ward
TSH,Ward 79900027,32960314,DIMAKATSO PRIMARY SCHOOL,2906,18,414,DEMOCRATIC ALLIANCE,Ward
TSH,Ward 79900027,32960314,DIMAKATSO PRIMARY SCHOOL,2906,18,142,ECONOMIC FREEDOM FIGHTERS,Ward
TSH,Ward 79900027,32960314,DIMAKATSO PRIMARY SCHOOL,2906,18,95,ACTIONSA,Ward
TSH,Ward 79900028,32951460,LUTHERAN CHURCH (MODISA O MOLEMO),1478,9,278,AFRICAN NATIONAL CONGRESS,Ward
TSH,Ward 79900028,32951460,LUTHERAN CHURCH (MODISA O MOLEMO),1478,9,216,DEMOCRATIC ALLIANCE,Ward
TSH,Ward 79900028,32951460,LUTHERAN CHURCH (MODISA O MOLEMO),1478,9,74,ECONOMIC FREEDOM FIGHTERS,Ward
TSH,Ward 79900028,32951460,LUTHERAN CHURCH (MODISA O MOLEMO),1478,9,49,ACTIONSA,Ward
TSH,Ward 79900028,32951471,MVELEDZO PRIMARY SCHOOL,1605,9,256,AFRICAN NATIONAL CONGRESS,Ward
TSH,Ward 79900028,32951471,MVELEDZO PRIMARY SCHOOL,1605,9,200,DEMOCRATIC ALLIANCE,Ward
TSH,Ward 79900028,32951471,MVELEDZO PRIMARY SCHOOL,1605,9,68,ECONOMIC FREEDOM FIGHTERS,Ward
TSH,Ward 79900028,32951471,MVELEDZO PRIMARY SCHOOL,1605,9,46,ACTIONSA,Ward
TSH,Ward 79900028,32951482,HOPE DAYCARE CENTRE,1610,8,251,AFRICAN NATIONAL CONGRESS,Ward
TSH,Ward 79900028,32951482,HOPE DAYCARE CENTRE,1610,8,195,DEMOCRATIC ALLIANCE,Ward
TSH,Ward 79900028,32951482,HOPE DAYCARE CENTRE,1610,8,67,ECONOMIC FREEDOM FIGHTERS,Ward
TSH,Ward 79900028,32951482,HOPE DAYCARE CENTRE,1610,8,45,ACTIONSA,Ward
TSH,Ward 79900029,32960101,DITHABANENG PRIMARY SCHOOL,1576,10,296,AFRICAN NATIONAL CONGRESS,Ward
TSH,Ward 79900029,32960101,DITHABANENG PRIMARY SCHOOL,1576,10,230,DEMOCRATIC ALLIANCE,Ward
TSH,Ward 79900029,32960101,DITHABANENG PRIMARY SCHOOL,1576,10,79,ECONOMIC FREEDOM FIGHTERS,Ward
TSH,Ward 79900029,32960101,DITHABANENG PRIMARY SCHOOL,1576,10,53,ACTIONSA,Ward
TSH,Ward 79900029,32960123,REDIBONE PRIMARY SCHOOL,1713,9,279,AFRICAN NATIONAL CONGRESS,Ward
TSH,Ward 79900029,32960123,REDIBONE PRIMARY SCHOOL,1713,9,217,DEMOCRATIC ALLIANCE,Ward
TSH,Ward 79900029,32960123,REDIBONE PRIMARY SCHOOL,1713,9,74,ECONOMIC FREEDOM FIGHTERS,Ward
TSH,Ward 79900029,32960123,REDIBONE PRIMARY SCHOOL,1713,9,50,ACTIONSA,Ward
TSH,Ward 79900029,32960190,PUTCO SOSHANGUVE,1703,12,341,AFRICAN NATIONAL CONGRESS,Ward
TSH,Ward 79900029,32960190,PUTCO SOSHANGUVE,1703,12,265,DEMOCRATIC ALLIANCE,Ward
TSH,Ward 79900029,32960190,PUTCO SOSHANGUVE,1703,12,91,ECONOMIC FREEDOM FIGHTERS,Ward
TSH,Ward 79900029,32960190,PUTCO SOSHANGUVE,1703,12,61,ACTIONSA,Ward
TSH,Ward 79900030,86690065,GA-RANKUWA PRIMARY SCHOOL,1984,11,335,AFRICAN NATIONAL CONGRESS,Ward
TSH,Ward 79900030,86690065,GA-RANKUWA PRIMARY SCHOOL,1984,11,260,DEMOCRATIC ALLIANCE,Ward
TSH,Ward 79900030,86690065,GA-RANKUWA PRIMARY SCHOOL,1984,11,89,ECONOMIC FREEDOM FIGHTERS,Ward
TSH,Ward 79900030,86690065,GA-RANKUWA PRIMARY SCHOOL,1984,11,60,ACTIONSA,Ward
TSH,Ward 79900030,86690098,MAROPENG PRIMARY SCHOOL,3262,20,585,AFRICAN NATIONAL CONGRESS,Ward
TSH,Ward 79900030,86690098,MAROPENG PRIMARY SCHOOL,3262,20,455,DEMOCRATIC ALLIANCE,Ward
TSH,Ward 79900030,86690098,MAROPENG PRIMARY SCHOOL,3262,20,156,ECONOMIC FREEDOM FIGHTERS,Ward
TSH,Ward 79900030,86690098,MAROPENG PRIMARY SCHOOL,3262,20,104,ACTIONSA,Ward
TSH,Ward 79900030,86690122,MAPENANE MIDDLE SCHOOL,1834,11,314,AFRICAN NATIONAL CONGRESS,Ward
TSH,Ward 79900030,86690122,MAPENANE MIDDLE SCHOOL,1834,11,244,DEMOCRATIC ALLIANCE,Ward
TSH,Ward 79900030,86690122,MAPENANE MIDDLE SCHOOL,1834,11,84,ECONOMIC FREEDOM FIGHTERS,Ward
TSH,Ward 79900030,86690122,MAPENANE MIDDLE SCHOOL,1834,11,56,ACTIONSA,Ward
TSH,Ward 79900031,33280017,VISSERSHOEK PRIMARY SCHOOL,1002,6,188,AFRICAN NATIONAL CONGRESS,Ward
TSH,Ward 79900031,33280017,VISSERSHOEK PRIMARY SCHOOL,1002,6,146,DEMOCRATIC ALLIANCE,Ward
TSH,Ward 79900031,33280017,VISSERSHOEK PRIMARY SCHOOL,1002,6,50,ECONOMIC FREEDOM FIGHTERS,Ward
TSH,Ward 79900031,33280017,VISSERSHOEK PRIMARY SCHOOL,1002,6,33,ACTIONSA,Ward
TSH,Ward 79900031,33280163,PREPARING LEADERSHIP OF TOMMOROW CRECHE,298,4,115,AFRICAN NATIONAL CONGRESS,Ward
TSH,Ward 79900031,33280163,PREPARING LEADERSHIP OF TOMMOROW CRECHE,298,4,89,DEMOCRATIC ALLIANCE,Ward
TSH,Ward 79900031,33280163,PREPARING LEADERSHIP OF TOMMOROW CRECHE,298,4,31,ECONOMIC FREEDOM FIGHTERS,Ward
TSH,Ward 79900031,33280163,PREPARING LEADERSHIP OF TOMMOROW CRECHE,298,4,20,ACTIONSA,Ward
TSH,Ward 79900031,86690010,TSELA-TSHWEU MOEPATHUTSE ABET CENTRE,1795,10,294,AFRICAN NATIONAL CONGRESS,Ward
TSH,Ward 79900031,86690010,TSELA-TSHWEU MOEPATHUTSE ABET CENTRE,1795,10,229,DEMOCRATIC ALLIANCE,Ward
TSH,Ward 79900031,86690010,TSELA-TSHWEU MOEPATHUTSE ABET CENTRE,1795,10,78,ECONOMIC FREEDOM FIGHTERS,Ward
TSH,Ward 79900031,86690010,TSELA-TSHWEU MOEPATHUTSE ABET CENTRE,1795,10,52,ACTIONSA,Ward
TSH,Ward 79900032,32960707,SEFAKO MAKGATHO HEALTH SCIENCES UNIVERSITY,1966,4,115,AFRICAN NATIONAL CONGRESS,Ward
TSH,Ward 79900032,32960707,SEFAKO MAKGATHO HEALTH SCIENCES UNIVERSITY,1966,4,90,DEMOCRATIC ALLIANCE,Ward
TSH,Ward 79900032,32960707,SEFAKO MAKGATHO HEALTH SCIENCES UNIVERSITY,1966,4,31,ECONOMIC FREEDOM FIGHTERS,Ward
TSH,Ward 79900032,32960707,SEFAKO MAKGATHO HEALTH SCIENCES UNIVERSITY,1966,4,20,ACTIONSA,Ward
TSH,Ward 79900032,32961191,KAMOGELO DAY CARE CENTER,904,7,215,AFRICAN NATIONAL CONGRESS,Ward
TSH,Ward 79900032,32961191,KAMOGELO DAY CARE CENTER,904,7,167,DEMOCRATIC ALLIANCE,Ward
TSH,Ward 79900032,32961191,KAMOGELO DAY CARE CENTER,904,7,57,ECONOMIC FREEDOM FIGHTERS,Ward
TSH,Ward 79900032,32961191,KAMOGELO DAY CARE CENTER,904,7,38,ACTIONSA,Ward
TSH,Ward 79900032,86690043,TIM MODISE PRIMARY SCHOOL,2085,11,329,AFRICAN NATIONAL CONGRESS,Ward
TSH,Ward 79900032,86690043,TIM MODISE PRIMARY SCHOOL,2085,11,256,DEMOCRATIC ALLIANCE,Ward
TSH,Ward 79900032,86690043,TIM MODISE PRIMARY SCHOOL,2085,11,88,ECONOMIC FREEDOM FIGHTERS,Ward
TSH,Ward 79900032,86690043,TIM MODISE PRIMARY SCHOOL,2085,11,58,ACTIONSA,Ward
TSH,Ward 79900033,32960044,BOEPATHUTSE JUNIOR SECONDARY SCHOOL,1565,9,273,AFRICAN NATIONAL CONGRESS,Ward
TSH,Ward 79900033,32960044,BOEPATHUTSE JUNIOR SECONDARY SCHOOL,1565,9,212,DEMOCRATIC ALLIANCE,Ward
TSH,Ward 79900033,32960044,BOEPATHUTSE JUNIOR SECONDARY SCHOOL,1565,9,73,ECONOMIC FREEDOM FIGHTERS,Ward
TSH,Ward 79900033,32960044,BOEPATHUTSE JUNIOR SECONDARY SCHOOL,1565,9,49,ACTIONSA,Ward
TSH,Ward 79900033,32960055,LETHABONG SECONDARY SCHOOL,2249,13,373,AFRICAN NATIONAL CONGRESS,Ward
TSH,Ward 79900033,32960055,LETHABONG SECONDARY SCHOOL,2249,13,290,DEMOCRATIC ALLIANCE,Ward
TSH,Ward 79900033,32960055,LETHABONG SECONDARY SCHOOL,2249,13,99,ECONOMIC FREEDOM FIGHTERS,Ward
TSH,Ward 79900033,32960055,LETHABONG SECONDARY SCHOOL,2249,13,66,ACTIONSA,Ward
TSH,Ward 79900033,32960066,HLANGANANI HIGH SCHOOL,1588,10,303,AFRICAN NATIONAL CONGRESS,Ward
TSH,Ward 79900033,32960066,HLANGANANI HIGH SCHOOL,1588,10,236,DEMOCRATIC ALLIANCE,Ward
TSH,Ward 79900033,32960066,HLANGANANI HIGH SCHOOL,1588,10,81,ECONOMIC FREEDOM FIGHTERS,Ward
TSH,Ward 79900033,32960066,HLANGANANI HIGH SCHOOL,1588,10,54,ACTIONSA,Ward
TSH,Ward 79900034,32960077,RHULANI COMBINED SCHOOL,2106,12,360,AFRICAN NATIONAL CONGRESS,Ward
TSH,Ward 79900034,32960077,RHULANI COMBINED SCHOOL,2106,12,280,DEMOCRATIC ALLIANCE,Ward
TSH,Ward 79900034,32960077,RHULANI COMBINED SCHOOL,2106,12,96,ECONOMIC FREEDOM FIGHTERS,Ward
TSH,Ward 79900034,32960077,RHULANI COMBINED SCHOOL,2106,12,64,ACTIONSA,Ward
TSH,Ward 79900034,32960088,PHUMZILE PRIMARY SCHOOL,1996,7,216,AFRICAN NATIONAL CONGRESS,Ward
TSH,Ward 79900034,32960088,PHUMZILE PRIMARY SCHOOL,1996,7,168,DEMOCRATIC ALLIANCE,Ward
TSH,Ward 79900034,32960088,PHUMZILE PRIMARY SCHOOL,1996,7,57,ECONOMIC FREEDOM FIGHTERS,Ward
TSH,Ward 79900034,32960088,PHUMZILE PRIMARY SCHOOL,1996,7,38,ACTIONSA,Ward
TSH,Ward 79900034,32960099,KHENSANI PRIMARY SCHOOL,3151,18,528,AFRICAN NATIONAL CONGRESS,Ward
TSH,Ward 79900034,32960099,KHENSANI PRIMARY SCHOOL,3151,18,411,DEMOCRATIC ALLIANCE,Ward
TSH,Ward 79900034,32960099,KHENSANI PRIMARY SCHOOL,3151,18,141,ECONOMIC FREEDOM FIGHTERS,Ward
TSH,Ward 79900034,32960099,KHENSANI PRIMARY SCHOOL,3151,18,94,ACTIONSA,Ward
TSH,Ward 79900035,32960156,A RETHABENG PRIMARY SCHOOL,1946,14,405,AFRICAN NATIONAL CONGRESS,Ward
TSH,Ward 79900035,32960156,A RETHABENG PRIMARY SCHOOL,1946,14,315,DEMOCRATIC ALLIANCE,Ward
TSH,Ward 79900035,32960156,A RETHABENG PRIMARY SCHOOL,1946,14,108,ECONOMIC FREEDOM FIGHTERS,Ward
TSH,Ward 79900035,32960156,A RETHABENG PRIMARY SCHOOL,1946,14,72,ACTIONSA,Ward
TSH,Ward 79900035,32960167,RETHOMILE JUNIOR SECONDARY SCHOOL,1692,6,175,AFRICAN NATIONAL CONGRESS,Ward
TSH,Ward 79900035,32960167,RETHOMILE JUNIOR SECONDARY SCHOOL,1692,6,136,DEMOCRATIC ALLIANCE,Ward
TSH,Ward 79900035,32960167,RETHOMILE JUNIOR SECONDARY SCHOOL,1692,6,47,ECONOMIC FREEDOM FIGHTERS,Ward
TSH,Ward 79900035,32960167,RETHOMILE JUNIOR SECONDARY SCHOOL,1692,6,31,ACTIONSA,Ward
TSH,Ward 79900035,32960572,TIPFUXENI PRIMARY SCHOOL,3163,20,582,AFRICAN NATIONAL CONGRESS,Ward
TSH,Ward 79900035,32960572,TIPFUXENI PRIMARY SCHOOL,3163,20,453,DEMOCRATIC ALLIANCE,Ward
TSH,Ward 79900035,32960572,TIPFUXENI PRIMARY SCHOOL,3163,20,155,ECONOMIC FREEDOM FIGHTERS,Ward
TSH,Ward 79900035,32960572,TIPFUXENI PRIMARY SCHOOL,3163,20,104,ACTIONSA,Ward
TSH,Ward 79900036,32960022,SHALOM PRIMARY SCHOOL,2292,12,354,AFRICAN NATIONAL CONGRESS,Ward
TSH,Ward 79900036,32960022,SHALOM PRIMARY SCHOOL,2292,12,275,DEMOCRATIC ALLIANCE,Ward
TSH,Ward 79900036,32960022,SHALOM PRIMARY SCHOOL,2292,12,94,ECONOMIC FREEDOM FIGHTERS,Ward
TSH,Ward 79900036,32960022,SHALOM PRIMARY SCHOOL,2292,12,63,ACTIONSA,Ward
TSH,Ward 79900036,32960134,TSHWANE NORTH COLLEGE,834,1,39,AFRICAN NATIONAL CONGRESS,Ward
TSH,Ward 79900036,32960134,TSHWANE NORTH COLLEGE,834,1,30,DEMOCRATIC ALLIANCE,Ward
TSH,Ward 79900036,32960134,TSHWANE NORTH COLLEGE,834,1,10,ECONOMIC FREEDOM FIGHTERS,Ward
TSH,Ward 79900036,32960134,TSHWANE NORTH COLLEGE,834,1,7,ACTIONSA,Ward
TSH,Ward 79900036,32960471,SINQOBILE PRIMARY SCHOOL,1469,9,281,AFRICAN NATIONAL CONGRESS,Ward
TSH,Ward 79900036,32960471,SINQOBILE PRIMARY SCHOOL,1469,9,218,DEMOCRATIC ALLIANCE,Ward
TSH,Ward 79900036,32960471,SINQOBILE PRIMARY SCHOOL,1469,9,75,ECONOMIC FREEDOM FIGHTERS,Ward
TSH,Ward 79900036,32960471,SINQOBILE PRIMARY SCHOOL,1469,9,50,ACTIONSA,Ward
TSH,Ward 79900037,32960796,KGETHEGO EARLY LEARNING CENTRE,4631,25,730,AFRICAN NATIONAL CONGRESS,Ward
TSH,Ward 79900037,32960796,KGETHEGO EARLY LEARNING CENTRE,4631,25,568,DEMOCRATIC ALLIANCE,Ward
TSH,Ward 79900037,32960796,KGETHEGO EARLY LEARNING CENTRE,4631,25,195,ECONOMIC FREEDOM FIGHTERS,Ward
TSH,Ward 79900037,32960796,KGETHEGO EARLY LEARNING CENTRE,4631,25,130,ACTIONSA,Ward
TSH,Ward 79900037,32960820,COMMANDMENT OF GOD MINISTRY (CGM),3436,19,567,AFRICAN NATIONAL CONGRESS,Ward
TSH,Ward 79900037,32960820,COMMANDMENT OF GOD MINISTRY (CGM),3436,19,441,DEMOCRATIC ALLIANCE,Ward
TSH,Ward 79900037,32960820,COMMANDMENT OF GOD MINISTRY (CGM),3436,19,151,ECONOMIC FREEDOM FIGHTERS,Ward
TSH,Ward 79900037,32960820,COMMANDMENT OF GOD MINISTRY (CGM),3436,19,101,ACTIONSA,Ward
TSH,Ward 79900037,32960921,REVIVAL FOR ALL NATIONS’ MINISTRIES,1757,12,355,AFRICAN NATIONAL CONGRESS,Ward
TSH,Ward 79900037,32960921,REVIVAL FOR ALL NATIONS’ MINISTRIES,1757,12,276,DEMOCRATIC ALLIANCE,Ward
TSH,Ward 79900037,32960921,REVIVAL FOR ALL NATIONS’ MINISTRIES,1757,12,95,ECONOMIC FREEDOM FIGHTERS,Ward
TSH,Ward 79900037,32960921,REVIVAL FOR ALL NATIONS’ MINISTRIES,1757,12,63,ACTIONSA,Ward
TSH,Ward 79900038,32951213,SHIRINDA PRIMARY SCHOOL,2081,9,256,AFRICAN NATIONAL CONGRESS,Ward
TSH,Ward 79900038,32951213,SHIRINDA PRIMARY SCHOOL,2081,9,199,DEMOCRATIC ALLIANCE,Ward
TSH,Ward 79900038,32951213,SHIRINDA PRIMARY SCHOOL,2081,9,68,ECONOMIC FREEDOM FIGHTERS,Ward
TSH,Ward 79900038,32951213,SHIRINDA PRIMARY SCHOOL,2081,9,46,ACTIONSA,Ward
TSH,Ward 79900038,32951224,SEVENTH DAY ADVENTIST CHURCH,1917,6,187,AFRICAN NATIONAL CONGRESS,Ward
TSH,Ward 79900038,32951224,SEVENTH DAY ADVENTIST CHURCH,1917,6,146,DEMOCRATIC ALLIANCE,Ward
TSH,Ward 79900038,32951224,SEVENTH DAY ADVENTIST CHURCH,1917,6,50,ECONOMIC FREEDOM FIGHTERS,Ward
TSH,Ward 79900038,32951224,SEVENTH DAY ADVENTIST CHURCH,1917,6,33,ACTIONSA,Ward
TSH,Ward 79900038,32951303,MINI MUNITORIA,357,1,27,AFRICAN NATIONAL CONGRESS,Ward
TSH,Ward 79900038,32951303,MINI MUNITORIA,357,1,21,DEMOCRATIC ALLIANCE,Ward
TSH,Ward 79900038,32951303,MINI MUNITORIA,357,1,7,ECONOMIC FREEDOM FIGHTERS,Ward
TSH,Ward 79900038,32951303,MINI MUNITORIA,357,1,5,ACTIONSA,Ward
TSH,Ward 79900039,32960594,REABETSWE PRIMARY SCHOOL,3840,22,645,AFRICAN NATIONAL CONGRESS,Ward
TSH,Ward 79900039,32960594,REABETSWE PRIMARY SCHOOL,3840,22,502,DEMOCRATIC ALLIANCE,Ward
TSH,Ward 79900039,32960594,REABETSWE PRIMARY SCHOOL,3840,22,172,ECONOMIC FREEDOM FIGHTERS,Ward
TSH,Ward 79900039,32960594,REABETSWE PRIMARY SCHOOL,3840,22,115,ACTIONSA,Ward
TSH,Ward 79900039,32960606,SEAGENG SECONDARY SCHOOL,2655,14,409,AFRICAN NATIONAL CONGRESS,Ward
TSH,Ward 79900039,32960606,SEAGENG SECONDARY SCHOOL,2655,14,318,DEMOCRATIC ALLIANCE,Ward
TSH,Ward 79900039,32960606,SEAGENG SECONDARY SCHOOL,2655,14,109,ECONOMIC FREEDOM FIGHTERS,Ward
TSH,Ward 79900039,32960606,SEAGENG SECONDARY SCHOOL,2655,14,73,ACTIONSA,Ward
TSH,Ward 79900039,32960695,AYANDA PRIMARY SCHOOL,2443,12,353,AFRICAN NATIONAL CONGRESS,Ward
TSH,Ward 79900039,32960695,AYANDA PRIMARY SCHOOL,2443,12,275,DEMOCRATIC ALLIANCE,Ward
TSH,Ward 79900039,32960695,AYANDA PRIMARY SCHOOL,2443,12,94,ECONOMIC FREEDOM FIGHTERS,Ward
TSH,Ward 79900039,32960695,AYANDA PRIMARY SCHOOL,2443,12,63,ACTIONSA,Ward
TSH,Ward 79900040,32952023,MEETSE A BOPHELO PRIMARY,3166,12,369,AFRICAN NATIONAL CONGRESS,Ward
TSH,Ward 79900040,32952023,MEETSE A BOPHELO PRIMARY,3166,12,287,DEMOCRATIC ALLIANCE,Ward
TSH,Ward 79900040,32952023,MEETSE A BOPHELO PRIMARY,3166,12,99,ECONOMIC FREEDOM FIGHTERS,Ward
TSH,Ward 79900040,32952023,MEETSE A BOPHELO PRIMARY,3166,12,66,ACTIONSA,Ward
TSH,Ward 79900040,32952056,PFUNZO NDI TSHEDZA SCHOOL,5368,26,762,AFRICAN NATIONAL CONGRESS,Ward
TSH,Ward 79900040,32952056,PFUNZO NDI TSHEDZA SCHOOL,5368,26,593,DEMOCRATIC ALLIANCE,Ward
TSH,Ward 79900040,32952056,PFUNZO NDI TSHEDZA SCHOOL,5368,26,203,ECONOMIC FREEDOM FIGHTERS,Ward
TSH,Ward 79900040,32952056,PFUNZO NDI TSHEDZA SCHOOL,5368,26,136,ACTIONSA,Ward
TSH,Ward 79900040,32952405,FUTURE GLORY MINISTRIES PHOMOLONG,2744,11,330,AFRICAN NATIONAL CONGRESS,Ward
TSH,Ward 79900040,32952405,FUTURE GLORY MINISTRIES PHOMOLONG,2744,11,257,DEMOCRATIC ALLIANCE,Ward
TSH,Ward 79900040,32952405,FUTURE GLORY MINISTRIES PHOMOLONG,2744,11,88,ECONOMIC FREEDOM FIGHTERS,Ward
TSH,Ward 79900040,32952405,FUTURE GLORY MINISTRIES PHOMOLONG,2744,11,59,ACTIONSA,Ward
TSH,Ward 79900041,32950278,LAERSKOOL MEYERSPARK,2576,21,624,AFRICAN NATIONAL CONGRESS,Ward
TSH,Ward 79900041,32950278,LAERSKOOL MEYERSPARK,2576,21,485,DEMOCRATIC ALLIANCE,Ward
TSH,Ward 79900041,32950278,LAERSKOOL MEYERSPARK,2576,21,166,ECONOMIC FREEDOM FIGHTERS,Ward
TSH,Ward 79900041,32950278,LAERSKOOL MEYERSPARK,2576,21,111,ACTIONSA,Ward
TSH,Ward 79900041,32950425,LAERSKOOL SKUILKRANS,3879,34,997,AFRICAN NATIONAL CONGRESS,Ward
TSH,Ward 79900041,32950425,LAERSKOOL SKUILKRANS,3879,34,776,DEMOCRATIC ALLIANCE,Ward
TSH,Ward 79900041,32950425,LAERSKOOL SKUILKRANS,3879,34,266,ECONOMIC FREEDOM FIGHTERS,Ward
TSH,Ward 79900041,32950425,LAERSKOOL SKUILKRANS,3879,34,177,ACTIONSA,Ward
TSH,Ward 79900041,32950964,LAERSKOOL SILVERTON,2754,17,512,AFRICAN NATIONAL CONGRESS,Ward
TSH,Ward 79900041,32950964,LAERSKOOL SILVERTON,2754,17,398,DEMOCRATIC ALLIANCE,Ward
TSH,Ward 79900041,32950964,LAERSKOOL SILVERTON,2754,17,136,ECONOMIC FREEDOM FIGHTERS,Ward
TSH,Ward 79900041,32950964,LAERSKOOL SILVERTON,2754,17,91,ACTIONSA,Ward
TSH,Ward 79900042,32950841,MONUMENT PARK LAERSKOOL,3842,32,955,AFRICAN NATIONAL CONGRESS,Ward
TSH,Ward 79900042,32950841,MONUMENT PARK LAERSKOOL,3842,32,743,DEMOCRATIC ALLIANCE,Ward
TSH,Ward 79900042,32950841,MONUMENT PARK LAERSKOOL,3842,32,255,ECONOMIC FREEDOM FIGHTERS,Ward
TSH,Ward 79900042,32950841,MONUMENT PARK LAERSKOOL,3842,32,170,ACTIONSA,Ward
TSH,Ward 79900042,32950852,WATERKLOOF BAPTIST CHURCH,2992,26,769,AFRICAN NATIONAL CONGRESS,Ward
TSH,Ward 79900042,32950852,WATERKLOOF BAPTIST CHURCH,2992,26,598,DEMOCRATIC ALLIANCE,Ward
TSH,Ward 79900042,32950852,WATERKLOOF BAPTIST CHURCH,2992,26,205,ECONOMIC FREEDOM FIGHTERS,Ward
TSH,Ward 79900042,32950852,WATERKLOOF BAPTIST CHURCH,2992,26,137,ACTIONSA,Ward
TSH,Ward 79900042,32951022,WATERKLOOF PRIMARY SCHOOL,3305,28,834,AFRICAN NATIONAL CONGRESS,Ward
TSH,Ward 79900042,32951022,WATERKLOOF PRIMARY SCHOOL,3305,28,649,DEMOCRATIC ALLIANCE,Ward
TSH,Ward 79900042,32951022,WATERKLOOF PRIMARY SCHOOL,3305,28,222,ECONOMIC FREEDOM FIGHTERS,Ward
TSH,Ward 79900042,32951022,WATERKLOOF PRIMARY SCHOOL,3305,28,148,ACTIONSA,Ward
TSH,Ward 79900043,32950919,NORRIDGE PARK PRIMARY SCHOOL,2795,11,321,AFRICAN NATIONAL CONGRESS,Ward
TSH,Ward 79900043,32950919,NORRIDGE PARK PRIMARY SCHOOL,2795,11,250,DEMOCRATIC ALLIANCE,Ward
TSH,Ward 79900043,32950919,NORRIDGE PARK PRIMARY SCHOOL,2795,11,86,ECONOMIC FREEDOM FIGHTERS,Ward
TSH,Ward 79900043,32950919,NORRIDGE PARK PRIMARY SCHOOL,2795,11,57,ACTIONSA,Ward
TSH,Ward 79900043,32950920,P.S. FOURIE PRIMARY SCHOOL,2724,19,549,AFRICAN NATIONAL CONGRESS,Ward
TSH,Ward 79900043,32950920,P.S. FOURIE PRIMARY SCHOOL,2724,19,427,DEMOCRATIC ALLIANCE,Ward
TSH,Ward 79900043,32950920,P.S. FOURIE PRIMARY SCHOOL,2724,19,146,ECONOMIC FREEDOM FIGHTERS,Ward
TSH,Ward 79900043,32950920,P.S. FOURIE PRIMARY SCHOOL,2724,19,98,ACTIONSA,Ward
TSH,Ward 79900043,32950931,TENT AT LABOUR & PEGGY BARNES,2766,19,563,AFRICAN NATIONAL CONGRESS,Ward
TSH,Ward 79900043,32950931,TENT AT LABOUR & PEGGY BARNES,2766,19,438,DEMOCRATIC ALLIANCE,Ward
TSH,Ward 79900043,32950931,TENT AT LABOUR & PEGGY BARNES,2766,19,150,ECONOMIC FREEDOM FIGHTERS,Ward
TSH,Ward 79900043,32950931,TENT AT LABOUR & PEGGY BARNES,2766,19,100,ACTIONSA,Ward
TSH,Ward 79900044,32950245,TENT AT CNR VAALKOP & TZANEEN STREET,3182,25,738,AFRICAN NATIONAL CONGRESS,Ward
TSH,Ward 79900044,32950245,TENT AT CNR VAALKOP & TZANEEN STREET,3182,25,574,DEMOCRATIC ALLIANCE,Ward
TSH,Ward 79900044,32950245,TENT AT CNR VAALKOP & TZANEEN STREET,3182,25,197,ECONOMIC FREEDOM FIGHTERS,Ward
TSH,Ward 79900044,32950245,TENT AT CNR VAALKOP & TZANEEN STREET,3182,25,131,ACTIONSA,Ward
TSH,Ward 79900044,32951033,NG KERK VALLEISIG,2497,23,677,AFRICAN NATIONAL CONGRESS,Ward
TSH,Ward 79900044,32951033,NG KERK VALLEISIG,2497,23,527,DEMOCRATIC ALLIANCE,Ward
TSH,Ward 79900044,32951033,NG KERK VALLEISIG,2497,23,181,ECONOMIC FREEDOM FIGHTERS,Ward
TSH,Ward 79900044,32951033,NG KERK VALLEISIG,2497,23,120,ACTIONSA,Ward
TSH,Ward 79900044,32952078,TOMORROWS PEOPLE COLLEGE,2772,24,718,AFRICAN NATIONAL CONGRESS,Ward
TSH,Ward 79900044,32952078,TOMORROWS PEOPLE COLLEGE,2772,24,558,DEMOCRATIC ALLIANCE,Ward
TSH,Ward 79900044,32952078,TOMORROWS PEOPLE COLLEGE,2772,24,191,ECONOMIC FREEDOM FIGHTERS,Ward
TSH,Ward 79900044,32952078,TOMORROWS PEOPLE COLLEGE,2772,24,128,ACTIONSA,Ward
TSH,Ward 79900045,32950818,PRETORIUS PARK ELECTRICITY DEPOT,1595,11,311,AFRICAN NATIONAL CONGRESS,Ward
TSH,Ward 79900045,32950818,PRETORIUS PARK ELECTRICITY DEPOT,1595,11,242,DEMOCRATIC ALLIANCE,Ward
TSH,Ward 79900045,32950818,PRETORIUS PARK ELECTRICITY DEPOT,1595,11,83,ECONOMIC FREEDOM FIGHTERS,Ward
TSH,Ward 79900045,32950818,PRETORIUS PARK ELECTRICITY DEPOT,1595,11,55,ACTIONSA,Ward
TSH,Ward 79900045,32951077,GARSFONTEIN HOËRSKOOL,3762,31,916,AFRICAN NATIONAL CONGRESS,Ward
TSH,Ward 79900045,32951077,GARSFONTEIN HOËRSKOOL,3762,31,713,DEMOCRATIC ALLIANCE,Ward
TSH,Ward 79900045,32951077,GARSFONTEIN HOËRSKOOL,3762,31,244,ECONOMIC FREEDOM FIGHTERS,Ward
TSH,Ward 79900045,32951077,GARSFONTEIN HOËRSKOOL,3762,31,163,ACTIONSA,Ward
TSH,Ward 79900045,32951088,GARSFONTEIN LAERSKOOL,2165,21,622,AFRICAN NATIONAL CONGRESS,Ward
TSH,Ward 79900045,32951088,GARSFONTEIN LAERSKOOL,2165,21,484,DEMOCRATIC ALLIANCE,Ward
TSH,Ward 79900045,32951088,GARSFONTEIN LAERSKOOL,2165,21,166,ECONOMIC FREEDOM FIGHTERS,Ward
TSH,Ward 79900045,32951088,GARSFONTEIN LAERSKOOL,2165,21,111,ACTIONSA,Ward
TSH,Ward 79900046,32950874,LYNNWOOD RIDGE PRIMARY SCHOOL,3428,31,905,AFRICAN NATIONAL CONGRESS,Ward
TSH,Ward 79900046,32950874,LYNNWOOD RIDGE PRIMARY SCHOOL,3428,31,704,DEMOCRATIC ALLIANCE,Ward
TSH,Ward 79900046,32950874,LYNNWOOD RIDGE PRIMARY SCHOOL,3428,31,241,ECONOMIC FREEDOM FIGHTERS,Ward
TSH,Ward 79900046,32950874,LYNNWOOD RIDGE PRIMARY SCHOOL,3428,31,161,ACTIONSA,Ward
TSH,Ward 79900046,32950986,N.G KERK SILVERTON KRUIN,1977,17,497,AFRICAN NATIONAL CONGRESS,Ward
TSH,Ward 79900046,32950986,N.G KERK SILVERTON KRUIN,1977,17,386,DEMOCRATIC ALLIANCE,Ward
TSH,Ward 79900046,32950986,N.G KERK SILVERTON KRUIN,1977,17,132,ECONOMIC FREEDOM FIGHTERS,Ward
TSH,Ward 79900046,32950986,N.G KERK SILVERTON KRUIN,1977,17,88,ACTIONSA,Ward
TSH,Ward 79900046,32951044,ST ALBANS COLLEGE,2834,25,738,AFRICAN NATIONAL CONGRESS,Ward
TSH,Ward 79900046,32951044,ST ALBANS COLLEGE,2834,25,574,DEMOCRATIC ALLIANCE,Ward
TSH,Ward 79900046,32951044,ST ALBANS COLLEGE,2834,25,197,ECONOMIC FREEDOM FIGHTERS,Ward
TSH,Ward 79900046,32951044,ST ALBANS COLLEGE,2834,25,131,ACTIONSA,Ward
TSH,Ward 79900047,32950885,LAERSKOOL ELARDUSPARK,2775,24,701,AFRICAN NATIONAL CONGRESS,Ward
TSH,Ward 79900047,32950885,LAERSKOOL ELARDUSPARK,2775,24,545,DEMOCRATIC ALLIANCE,Ward
TSH,Ward 79900047,32950885,LAERSKOOL ELARDUSPARK,2775,24,187,ECONOMIC FREEDOM FIGHTERS,Ward
TSH,Ward 79900047,32950885,LAERSKOOL ELARDUSPARK,2775,24,125,ACTIONSA,Ward
TSH,Ward 79900047,32950997,CHOOSE LIFE CHURCH,4350,39,1143,AFRICAN NATIONAL CONGRESS,Ward
TSH,Ward 79900047,32950997,CHOOSE LIFE CHURCH,4350,39,889,DEMOCRATIC ALLIANCE,Ward
TSH,Ward 79900047,32950997,CHOOSE LIFE CHURCH,4350,39,305,ECONOMIC FREEDOM FIGHTERS,Ward
TSH,Ward 79900047,32950997,CHOOSE LIFE CHURCH,4350,39,203,ACTIONSA,Ward
TSH,Ward 79900047,32951000,KLEUTERGENOT PRE PRIMARY SCHOOL,3232,29,855,AFRICAN NATIONAL CONGRESS,Ward
TSH,Ward 79900047,32951000,KLEUTERGENOT PRE PRIMARY SCHOOL,3232,29,665,DEMOCRATIC ALLIANCE,Ward
TSH,Ward 79900047,32951000,KLEUTERGENOT PRE PRIMARY SCHOOL,3232,29,228,ECONOMIC FREEDOM FIGHTERS,Ward
TSH,Ward 79900047,32951000,KLEUTERGENOT PRE PRIMARY SCHOOL,3232,29,152,ACTIONSA,Ward
TSH,Ward 79900048,32980237,HEUWELOORD COMMUNITY TEST CENTRE,6538,47,1387,AFRICAN NATIONAL CONGRESS,Ward
TSH,Ward 79900048,32980237,HEUWELOORD COMMUNITY TEST CENTRE,6538,47,1079,DEMOCRATIC ALLIANCE,Ward
TSH,Ward 79900048,32980237,HEUWELOORD COMMUNITY TEST CENTRE,6538,47,370,ECONOMIC FREEDOM FIGHTERS,Ward
TSH,Ward 79900048,32980237,HEUWELOORD COMMUNITY TEST CENTRE,6538,47,247,ACTIONSA,Ward
TSH,Ward 79900048,32980293,TENT AT MNANDI SPAR,1733,11,318,AFRICAN NATIONAL CONGRESS,Ward
TSH,Ward 79900048,32980293,TENT AT MNANDI SPAR,1733,11,247,DEMOCRATIC ALLIANCE,Ward
TSH,Ward 79900048,32980293,TENT AT MNANDI SPAR,1733,11,85,ECONOMIC FREEDOM FIGHTERS,Ward
TSH,Ward 79900048,32980293,TENT AT MNANDI SPAR,1733,11,57,ACTIONSA,Ward
TSH,Ward 79900048,32980349,TENT - 114 CRECH MISSION,1180,9,267,AFRICAN NATIONAL CONGRESS,Ward
TSH,Ward 79900048,32980349,TENT - 114 CRECH MISSION,1180,9,208,DEMOCRATIC ALLIANCE,Ward
TSH,Ward 79900048,32980349,TENT - 114 CRECH MISSION,1180,9,71,ECONOMIC FREEDOM FIGHTERS,Ward
TSH,Ward 79900048,32980349,TENT - 114 CRECH MISSION,1180,9,48,ACTIONSA,Ward
TSH,Ward 79900049,33160014,MOKONYAMA PRIMARY SCHOOL,1771,13,378,AFRICAN NATIONAL CONGRESS,Ward
TSH,Ward 79900049,33160014,MOKONYAMA PRIMARY SCHOOL,1771,13,294,DEMOCRATIC ALLIANCE,Ward
TSH,Ward 79900049,33160014,MOKONYAMA PRIMARY SCHOOL,1771,13,101,ECONOMIC FREEDOM FIGHTERS,Ward
TSH,Ward 79900049,33160014,MOKONYAMA PRIMARY SCHOOL,1771,13,67,ACTIONSA,Ward
TSH,Ward 79900049,33160025,HAMMANSKRAAL SECONDARY SCHOOL,2033,11,337,AFRICAN NATIONAL CONGRESS,Ward
TSH,Ward 79900049,33160025,HAMMANSKRAAL SECONDARY SCHOOL,2033,11,262,DEMOCRATIC ALLIANCE,Ward
TSH,Ward 79900049,33160025,HAMMANSKRAAL SECONDARY SCHOOL,2033,11,90,ECONOMIC FREEDOM FIGHTERS,Ward
TSH,Ward 79900049,33160025,HAMMANSKRAAL SECONDARY SCHOOL,2033,11,60,ACTIONSA,Ward
TSH,Ward 79900049,33170060,NG KERK PETRONELLA,1112,9,265,AFRICAN NATIONAL CONGRESS,Ward
TSH,Ward 79900049,33170060,NG KERK PETRONELLA,1112,9,206,DEMOCRATIC ALLIANCE,Ward
TSH,Ward 79900049,33170060,NG KERK PETRONELLA,1112,9,71,ECONOMIC FREEDOM FIGHTERS,Ward
TSH,Ward 79900049,33170060,NG KERK PETRONELLA,1112,9,47,ACTIONSA,Ward
TSH,Ward 79900050,32951639,NORTHRIDGE PRIMARY SCHOOL,2214,20,586,AFRICAN NATIONAL CONGRESS,Ward
TSH,Ward 79900050,32951639,NORTHRIDGE PRIMARY SCHOOL,2214,20,456,DEMOCRATIC ALLIANCE,Ward
TSH,Ward 79900050,32951639,NORTHRIDGE PRIMARY SCHOOL,2214,20,156,ECONOMIC FREEDOM FIGHTERS,Ward
TSH,Ward 79900050,32951639,NORTHRIDGE PRIMARY SCHOOL,2214,20,104,ACTIONSA,Ward
TSH,Ward 79900050,32951684,HOËRSKOOL OVERKRUIN,3563,33,981,AFRICAN NATIONAL CONGRESS,Ward
TSH,Ward 79900050,32951684,HOËRSKOOL OVERKRUIN,3563,33,763,DEMOCRATIC ALLIANCE,Ward
TSH,Ward 79900050,32951684,HOËRSKOOL OVERKRUIN,3563,33,262,ECONOMIC FREEDOM FIGHTERS,Ward
TSH,Ward 79900050,32951684,HOËRSKOOL OVERKRUIN,3563,33,174,ACTIONSA,Ward
TSH,Ward 79900050,32951842,WONDERBOOM LAERSKOOL,4040,46,1372,AFRICAN NATIONAL CONGRESS,Ward
TSH,Ward 79900050,32951842,WONDERBOOM LAERSKOOL,4040,46,1068,DEMOCRATIC ALLIANCE,Ward
TSH,Ward 79900050,32951842,WONDERBOOM LAERSKOOL,4040,46,366,ECONOMIC FREEDOM FIGHTERS,Ward
TSH,Ward 79900050,32951842,WONDERBOOM LAERSKOOL,4040,46,244,ACTIONSA,Ward
TSH,Ward 79900051,32950740,ZODWA SPECIAL SCHOOL,2025,14,410,AFRICAN NATIONAL CONGRESS,Ward
TSH,Ward 79900051,32950740,ZODWA SPECIAL SCHOOL,2025,14,319,DEMOCRATIC ALLIANCE,Ward
TSH,Ward 79900051,32950740,ZODWA SPECIAL SCHOOL,2025,14,109,ECONOMIC FREEDOM FIGHTERS,Ward
TSH,Ward 79900051,32950740,ZODWA SPECIAL SCHOOL,2025,14,73,ACTIONSA,Ward
TSH,Ward 79900051,32950751,ISAAC MORE PRIMARY SCHOOL,2432,17,514,AFRICAN NATIONAL CONGRESS,Ward
TSH,Ward 79900051,32950751,ISAAC MORE PRIMARY SCHOOL,2432,17,400,DEMOCRATIC ALLIANCE,Ward
TSH,Ward 79900051,32950751,ISAAC MORE PRIMARY SCHOOL,2432,17,137,ECONOMIC FREEDOM FIGHTERS,Ward
TSH,Ward 79900051,32950751,ISAAC MORE PRIMARY SCHOOL,2432,17,91,ACTIONSA,Ward
TSH,Ward 79900051,32950795,BOKGONI TECHNICAL SCHOOL,2966,19,568,AFRICAN NATIONAL CONGRESS,Ward
TSH,Ward 79900051,32950795,BOKGONI TECHNICAL SCHOOL,2966,19,442,DEMOCRATIC ALLIANCE,Ward
TSH,Ward 79900051,32950795,BOKGONI TECHNICAL SCHOOL,2966,19,152,ECONOMIC FREEDOM FIGHTERS,Ward
TSH,Ward 79900051,32950795,BOKGONI TECHNICAL SCHOOL,2966,19,101,ACTIONSA,Ward
TSH,Ward 79900052,32950357,HUIS VERGENOEG,2891,28,824,AFRICAN NATIONAL CONGRESS,Ward
TSH,Ward 79900052,32950357,HUIS VERGENOEG,2891,28,640,DEMOCRATIC ALLIANCE,Ward
TSH,Ward 79900052,32950357,HUIS VERGENOEG,2891,28,220,ECONOMIC FREEDOM FIGHTERS,Ward
TSH,Ward 79900052,32950357,HUIS VERGENOEG,2891,28,146,ACTIONSA,Ward
TSH,Ward 79900052,32950368,LAERSKOOL VILLIERIA,3274,28,818,AFRICAN NATIONAL CONGRESS,Ward
TSH,Ward 79900052,32950368,LAERSKOOL VILLIERIA,3274,28,636,DEMOCRATIC ALLIANCE,Ward
TSH,Ward 79900052,32950368,LAERSKOOL VILLIERIA,3274,28,218,ECONOMIC FREEDOM FIGHTERS,Ward
TSH,Ward 79900052,32950368,LAERSKOOL VILLIERIA,3274,28,145,ACTIONSA,Ward
TSH,Ward 79900052,32950391,TOTIUSDAL LAERSKOOL,3043,30,892,AFRICAN NATIONAL CONGRESS,Ward
TSH,Ward 79900052,32950391,TOTIUSDAL LAERSKOOL,3043,30,694,DEMOCRATIC ALLIANCE,Ward
TSH,Ward 79900052,32950391,TOTIUSDAL LAERSKOOL,3043,30,238,ECONOMIC FREEDOM FIGHTERS,Ward
TSH,Ward 79900052,32950391,TOTIUSDAL LAERSKOOL,3043,30,159,ACTIONSA,Ward
TSH,Ward 79900053,32950111,SKEMERVREUGDE DIENSSENTRUM (SILWERKROON),1600,14,407,AFRICAN NATIONAL CONGRESS,Ward
TSH,Ward 79900053,32950111,SKEMERVREUGDE DIENSSENTRUM (SILWERKROON),1600,14,317,DEMOCRATIC ALLIANCE,Ward
TSH,Ward 79900053,32950111,SKEMERVREUGDE DIENSSENTRUM (SILWERKROON),1600,14,109,ECONOMIC FREEDOM FIGHTERS,Ward
TSH,Ward 79900053,32950111,SKEMERVREUGDE DIENSSENTRUM (SILWERKROON),1600,14,72,ACTIONSA,Ward
TSH,Ward 79900053,32950256,RIETONDALE SECONDARY SCHOOL,2540,19,547,AFRICAN NATIONAL CONGRESS,Ward
TSH,Ward 79900053,32950256,RIETONDALE SECONDARY SCHOOL,2540,19,426,DEMOCRATIC ALLIANCE,Ward
TSH,Ward 79900053,32950256,RIETONDALE SECONDARY SCHOOL,2540,19,146,ECONOMIC FREEDOM FIGHTERS,Ward
TSH,Ward 79900053,32950256,RIETONDALE SECONDARY SCHOOL,2540,19,97,ACTIONSA,Ward
TSH,Ward 79900053,32950335,KORFBALVELD,1990,15,448,AFRICAN NATIONAL CONGRESS,Ward
TSH,Ward 79900053,32950335,KORFBALVELD,1990,15,348,DEMOCRATIC ALLIANCE,Ward
TSH,Ward 79900053,32950335,KORFBALVELD,1990,15,119,ECONOMIC FREEDOM FIGHTERS,Ward
TSH,Ward 79900053,32950335,KORFBALVELD,1990,15,80,ACTIONSA,Ward
TSH,Ward 79900054,32950076,BERGSIG LAERSKOOL,3031,28,827,AFRICAN NATIONAL CONGRESS,Ward
TSH,Ward 79900054,32950076,BERGSIG LAERSKOOL,3031,28,643,DEMOCRATIC ALLIANCE,Ward
TSH,Ward 79900054,32950076,BERGSIG LAERSKOOL,3031,28,221,ECONOMIC FREEDOM FIGHTERS,Ward
TSH,Ward 79900054,32950076,BERGSIG LAERSKOOL,3031,28,147,ACTIONSA,Ward
TSH,Ward 79900054,32950302,MAYVILLE LAERSKOOL,3077,25,733,AFRICAN NATIONAL CONGRESS,Ward
TSH,Ward 79900054,32950302,MAYVILLE LAERSKOOL,3077,25,570,DEMOCRATIC ALLIANCE,Ward
TSH,Ward 79900054,32950302,MAYVILLE LAERSKOOL,3077,25,195,ECONOMIC FREEDOM FIGHTERS,Ward
TSH,Ward 79900054,32950302,MAYVILLE LAERSKOOL,3077,25,130,ACTIONSA,Ward
TSH,Ward 79900054,32950313,LAERSKOOL WONDERBOOM SUID,3828,36,1054,AFRICAN NATIONAL CONGRESS,Ward
TSH,Ward 79900054,32950313,LAERSKOOL WONDERBOOM SUID,3828,36,820,DEMOCRATIC ALLIANCE,Ward
TSH,Ward 79900054,32950313,LAERSKOOL WONDERBOOM SUID,3828,36,281,ECONOMIC FREEDOM FIGHTERS,Ward
TSH,Ward 79900054,32950313,LAERSKOOL WONDERBOOM SUID,3828,36,187,ACTIONSA,Ward
TSH,Ward 79900055,32950043,TUINE HOËRSKOOL,3012,26,766,AFRICAN NATIONAL CONGRESS,Ward
TSH,Ward 79900055,32950043,TUINE HOËRSKOOL,3012,26,596,DEMOCRATIC ALLIANCE,Ward
TSH,Ward 79900055,32950043,TUINE HOËRSKOOL,3012,26,204,ECONOMIC FREEDOM FIGHTERS,Ward
TSH,Ward 79900055,32950043,TUINE HOËRSKOOL,3012,26,136,ACTIONSA,Ward
TSH,Ward 79900055,32950087,LAERSKOOL BOOYSENS,4916,34,1008,AFRICAN NATIONAL CONGRESS,Ward
TSH,Ward 79900055,32950087,LAERSKOOL BOOYSENS,4916,34,784,DEMOCRATIC ALLIANCE,Ward
TSH,Ward 79900055,32950087,LAERSKOOL BOOYSENS,4916,34,269,ECONOMIC FREEDOM FIGHTERS,Ward
TSH,Ward 79900055,32950087,LAERSKOOL BOOYSENS,4916,34,179,ACTIONSA,Ward
TSH,Ward 79900055,32952539,HOËR TEGNIESE SKOOL PRETORIA - TUINE,3354,23,667,AFRICAN NATIONAL CONGRESS,Ward
TSH,Ward 79900055,32952539,HOËR TEGNIESE SKOOL PRETORIA - TUINE,3354,23,519,DEMOCRATIC ALLIANCE,Ward
TSH,Ward 79900055,32952539,HOËR TEGNIESE SKOOL PRETORIA - TUINE,3354,23,178,ECONOMIC FREEDOM FIGHTERS,Ward
TSH,Ward 79900055,32952539,HOËR TEGNIESE SKOOL PRETORIA - TUINE,3354,23,119,ACTIONSA,Ward
TSH,Ward 79900056,32950504,PRETORIA-OOS LAERSKOOL,2519,18,534,AFRICAN NATIONAL CONGRESS,Ward
TSH,Ward 79900056,32950504,PRETORIA-OOS LAERSKOOL,2519,18,415,DEMOCRATIC ALLIANCE,Ward
TSH,Ward 79900056,32950504,PRETORIA-OOS LAERSKOOL,2519,18,142,ECONOMIC FREEDOM FIGHTERS,Ward
TSH,Ward 79900056,32950504,PRETORIA-OOS LAERSKOOL,2519,18,95,ACTIONSA,Ward
TSH,Ward 79900056,32950548,ANTON VAN WOUW LAERSKOOL,1716,12,357,AFRICAN NATIONAL CONGRESS,Ward
TSH,Ward 79900056,32950548,ANTON VAN WOUW LAERSKOOL,1716,12,278,DEMOCRATIC ALLIANCE,Ward
TSH,Ward 79900056,32950548,ANTON VAN WOUW LAERSKOOL,1716,12,95,ECONOMIC FREEDOM FIGHTERS,Ward
TSH,Ward 79900056,32950548,ANTON VAN WOUW LAERSKOOL,1716,12,63,ACTIONSA,Ward
TSH,Ward 79900056,32950593,TENT - BELGRAVE SQUARE PARK,3221,13,377,AFRICAN NATIONAL CONGRESS,Ward
TSH,Ward 79900056,32950593,TENT - BELGRAVE SQUARE PARK,3221,13,293,DEMOCRATIC ALLIANCE,Ward
TSH,Ward 79900056,32950593,TENT - BELGRAVE SQUARE PARK,3221,13,100,ECONOMIC FREEDOM FIGHTERS,Ward
TSH,Ward 79900056,32950593,TENT - BELGRAVE SQUARE PARK,3221,13,67,ACTIONSA,Ward
TSH,Ward 79900057,32980057,LAERSKOOL LOUIS LEIPOLDT,4956,39,1147,AFRICAN NATIONAL CONGRESS,Ward
TSH,Ward 79900057,32980057,LAERSKOOL LOUIS LEIPOLDT,4956,39,892,DEMOCRATIC ALLIANCE,Ward
TSH,Ward 79900057,32980057,LAERSKOOL LOUIS LEIPOLDT,4956,39,306,ECONOMIC FREEDOM FIGHTERS,Ward
TSH,Ward 79900057,32980057,LAERSKOOL LOUIS LEIPOLDT,4956,39,204,ACTIONSA,Ward
TSH,Ward 79900057,32980068,LYTTELTON PRIMARY SCHOOL,2951,23,680,AFRICAN NATIONAL CONGRESS,Ward
TSH,Ward 79900057,32980068,LYTTELTON PRIMARY SCHOOL,2951,23,529,DEMOCRATIC ALLIANCE,Ward
TSH,Ward 79900057,32980068,LYTTELTON PRIMARY SCHOOL,2951,23,181,ECONOMIC FREEDOM FIGHTERS,Ward
TSH,Ward 79900057,32980068,LYTTELTON PRIMARY SCHOOL,2951,23,121,ACTIONSA,Ward
TSH,Ward 79900057,32980125,TENT AT BANQUET HALL,5241,38,1108,AFRICAN NATIONAL CONGRESS,Ward
TSH,Ward 79900057,32980125,TENT AT BANQUET HALL,5241,38,862,DEMOCRATIC ALLIANCE,Ward
TSH,Ward 79900057,32980125,TENT AT BANQUET HALL,5241,38,295,ECONOMIC FREEDOM FIGHTERS,Ward
TSH,Ward 79900057,32980125,TENT AT BANQUET HALL,5241,38,197,ACTIONSA,Ward
TSH,Ward 79900058,32950199,MC MOTOR CORP,956,5,152,AFRICAN NATIONAL CONGRESS,Ward
TSH,Ward 79900058,32950199,MC MOTOR CORP,956,5,118,DEMOCRATIC ALLIANCE,Ward
TSH,Ward 79900058,32950199,MC MOTOR CORP,956,5,41,ECONOMIC FREEDOM FIGHTERS,Ward
TSH,Ward 79900058,32950199,MC MOTOR CORP,956,5,27,ACTIONSA,Ward
TSH,Ward 79900058,32950223,CITY HALL,5345,16,478,AFRICAN NATIONAL CONGRESS,Ward
TSH,Ward 79900058,32950223,CITY HALL,5345,16,372,DEMOCRATIC ALLIANCE,Ward
TSH,Ward 79900058,32950223,CITY HALL,5345,16,128,ECONOMIC FREEDOM FIGHTERS,Ward
TSH,Ward 79900058,32950223,CITY HALL,5345,16,85,ACTIONSA,Ward
TSH,Ward 79900058,32950346,RIVIERA LAERSKOOL,1887,10,284,AFRICAN NATIONAL CONGRESS,Ward
TSH,Ward 79900058,32950346,RIVIERA LAERSKOOL,1887,10,221,DEMOCRATIC ALLIANCE,Ward
TSH,Ward 79900058,32950346,RIVIERA LAERSKOOL,1887,10,76,ECONOMIC FREEDOM FIGHTERS,Ward
TSH,Ward 79900058,32950346,RIVIERA LAERSKOOL,1887,10,51,ACTIONSA,Ward
TSH,Ward 79900059,32950289,LAERSKOOL PARATUS,2260,4,131,AFRICAN NATIONAL CONGRESS,Ward
TSH,Ward 79900059,32950289,LAERSKOOL PARATUS,2260,4,102,DEMOCRATIC ALLIANCE,Ward
TSH,Ward 79900059,32950289,LAERSKOOL PARATUS,2260,4,35,ECONOMIC FREEDOM FIGHTERS,Ward
TSH,Ward 79900059,32950289,LAERSKOOL PARATUS,2260,4,23,ACTIONSA,Ward
TSH,Ward 79900059,32950481,FRED WEST HALL- GEORGE BRINK SPORTS CLUB,2620,9,269,AFRICAN NATIONAL CONGRESS,Ward
TSH,Ward 79900059,32950481,FRED WEST HALL- GEORGE BRINK SPORTS CLUB,2620,9,209,DEMOCRATIC ALLIANCE,Ward
TSH,Ward 79900059,32950481,FRED WEST HALL- GEORGE BRINK SPORTS CLUB,2620,9,72,ECONOMIC FREEDOM FIGHTERS,Ward
TSH,Ward 79900059,32950481,FRED WEST HALL- GEORGE BRINK SPORTS CLUB,2620,9,48,ACTIONSA,Ward
TSH,Ward 79900059,32950492,METHODIST CHURCH,2811,9,278,AFRICAN NATIONAL CONGRESS,Ward
TSH,Ward 79900059,32950492,METHODIST CHURCH,2811,9,216,DEMOCRATIC ALLIANCE,Ward
TSH,Ward 79900059,32950492,METHODIST CHURCH,2811,9,74,ECONOMIC FREEDOM FIGHTERS,Ward
TSH,Ward 79900059,32950492,METHODIST CHURCH,2811,9,49,ACTIONSA,Ward
TSH,Ward 79900060,32950122,GENERAAL BEYERS LAERSKOOL,3875,25,729,AFRICAN NATIONAL CONGRESS,Ward
TSH,Ward 79900060,32950122,GENERAAL BEYERS LAERSKOOL,3875,25,567,DEMOCRATIC ALLIANCE,Ward
TSH,Ward 79900060,32950122,GENERAAL BEYERS LAERSKOOL,3875,25,195,ECONOMIC FREEDOM FIGHTERS,Ward
TSH,Ward 79900060,32950122,GENERAAL BEYERS LAERSKOOL,3875,25,130,ACTIONSA,Ward
TSH,Ward 79900060,32950144,WESTERLIG LAERSKOOL,3013,21,633,AFRICAN NATIONAL CONGRESS,Ward
TSH,Ward 79900060,32950144,WESTERLIG LAERSKOOL,3013,21,492,DEMOCRATIC ALLIANCE,Ward
TSH,Ward 79900060,32950144,WESTERLIG LAERSKOOL,3013,21,169,ECONOMIC FREEDOM FIGHTERS,Ward
TSH,Ward 79900060,32950144,WESTERLIG LAERSKOOL,3013,21,113,ACTIONSA,Ward
TSH,Ward 79900060,32950155,TENT - PARK WESTVIEW,2507,18,541,AFRICAN NATIONAL CONGRESS,Ward
TSH,Ward 79900060,32950155,TENT - PARK WESTVIEW,2507,18,421,DEMOCRATIC ALLIANCE,Ward
TSH,Ward 79900060,32950155,TENT - PARK WESTVIEW,2507,18,144,ECONOMIC FREEDOM FIGHTERS,Ward
TSH,Ward 79900060,32950155,TENT - PARK WESTVIEW,2507,18,96,ACTIONSA,Ward
TSH,Ward 79900061,32980248,LAERSKOOL ERASMIA,2951,24,715,AFRICAN NATIONAL CONGRESS,Ward
TSH,Ward 79900061,32980248,LAERSKOOL ERASMIA,2951,24,556,DEMOCRATIC ALLIANCE,Ward
TSH,Ward 79900061,32980248,LAERSKOOL ERASMIA,2951,24,191,ECONOMIC FREEDOM FIGHTERS,Ward
TSH,Ward 79900061,32980248,LAERSKOOL ERASMIA,2951,24,127,ACTIONSA,Ward
TSH,Ward 79900061,32980259,JACARANDA PRIMARY SCHOOL,1965,15,429,AFRICAN NATIONAL CONGRESS,Ward
TSH,Ward 79900061,32980259,JACARANDA PRIMARY SCHOOL,1965,15,334,DEMOCRATIC ALLIANCE,Ward
TSH,Ward 79900061,32980259,JACARANDA PRIMARY SCHOOL,1965,15,114,ECONOMIC FREEDOM FIGHTERS,Ward
TSH,Ward 79900061,32980259,JACARANDA PRIMARY SCHOOL,1965,15,76,ACTIONSA,Ward
TSH,Ward 79900061,32980260,LAUDIUM COMMUNITY HALL,1774,13,385,AFRICAN NATIONAL CONGRESS,Ward
TSH,Ward 79900061,32980260,LAUDIUM COMMUNITY HALL,1774,13,299,DEMOCRATIC ALLIANCE,Ward
TSH,Ward 79900061,32980260,LAUDIUM COMMUNITY HALL,1774,13,103,ECONOMIC FREEDOM FIGHTERS,Ward
TSH,Ward 79900061,32980260,LAUDIUM COMMUNITY HALL,1774,13,68,ACTIONSA,Ward
TSH,Ward 79900062,32950683,KGABO PRIMARY SCHOOL,1217,10,295,AFRICAN NATIONAL CONGRESS,Ward
TSH,Ward 79900062,32950683,KGABO PRIMARY SCHOOL,1217,10,230,DEMOCRATIC ALLIANCE,Ward
TSH,Ward 79900062,32950683,KGABO PRIMARY SCHOOL,1217,10,79,ECONOMIC FREEDOM FIGHTERS,Ward
TSH,Ward 79900062,32950683,KGABO PRIMARY SCHOOL,1217,10,52,ACTIONSA,Ward
TSH,Ward 79900062,32950739,SEAPARANKWE PRIMARY SCHOOL,2209,14,423,AFRICAN NATIONAL CONGRESS,Ward
TSH,Ward 79900062,32950739,SEAPARANKWE PRIMARY SCHOOL,2209,14,329,DEMOCRATIC ALLIANCE,Ward
TSH,Ward 79900062,32950739,SEAPARANKWE PRIMARY SCHOOL,2209,14,113,ECONOMIC FREEDOM FIGHTERS,Ward
TSH,Ward 79900062,32950739,SEAPARANKWE PRIMARY SCHOOL,2209,14,75,ACTIONSA,Ward
TSH,Ward 79900062,32950762,MATSEKE PRIMARY SCHOOL,2218,15,454,AFRICAN NATIONAL CONGRESS,Ward
TSH,Ward 79900062,32950762,MATSEKE PRIMARY SCHOOL,2218,15,353,DEMOCRATIC ALLIANCE,Ward
TSH,Ward 79900062,32950762,MATSEKE PRIMARY SCHOOL,2218,15,121,ECONOMIC FREEDOM FIGHTERS,Ward
TSH,Ward 79900062,32950762,MATSEKE PRIMARY SCHOOL,2218,15,81,ACTIONSA,Ward
TSH,Ward 79900063,32950649,THOHO YANDOU PRIMARY SCHOOL,1993,13,379,AFRICAN NATIONAL CONGRESS,Ward
TSH,Ward 79900063,32950649,THOHO YANDOU PRIMARY SCHOOL,1993,13,295,DEMOCRATIC ALLIANCE,Ward
TSH,Ward 79900063,32950649,THOHO YANDOU PRIMARY SCHOOL,1993,13,101,ECONOMIC FREEDOM FIGHTERS,Ward
TSH,Ward 79900063,32950649,THOHO YANDOU PRIMARY SCHOOL,1993,13,67,ACTIONSA,Ward
TSH,Ward 79900063,32950650,ESIKHISINI COMBINED SCHOOL,1338,8,246,AFRICAN NATIONAL CONGRESS,Ward
TSH,Ward 79900063,32950650,ESIKHISINI COMBINED SCHOOL,1338,8,191,DEMOCRATIC ALLIANCE,Ward
TSH,Ward 79900063,32950650,ESIKHISINI COMBINED SCHOOL,1338,8,66,ECONOMIC FREEDOM FIGHTERS,Ward
TSH,Ward 79900063,32950650,ESIKHISINI COMBINED SCHOOL,1338,8,44,ACTIONSA,Ward
TSH,Ward 79900063,32950672,MAKGATHO PRIMARY SCHOOL,2272,14,402,AFRICAN NATIONAL CONGRESS,Ward
TSH,Ward 79900063,32950672,MAKGATHO PRIMARY SCHOOL,2272,14,313,DEMOCRATIC ALLIANCE,Ward
TSH,Ward 79900063,32950672,MAKGATHO PRIMARY SCHOOL,2272,14,107,ECONOMIC FREEDOM FIGHTERS,Ward
TSH,Ward 79900063,32950672,MAKGATHO PRIMARY SCHOOL,2272,14,72,ACTIONSA,Ward
TSH,Ward 79900064,32980103,AFM ROOIHUISKRAAL COMMUNITY CHURCH,3309,28,832,AFRICAN NATIONAL CONGRESS,Ward
TSH,Ward 79900064,32980103,AFM ROOIHUISKRAAL COMMUNITY CHURCH,3309,28,647,DEMOCRATIC ALLIANCE,Ward
TSH,Ward 79900064,32980103,AFM ROOIHUISKRAAL COMMUNITY CHURCH,3309,28,222,ECONOMIC FREEDOM FIGHTERS,Ward
TSH,Ward 79900064,32980103,AFM ROOIHUISKRAAL COMMUNITY CHURCH,3309,28,148,ACTIONSA,Ward
TSH,Ward 79900064,32980170,LAERSKOOL UITSIG,3754,29,857,AFRICAN NATIONAL CONGRESS,Ward
TSH,Ward 79900064,32980170,LAERSKOOL UITSIG,3754,29,667,DEMOCRATIC ALLIANCE,Ward
TSH,Ward 79900064,32980170,LAERSKOOL UITSIG,3754,29,229,ECONOMIC FREEDOM FIGHTERS,Ward
TSH,Ward 79900064,32980170,LAERSKOOL UITSIG,3754,29,152,ACTIONSA,Ward
TSH,Ward 79900064,32980204,HOËRSKOOL UITSIG,2916,25,725,AFRICAN NATIONAL CONGRESS,Ward
TSH,Ward 79900064,32980204,HOËRSKOOL UITSIG,2916,25,564,DEMOCRATIC ALLIANCE,Ward
TSH,Ward 79900064,32980204,HOËRSKOOL UITSIG,2916,25,193,ECONOMIC FREEDOM FIGHTERS,Ward
TSH,Ward 79900064,32980204,HOËRSKOOL UITSIG,2916,25,129,ACTIONSA,Ward
TSH,Ward 79900065,32980035,IRENE PRIMARY SCHOOL,5751,51,1500,AFRICAN NATIONAL CONGRESS,Ward
TSH,Ward 79900065,32980035,IRENE PRIMARY SCHOOL,5751,51,1167,DEMOCRATIC ALLIANCE,Ward
TSH,Ward 79900065,32980035,IRENE PRIMARY SCHOOL,5751,51,400,ECONOMIC FREEDOM FIGHTERS,Ward
TSH,Ward 79900065,32980035,IRENE PRIMARY SCHOOL,5751,51,267,ACTIONSA,Ward
TSH,Ward 79900065,32980091,LAERSKOOL ROOIHUISKRAAL,3588,29,843,AFRICAN NATIONAL CONGRESS,Ward
TSH,Ward 79900065,32980091,LAERSKOOL ROOIHUISKRAAL,3588,29,656,DEMOCRATIC ALLIANCE,Ward
TSH,Ward 79900065,32980091,LAERSKOOL ROOIHUISKRAAL,3588,29,225,ECONOMIC FREEDOM FIGHTERS,Ward
TSH,Ward 79900065,32980091,LAERSKOOL ROOIHUISKRAAL,3588,29,150,ACTIONSA,Ward
TSH,Ward 79900065,32980383,TENT - CENTURION TESTING GROUND,5832,43,1274,AFRICAN NATIONAL CONGRESS,Ward
TSH,Ward 79900065,32980383,TENT - CENTURION TESTING GROUND,5832,43,991,DEMOCRATIC ALLIANCE,Ward
TSH,Ward 79900065,32980383,TENT - CENTURION TESTING GROUND,5832,43,340,ECONOMIC FREEDOM FIGHTERS,Ward
TSH,Ward 79900065,32980383,TENT - CENTURION TESTING GROUND,5832,43,227,ACTIONSA,Ward
TSH,Ward 79900066,32950267,VHALLIESPARK PRIMARY SCHOOL,3941,33,986,AFRICAN NATIONAL CONGRESS,Ward
TSH,Ward 79900066,32950267,VHALLIESPARK PRIMARY SCHOOL,3941,33,767,DEMOCRATIC ALLIANCE,Ward
TSH,Ward 79900066,32950267,VHALLIESPARK PRIMARY SCHOOL,3941,33,263,ECONOMIC FREEDOM FIGHTERS,Ward
TSH,Ward 79900066,32950267,VHALLIESPARK PRIMARY SCHOOL,3941,33,175,ACTIONSA,Ward
TSH,Ward 79900066,32951943,LAERSKOOL SWARTKOP,3345,30,889,AFRICAN NATIONAL CONGRESS,Ward
TSH,Ward 79900066,32951943,LAERSKOOL SWARTKOP,3345,30,692,DEMOCRATIC ALLIANCE,Ward
TSH,Ward 79900066,32951943,LAERSKOOL SWARTKOP,3345,30,237,ECONOMIC FREEDOM FIGHTERS,Ward
TSH,Ward 79900066,32951943,LAERSKOOL SWARTKOP,3345,30,158,ACTIONSA,Ward
TSH,Ward 79900066,32980147,ALPHA CENTURION RUNNER CLUB,4152,30,882,AFRICAN NATIONAL CONGRESS,Ward
TSH,Ward 79900066,32980147,ALPHA CENTURION RUNNER CLUB,4152,30,686,DEMOCRATIC ALLIANCE,Ward
TSH,Ward 79900066,32980147,ALPHA CENTURION RUNNER CLUB,4152,30,235,ECONOMIC FREEDOM FIGHTERS,Ward
TSH,Ward 79900066,32980147,ALPHA CENTURION RUNNER CLUB,4152,30,157,ACTIONSA,Ward
TSH,Ward 79900067,32951314,12 APOSTOLIC CHURCH,1326,7,215,AFRICAN NATIONAL CONGRESS,Ward
TSH,Ward 79900067,32951314,12 APOSTOLIC CHURCH,1326,7,167,DEMOCRATIC ALLIANCE,Ward
TSH,Ward 79900067,32951314,12 APOSTOLIC CHURCH,1326,7,57,ECONOMIC FREEDOM FIGHTERS,Ward
TSH,Ward 79900067,32951314,12 APOSTOLIC CHURCH,1326,7,38,ACTIONSA,Ward
TSH,Ward 79900067,32951325,EMTHUNZINI PRIMARY SCHOOL,1917,11,324,AFRICAN NATIONAL CONGRESS,Ward
TSH,Ward 79900067,32951325,EMTHUNZINI PRIMARY SCHOOL,1917,11,252,DEMOCRATIC ALLIANCE,Ward
TSH,Ward 79900067,32951325,EMTHUNZINI PRIMARY SCHOOL,1917,11,86,ECONOMIC FREEDOM FIGHTERS,Ward
TSH,Ward 79900067,32951325,EMTHUNZINI PRIMARY SCHOOL,1917,11,58,ACTIONSA,Ward
TSH,Ward 79900067,32951370,SALVATION ARMY CHURCH,1372,8,238,AFRICAN NATIONAL CONGRESS,Ward
TSH,Ward 79900067,32951370,SALVATION ARMY CHURCH,1372,8,185,DEMOCRATIC ALLIANCE,Ward
TSH,Ward 79900067,32951370,SALVATION ARMY CHURCH,1372,8,63,ECONOMIC FREEDOM FIGHTERS,Ward
TSH,Ward 79900067,32951370,SALVATION ARMY CHURCH,1372,8,42,ACTIONSA,Ward
TSH,Ward 79900068,32950627,MASIZANE PRIMARY SCHOOL,2687,17,495,AFRICAN NATIONAL CONGRESS,Ward
TSH,Ward 79900068,32950627,MASIZANE PRIMARY SCHOOL,2687,17,385,DEMOCRATIC ALLIANCE,Ward
TSH,Ward 79900068,32950627,MASIZANE PRIMARY SCHOOL,2687,17,132,ECONOMIC FREEDOM FIGHTERS,Ward
TSH,Ward 79900068,32950627,MASIZANE PRIMARY SCHOOL,2687,17,88,ACTIONSA,Ward
TSH,Ward 79900068,32950638,EDWARD PHATUDI HIGH SCHOOL,3857,23,681,AFRICAN NATIONAL CONGRESS,Ward
TSH,Ward 79900068,32950638,EDWARD PHATUDI HIGH SCHOOL,3857,23,530,DEMOCRATIC ALLIANCE,Ward
TSH,Ward 79900068,32950638,EDWARD PHATUDI HIGH SCHOOL,3857,23,182,ECONOMIC FREEDOM FIGHTERS,Ward
TSH,Ward 79900068,32950638,EDWARD PHATUDI HIGH SCHOOL,3857,23,121,ACTIONSA,Ward
TSH,Ward 79900068,32950661,KINGDOM LIFE CHILDREN CENTRE,1359,9,252,AFRICAN NATIONAL CONGRESS,Ward
TSH,Ward 79900068,32950661,KINGDOM LIFE CHILDREN CENTRE,1359,9,196,DEMOCRATIC ALLIANCE,Ward
TSH,Ward 79900068,32950661,KINGDOM LIFE CHILDREN CENTRE,1359,9,67,ECONOMIC FREEDOM FIGHTERS,Ward
TSH,Ward 79900068,32950661,KINGDOM LIFE CHILDREN CENTRE,1359,9,45,ACTIONSA,Ward
TSH,Ward 79900069,32980169,KIEPERSOL COMMUNITY HALL ELDORAIGNE,4005,39,1152,AFRICAN NATIONAL CONGRESS,Ward
TSH,Ward 79900069,32980169,KIEPERSOL COMMUNITY HALL ELDORAIGNE,4005,39,896,DEMOCRATIC ALLIANCE,Ward
TSH,Ward 79900069,32980169,KIEPERSOL COMMUNITY HALL ELDORAIGNE,4005,39,307,ECONOMIC FREEDOM FIGHTERS,Ward
TSH,Ward 79900069,32980169,KIEPERSOL COMMUNITY HALL ELDORAIGNE,4005,39,205,ACTIONSA,Ward
TSH,Ward 79900069,32980181,NG WIERDA PARK,4348,43,1283,AFRICAN NATIONAL CONGRESS,Ward
TSH,Ward 79900069,32980181,NG WIERDA PARK,4348,43,998,DEMOCRATIC ALLIANCE,Ward
TSH,Ward 79900069,32980181,NG WIERDA PARK,4348,43,342,ECONOMIC FREEDOM FIGHTERS,Ward
TSH,Ward 79900069,32980181,NG WIERDA PARK,4348,43,228,ACTIONSA,Ward
TSH,Ward 79900069,32980215,LAERSKOOL BAKENKOP,5867,47,1393,AFRICAN NATIONAL CONGRESS,Ward
TSH,Ward 79900069,32980215,LAERSKOOL BAKENKOP,5867,47,1083,DEMOCRATIC ALLIANCE,Ward
TSH,Ward 79900069,32980215,LAERSKOOL BAKENKOP,5867,47,371,ECONOMIC FREEDOM FIGHTERS,Ward
TSH,Ward 79900069,32980215,LAERSKOOL BAKENKOP,5867,47,248,ACTIONSA,Ward
TSH,Ward 79900070,32980192,LAERSKOOL WIERDAPARK,4726,40,1187,AFRICAN NATIONAL CONGRESS,Ward
TSH,Ward 79900070,32980192,LAERSKOOL WIERDAPARK,4726,40,923,DEMOCRATIC ALLIANCE,Ward
TSH,Ward 79900070,32980192,LAERSKOOL WIERDAPARK,4726,40,317,ECONOMIC FREEDOM FIGHTERS,Ward
TSH,Ward 79900070,32980192,LAERSKOOL WIERDAPARK,4726,40,211,ACTIONSA,Ward
TSH,Ward 79900070,32980226,ZWARTKOP LAPA,3392,31,902,AFRICAN NATIONAL CONGRESS,Ward
TSH,Ward 79900070,32980226,ZWARTKOP LAPA,3392,31,702,DEMOCRATIC ALLIANCE,Ward
TSH,Ward 79900070,32980226,ZWARTKOP LAPA,3392,31,241,ECONOMIC FREEDOM FIGHTERS,Ward
TSH,Ward 79900070,32980226,ZWARTKOP LAPA,3392,31,160,ACTIONSA,Ward
TSH,Ward 79900070,32980338,MADIBA CAFE,2958,14,418,AFRICAN NATIONAL CONGRESS,Ward
TSH,Ward 79900070,32980338,MADIBA CAFE,2958,14,326,DEMOCRATIC ALLIANCE,Ward
TSH,Ward 79900070,32980338,MADIBA CAFE,2958,14,112,ECONOMIC FREEDOM FIGHTERS,Ward
TSH,Ward 79900070,32980338,MADIBA CAFE,2958,14,74,ACTIONSA,Ward
TSH,Ward 79900071,32951763,TENT - OPEN-SPACE NEXT TO DR MABE,2579,11,317,AFRICAN NATIONAL CONGRESS,Ward
TSH,Ward 79900071,32951763,TENT - OPEN-SPACE NEXT TO DR MABE,2579,11,247,DEMOCRATIC ALLIANCE,Ward
TSH,Ward 79900071,32951763,TENT - OPEN-SPACE NEXT TO DR MABE,2579,11,85,ECONOMIC FREEDOM FIGHTERS,Ward
TSH,Ward 79900071,32951763,TENT - OPEN-SPACE NEXT TO DR MABE,2579,11,56,ACTIONSA,Ward
TSH,Ward 79900071,32951774,MODIRWADI DAY CARE,2231,10,302,AFRICAN NATIONAL CONGRESS,Ward
TSH,Ward 79900071,32951774,MODIRWADI DAY CARE,2231,10,235,DEMOCRATIC ALLIANCE,Ward
TSH,Ward 79900071,32951774,MODIRWADI DAY CARE,2231,10,81,ECONOMIC FREEDOM FIGHTERS,Ward
TSH,Ward 79900071,32951774,MODIRWADI DAY CARE,2231,10,54,ACTIONSA,Ward
TSH,Ward 79900071,32951785,SITHOLE COMMUNITY HALL,4201,19,576,AFRICAN NATIONAL CONGRESS,Ward
TSH,Ward 79900071,32951785,SITHOLE COMMUNITY HALL,4201,19,448,DEMOCRATIC ALLIANCE,Ward
TSH,Ward 79900071,32951785,SITHOLE COMMUNITY HALL,4201,19,153,ECONOMIC FREEDOM FIGHTERS,Ward
TSH,Ward 79900071,32951785,SITHOLE COMMUNITY HALL,4201,19,102,ACTIONSA,Ward
TSH,Ward 79900072,32950694,N'WA MHINGA PRIMARY SCHOOL,2100,14,426,AFRICAN NATIONAL CONGRESS,Ward
TSH,Ward 79900072,32950694,N'WA MHINGA PRIMARY SCHOOL,2100,14,331,DEMOCRATIC ALLIANCE,Ward
TSH,Ward 79900072,32950694,N'WA MHINGA PRIMARY SCHOOL,2100,14,114,ECONOMIC FREEDOM FIGHTERS,Ward
TSH,Ward 79900072,32950694,N'WA MHINGA PRIMARY SCHOOL,2100,14,76,ACTIONSA,Ward
TSH,Ward 79900072,32950706,MAKGWARANENG PRIMARY SCHOOL,2577,17,496,AFRICAN NATIONAL CONGRESS,Ward
TSH,Ward 79900072,32950706,MAKGWARANENG PRIMARY SCHOOL,2577,17,386,DEMOCRATIC ALLIANCE,Ward
TSH,Ward 79900072,32950706,MAKGWARANENG PRIMARY SCHOOL,2577,17,132,ECONOMIC FREEDOM FIGHTERS,Ward
TSH,Ward 79900072,32950706,MAKGWARANENG PRIMARY SCHOOL,2577,17,88,ACTIONSA,Ward
TSH,Ward 79900072,32950717,PATOGENG PRIMARY SCHOOL,2255,14,400,AFRICAN NATIONAL CONGRESS,Ward
TSH,Ward 79900072,32950717,PATOGENG PRIMARY SCHOOL,2255,14,312,DEMOCRATIC ALLIANCE,Ward
TSH,Ward 79900072,32950717,PATOGENG PRIMARY SCHOOL,2255,14,107,ECONOMIC FREEDOM FIGHTERS,Ward
TSH,Ward 79900072,32950717,PATOGENG PRIMARY SCHOOL,2255,14,71,ACTIONSA,Ward
TSH,Ward 79900073,33170048,PHARANANI MULTIPURPOSE CENTRE,3025,16,478,AFRICAN NATIONAL CONGRESS,Ward
TSH,Ward 79900073,33170048,PHARANANI MULTIPURPOSE CENTRE,3025,16,372,DEMOCRATIC ALLIANCE,Ward
TSH,Ward 79900073,33170048,PHARANANI MULTIPURPOSE CENTRE,3025,16,127,ECONOMIC FREEDOM FIGHTERS,Ward
TSH,Ward 79900073,33170048,PHARANANI MULTIPURPOSE CENTRE,3025,16,85,ACTIONSA,Ward
TSH,Ward 79900073,33170127,ST CAMILLIS SKOOL,1198,8,233,AFRICAN NATIONAL CONGRESS,Ward
TSH,Ward 79900073,33170127,ST CAMILLIS SKOOL,1198,8,181,DEMOCRATIC ALLIANCE,Ward
TSH,Ward 79900073,33170127,ST CAMILLIS SKOOL,1198,8,62,ECONOMIC FREEDOM FIGHTERS,Ward
TSH,Ward 79900073,33170127,ST CAMILLIS SKOOL,1198,8,41,ACTIONSA,Ward
TSH,Ward 79900073,33170150,DITEBOGO DAY CARE CENTER,1945,13,369,AFRICAN NATIONAL CONGRESS,Ward
TSH,Ward 79900073,33170150,DITEBOGO DAY CARE CENTER,1945,13,287,DEMOCRATIC ALLIANCE,Ward
TSH,Ward 79900073,33170150,DITEBOGO DAY CARE CENTER,1945,13,99,ECONOMIC FREEDOM FIGHTERS,Ward
TSH,Ward 79900073,33170150,DITEBOGO DAY CARE CENTER,1945,13,66,ACTIONSA,Ward
TSH,Ward 79900074,86661210,MAROKOLONG PRIMARY SCHOOL,1793,11,312,AFRICAN NATIONAL CONGRESS,Ward
TSH,Ward 79900074,86661210,MAROKOLONG PRIMARY SCHOOL,1793,11,243,DEMOCRATIC ALLIANCE,Ward
TSH,Ward 79900074,86661210,MAROKOLONG PRIMARY SCHOOL,1793,11,83,ECONOMIC FREEDOM FIGHTERS,Ward
TSH,Ward 79900074,86661210,MAROKOLONG PRIMARY SCHOOL,1793,11,55,ACTIONSA,Ward
TSH,Ward 79900074,86720025,GLORY CHRISTIAN CHURCH,1191,7,217,AFRICAN NATIONAL CONGRESS,Ward
TSH,Ward 79900074,86720025,GLORY CHRISTIAN CHURCH,1191,7,169,DEMOCRATIC ALLIANCE,Ward
TSH,Ward 79900074,86720025,GLORY CHRISTIAN CHURCH,1191,7,58,ECONOMIC FREEDOM FIGHTERS,Ward
TSH,Ward 79900074,86720025,GLORY CHRISTIAN CHURCH,1191,7,39,ACTIONSA,Ward
TSH,Ward 79900074,86720081,RENEILWE PRIMARY SCHOOL,1791,10,283,AFRICAN NATIONAL CONGRESS,Ward
TSH,Ward 79900074,86720081,RENEILWE PRIMARY SCHOOL,1791,10,220,DEMOCRATIC ALLIANCE,Ward
TSH,Ward 79900074,86720081,RENEILWE PRIMARY SCHOOL,1791,10,75,ECONOMIC FREEDOM FIGHTERS,Ward
TSH,Ward 79900074,86720081,RENEILWE PRIMARY SCHOOL,1791,10,50,ACTIONSA,Ward
TSH,Ward 79900075,86720014,MADISONG SECONDARY SCHOOL,2010,12,369,AFRICAN NATIONAL CONGRESS,Ward
TSH,Ward 79900075,86720014,MADISONG SECONDARY SCHOOL,2010,12,287,DEMOCRATIC ALLIANCE,Ward
TSH,Ward 79900075,86720014,MADISONG SECONDARY SCHOOL,2010,12,98,ECONOMIC FREEDOM FIGHTERS,Ward
TSH,Ward 79900075,86720014,MADISONG SECONDARY SCHOOL,2010,12,66,ACTIONSA,Ward
TSH,Ward 79900075,86720036,LEBONENG PRIMARY SCHOOL,1237,7,204,AFRICAN NATIONAL CONGRESS,Ward
TSH,Ward 79900075,86720036,LEBONENG PRIMARY SCHOOL,1237,7,159,DEMOCRATIC ALLIANCE,Ward
TSH,Ward 79900075,86720036,LEBONENG PRIMARY SCHOOL,1237,7,54,ECONOMIC FREEDOM FIGHTERS,Ward
TSH,Ward 79900075,86720036,LEBONENG PRIMARY SCHOOL,1237,7,36,ACTIONSA,Ward
TSH,Ward 79900075,86720047,PHL MORAKA HIGH SCHOOL,2038,14,408,AFRICAN NATIONAL CONGRESS,Ward
TSH,Ward 79900075,86720047,PHL MORAKA HIGH SCHOOL,2038,14,317,DEMOCRATIC ALLIANCE,Ward
TSH,Ward 79900075,86720047,PHL MORAKA HIGH SCHOOL,2038,14,109,ECONOMIC FREEDOM FIGHTERS,Ward
TSH,Ward 79900075,86720047,PHL MORAKA HIGH SCHOOL,2038,14,73,ACTIONSA,Ward
TSH,Ward 79900076,86661052,MABUATLOU PRIMARY SCHOOL,1858,11,319,AFRICAN NATIONAL CONGRESS,Ward
TSH,Ward 79900076,86661052,MABUATLOU PRIMARY SCHOOL,1858,11,248,DEMOCRATIC ALLIANCE,Ward
TSH,Ward 79900076,86661052,MABUATLOU PRIMARY SCHOOL,1858,11,85,ECONOMIC FREEDOM FIGHTERS,Ward
TSH,Ward 79900076,86661052,MABUATLOU PRIMARY SCHOOL,1858,11,57,ACTIONSA,Ward
TSH,Ward 79900076,86661119,LETHABONG LA RONA DAY CARE CENTRE,1961,11,330,AFRICAN NATIONAL CONGRESS,Ward
TSH,Ward 79900076,86661119,LETHABONG LA RONA DAY CARE CENTRE,1961,11,257,DEMOCRATIC ALLIANCE,Ward
TSH,Ward 79900076,86661119,LETHABONG LA RONA DAY CARE CENTRE,1961,11,88,ECONOMIC FREEDOM FIGHTERS,Ward
TSH,Ward 79900076,86661119,LETHABONG LA RONA DAY CARE CENTRE,1961,11,59,ACTIONSA,Ward
TSH,Ward 79900076,86661704,KEKANA PRIMARY SCHOOL,1098,7,216,AFRICAN NATIONAL CONGRESS,Ward
TSH,Ward 79900076,86661704,KEKANA PRIMARY SCHOOL,1098,7,168,DEMOCRATIC ALLIANCE,Ward
TSH,Ward 79900076,86661704,KEKANA PRIMARY SCHOOL,1098,7,58,ECONOMIC FREEDOM FIGHTERS,Ward
TSH,Ward 79900076,86661704,KEKANA PRIMARY SCHOOL,1098,7,38,ACTIONSA,Ward
TSH,Ward 79900077,32980114,OREFILE PRIMARY SCHOOL,6651,31,919,AFRICAN NATIONAL CONGRESS,Ward
TSH,Ward 79900077,32980114,OREFILE PRIMARY SCHOOL,6651,31,715,DEMOCRATIC ALLIANCE,Ward
TSH,Ward 79900077,32980114,OREFILE PRIMARY SCHOOL,6651,31,245,ECONOMIC FREEDOM FIGHTERS,Ward
TSH,Ward 79900077,32980114,OREFILE PRIMARY SCHOOL,6651,31,163,ACTIONSA,Ward
TSH,Ward 79900077,32980394,SESHEGONG SECONDARY SCHOOL,6241,25,737,AFRICAN NATIONAL CONGRESS,Ward
TSH,Ward 79900077,32980394,SESHEGONG SECONDARY SCHOOL,6241,25,573,DEMOCRATIC ALLIANCE,Ward
TSH,Ward 79900077,32980394,SESHEGONG SECONDARY SCHOOL,6241,25,196,ECONOMIC FREEDOM FIGHTERS,Ward
TSH,Ward 79900077,32980394,SESHEGONG SECONDARY SCHOOL,6241,25,131,ACTIONSA,Ward
TSH,Ward 79900077,32980428,TENT - CNR. ROOIHUISKRAAL & RIETSPRUIT ROAD,2948,23,694,AFRICAN NATIONAL CONGRESS,Ward
TSH,Ward 79900077,32980428,TENT - CNR. ROOIHUISKRAAL & RIETSPRUIT ROAD,2948,23,540,DEMOCRATIC ALLIANCE,Ward
TSH,Ward 79900077,32980428,TENT - CNR. ROOIHUISKRAAL & RIETSPRUIT ROAD,2948,23,185,ECONOMIC FREEDOM FIGHTERS,Ward
TSH,Ward 79900077,32980428,TENT - CNR. ROOIHUISKRAAL & RIETSPRUIT ROAD,2948,23,123,ACTIONSA,Ward
TSH,Ward 79900078,32980079,LAERSKOOL DORINGKLOOF,5733,50,1490,AFRICAN NATIONAL CONGRESS,Ward
TSH,Ward 79900078,32980079,LAERSKOOL DORINGKLOOF,5733,50,1159,DEMOCRATIC ALLIANCE,Ward
TSH,Ward 79900078,32980079,LAERSKOOL DORINGKLOOF,5733,50,397,ECONOMIC FREEDOM FIGHTERS,Ward
TSH,Ward 79900078,32980079,LAERSKOOL DORINGKLOOF,5733,50,265,ACTIONSA,Ward
TSH,Ward 79900078,32980080,KERK SONDER MURE,4309,36,1071,AFRICAN NATIONAL CONGRESS,Ward
TSH,Ward 79900078,32980080,KERK SONDER MURE,4309,36,833,DEMOCRATIC ALLIANCE,Ward
TSH,Ward 79900078,32980080,KERK SONDER MURE,4309,36,286,ECONOMIC FREEDOM FIGHTERS,Ward
TSH,Ward 79900078,32980080,KERK SONDER MURE,4309,36,190,ACTIONSA,Ward
TSH,Ward 79900078,32980136,TENT (OPEN SPACE C/O LENCHEN AVE & JOHN VORSTER),2970,21,635,AFRICAN NATIONAL CONGRESS,Ward
TSH,Ward 79900078,32980136,TENT (OPEN SPACE C/O LENCHEN AVE & JOHN VORSTER),2970,21,494,DEMOCRATIC ALLIANCE,Ward
TSH,Ward 79900078,32980136,TENT (OPEN SPACE C/O LENCHEN AVE & JOHN VORSTER),2970,21,169,ECONOMIC FREEDOM FIGHTERS,Ward
TSH,Ward 79900078,32980136,TENT (OPEN SPACE C/O LENCHEN AVE & JOHN VORSTER),2970,21,113,ACTIONSA,Ward
TSH,Ward 79900079,32952898,TENT - PEFFER & VAN POMMEREN STREET,1268,14,424,AFRICAN NATIONAL CONGRESS,Ward
TSH,Ward 79900079,32952898,TENT - PEFFER & VAN POMMEREN STREET,1268,14,330,DEMOCRATIC ALLIANCE,Ward
TSH,Ward 79900079,32952898,TENT - PEFFER & VAN POMMEREN STREET,1268,14,113,ECONOMIC FREEDOM FIGHTERS,Ward
TSH,Ward 79900079,32952898,TENT - PEFFER & VAN POMMEREN STREET,1268,14,75,ACTIONSA,Ward
TSH,Ward 79900079,32952966,TENT - OPEN SPACE CNR. BOEING & PIERING,1937,19,557,AFRICAN NATIONAL CONGRESS,Ward
TSH,Ward 79900079,32952966,TENT - OPEN SPACE CNR. BOEING & PIERING,1937,19,433,DEMOCRATIC ALLIANCE,Ward
TSH,Ward 79900079,32952966,TENT - OPEN SPACE CNR. BOEING & PIERING,1937,19,148,ECONOMIC FREEDOM FIGHTERS,Ward
TSH,Ward 79900079,32952966,TENT - OPEN SPACE CNR. BOEING & PIERING,1937,19,99,ACTIONSA,Ward
TSH,Ward 79900079,32980013,N.G CHURCH PIERRE VAN RYNEVELD,4064,38,1115,AFRICAN NATIONAL CONGRESS,Ward
TSH,Ward 79900079,32980013,N.G CHURCH PIERRE VAN RYNEVELD,4064,38,867,DEMOCRATIC ALLIANCE,Ward
TSH,Ward 79900079,32980013,N.G CHURCH PIERRE VAN RYNEVELD,4064,38,297,ECONOMIC FREEDOM FIGHTERS,Ward
TSH,Ward 79900079,32980013,N.G CHURCH PIERRE VAN RYNEVELD,4064,38,198,ACTIONSA,Ward
TSH,Ward 79900080,32950458,LAERSKOOL OOST EIND,3810,10,302,AFRICAN NATIONAL CONGRESS,Ward
TSH,Ward 79900080,32950458,LAERSKOOL OOST EIND,3810,10,235,DEMOCRATIC ALLIANCE,Ward
TSH,Ward 79900080,32950458,LAERSKOOL OOST EIND,3810,10,81,ECONOMIC FREEDOM FIGHTERS,Ward
TSH,Ward 79900080,32950458,LAERSKOOL OOST EIND,3810,10,54,ACTIONSA,Ward
TSH,Ward 79900080,32951145,HAMILTON PRIMARY SCHOOL,6729,19,573,AFRICAN NATIONAL CONGRESS,Ward
TSH,Ward 79900080,32951145,HAMILTON PRIMARY SCHOOL,6729,19,446,DEMOCRATIC ALLIANCE,Ward
TSH,Ward 79900080,32951145,HAMILTON PRIMARY SCHOOL,6729,19,153,ECONOMIC FREEDOM FIGHTERS,Ward
TSH,Ward 79900080,32951145,HAMILTON PRIMARY SCHOOL,6729,19,102,ACTIONSA,Ward
TSH,Ward 79900080,32951910,JOPIE FOURIE LAERSKOOL,2533,16,466,AFRICAN NATIONAL CONGRESS,Ward
TSH,Ward 79900080,32951910,JOPIE FOURIE LAERSKOOL,2533,16,362,DEMOCRATIC ALLIANCE,Ward
TSH,Ward 79900080,32951910,JOPIE FOURIE LAERSKOOL,2533,16,124,ECONOMIC FREEDOM FIGHTERS,Ward
TSH,Ward 79900080,32951910,JOPIE FOURIE LAERSKOOL,2533,16,83,ACTIONSA,Ward
TSH,Ward 79900081,32950447,TENT AT CALEDONIAN SPORTS GROUNDS,2449,7,193,AFRICAN NATIONAL CONGRESS,Ward
TSH,Ward 79900081,32950447,TENT AT CALEDONIAN SPORTS GROUNDS,2449,7,150,DEMOCRATIC ALLIANCE,Ward
TSH,Ward 79900081,32950447,TENT AT CALEDONIAN SPORTS GROUNDS,2449,7,51,ECONOMIC FREEDOM FIGHTERS,Ward
TSH,Ward 79900081,32950447,TENT AT CALEDONIAN SPORTS GROUNDS,2449,7,34,ACTIONSA,Ward
TSH,Ward 79900081,32950470,TENT AT JUBILEE SQUARE PARK,7347,21,628,AFRICAN NATIONAL CONGRESS,Ward
TSH,Ward 79900081,32950470,TENT AT JUBILEE SQUARE PARK,7347,21,489,DEMOCRATIC ALLIANCE,Ward
TSH,Ward 79900081,32950470,TENT AT JUBILEE SQUARE PARK,7347,21,168,ECONOMIC FREEDOM FIGHTERS,Ward
TSH,Ward 79900081,32950470,TENT AT JUBILEE SQUARE PARK,7347,21,112,ACTIONSA,Ward
TSH,Ward 79900081,32952977,HARMONIE HOF HOME OF THE ELDERLY,1984,9,256,AFRICAN NATIONAL CONGRESS,Ward
TSH,Ward 79900081,32952977,HARMONIE HOF HOME OF THE ELDERLY,1984,9,199,DEMOCRATIC ALLIANCE,Ward
TSH,Ward 79900081,32952977,HARMONIE HOF HOME OF THE ELDERLY,1984,9,68,ECONOMIC FREEDOM FIGHTERS,Ward
TSH,Ward 79900081,32952977,HARMONIE HOF HOME OF THE ELDERLY,1984,9,46,ACTIONSA,Ward
TSH,Ward 79900082,32950605,LAERSKOOL LYNNWOOD,2915,26,759,AFRICAN NATIONAL CONGRESS,Ward
TSH,Ward 79900082,32950605,LAERSKOOL LYNNWOOD,2915,26,590,DEMOCRATIC ALLIANCE,Ward
TSH,Ward 79900082,32950605,LAERSKOOL LYNNWOOD,2915,26,202,ECONOMIC FREEDOM FIGHTERS,Ward
TSH,Ward 79900082,32950605,LAERSKOOL LYNNWOOD,2915,26,135,ACTIONSA,Ward
TSH,Ward 79900082,32950616,LAERSKOOL MENLOPARK,4527,37,1079,AFRICAN NATIONAL CONGRESS,Ward
TSH,Ward 79900082,32950616,LAERSKOOL MENLOPARK,4527,37,839,DEMOCRATIC ALLIANCE,Ward
TSH,Ward 79900082,32950616,LAERSKOOL MENLOPARK,4527,37,288,ECONOMIC FREEDOM FIGHTERS,Ward
TSH,Ward 79900082,32950616,LAERSKOOL MENLOPARK,4527,37,192,ACTIONSA,Ward
TSH,Ward 79900082,32950863,NEDERDUITSE GEREFORMEERDE KERK,2995,28,837,AFRICAN NATIONAL CONGRESS,Ward
TSH,Ward 79900082,32950863,NEDERDUITSE GEREFORMEERDE KERK,2995,28,651,DEMOCRATIC ALLIANCE,Ward
TSH,Ward 79900082,32950863,NEDERDUITSE GEREFORMEERDE KERK,2995,28,223,ECONOMIC FREEDOM FIGHTERS,Ward
TSH,Ward 79900082,32950863,NEDERDUITSE GEREFORMEERDE KERK,2995,28,149,ACTIONSA,Ward
TSH,Ward 79900083,32950212,WATERKLOOF HOËRSKOOL,2495,21,612,AFRICAN NATIONAL CONGRESS,Ward
TSH,Ward 79900083,32950212,WATERKLOOF HOËRSKOOL,2495,21,476,DEMOCRATIC ALLIANCE,Ward
TSH,Ward 79900083,32950212,WATERKLOOF HOËRSKOOL,2495,21,163,ECONOMIC FREEDOM FIGHTERS,Ward
TSH,Ward 79900083,32950212,WATERKLOOF HOËRSKOOL,2495,21,109,ACTIONSA,Ward
TSH,Ward 79900083,32950829,SCOUT CENTRE,2916,27,806,AFRICAN NATIONAL CONGRESS,Ward
TSH,Ward 79900083,32950829,SCOUT CENTRE,2916,27,627,DEMOCRATIC ALLIANCE,Ward
TSH,Ward 79900083,32950829,SCOUT CENTRE,2916,27,215,ECONOMIC FREEDOM FIGHTERS,Ward
TSH,Ward 79900083,32950829,SCOUT CENTRE,2916,27,143,ACTIONSA,Ward
TSH,Ward 79900083,32950896,TENT NEXT TO RADEMEYERS CONSERVATION,3421,29,854,AFRICAN NATIONAL CONGRESS,Ward
TSH,Ward 79900083,32950896,TENT NEXT TO RADEMEYERS CONSERVATION,3421,29,664,DEMOCRATIC ALLIANCE,Ward
TSH,Ward 79900083,32950896,TENT NEXT TO RADEMEYERS CONSERVATION,3421,29,228,ECONOMIC FREEDOM FIGHTERS,Ward
TSH,Ward 79900083,32950896,TENT NEXT TO RADEMEYERS CONSERVATION,3421,29,152,ACTIONSA,Ward
TSH,Ward 79900084,32950403,LAERSKOOL PIERNEEF,2732,25,747,AFRICAN NATIONAL CONGRESS,Ward
TSH,Ward 79900084,32950403,LAERSKOOL PIERNEEF,2732,25,581,DEMOCRATIC ALLIANCE,Ward
TSH,Ward 79900084,32950403,LAERSKOOL PIERNEEF,2732,25,199,ECONOMIC FREEDOM FIGHTERS,Ward
TSH,Ward 79900084,32950403,LAERSKOOL PIERNEEF,2732,25,133,ACTIONSA,Ward
TSH,Ward 79900084,32950414,QUEENSWOOD LAERSKOOL,2185,16,484,AFRICAN NATIONAL CONGRESS,Ward
TSH,Ward 79900084,32950414,QUEENSWOOD LAERSKOOL,2185,16,376,DEMOCRATIC ALLIANCE,Ward
TSH,Ward 79900084,32950414,QUEENSWOOD LAERSKOOL,2185,16,129,ECONOMIC FREEDOM FIGHTERS,Ward
TSH,Ward 79900084,32950414,QUEENSWOOD LAERSKOOL,2185,16,86,ACTIONSA,Ward
TSH,Ward 79900084,32950436,TENT RIETONDALE PARK,2037,17,516,AFRICAN NATIONAL CONGRESS,Ward
TSH,Ward 79900084,32950436,TENT RIETONDALE PARK,2037,17,401,DEMOCRATIC ALLIANCE,Ward
TSH,Ward 79900084,32950436,TENT RIETONDALE PARK,2037,17,138,ECONOMIC FREEDOM FIGHTERS,Ward
TSH,Ward 79900084,32950436,TENT RIETONDALE PARK,2037,17,92,ACTIONSA,Ward
TSH,Ward 79900085,32950290,WILLOWRIDGE HIGH SCHOOL,3715,34,1008,AFRICAN NATIONAL CONGRESS,Ward
TSH,Ward 79900085,32950290,WILLOWRIDGE HIGH SCHOOL,3715,34,784,DEMOCRATIC ALLIANCE,Ward
TSH,Ward 79900085,32950290,WILLOWRIDGE HIGH SCHOOL,3715,34,269,ECONOMIC FREEDOM FIGHTERS,Ward
TSH,Ward 79900085,32950290,WILLOWRIDGE HIGH SCHOOL,3715,34,179,ACTIONSA,Ward
TSH,Ward 79900085,32950571,WILLOWS METHODIST CHURCH,2863,25,727,AFRICAN NATIONAL CONGRESS,Ward
TSH,Ward 79900085,32950571,WILLOWS METHODIST CHURCH,2863,25,566,DEMOCRATIC ALLIANCE,Ward
TSH,Ward 79900085,32950571,WILLOWS METHODIST CHURCH,2863,25,194,ECONOMIC FREEDOM FIGHTERS,Ward
TSH,Ward 79900085,32950571,WILLOWS METHODIST CHURCH,2863,25,129,ACTIONSA,Ward
TSH,Ward 79900085,32952304,STELLENBERG DEPOT,3223,27,809,AFRICAN NATIONAL CONGRESS,Ward
TSH,Ward 79900085,32952304,STELLENBERG DEPOT,3223,27,629,DEMOCRATIC ALLIANCE,Ward
TSH,Ward 79900085,32952304,STELLENBERG DEPOT,3223,27,216,ECONOMIC FREEDOM FIGHTERS,Ward
TSH,Ward 79900085,32952304,STELLENBERG DEPOT,3223,27,144,ACTIONSA,Ward
TSH,Ward 79900086,32950201,NELLMAPIUS PRIMARY SCHOOL,4544,23,678,AFRICAN NATIONAL CONGRESS,Ward
TSH,Ward 79900086,32950201,NELLMAPIUS PRIMARY SCHOOL,4544,23,527,DEMOCRATIC ALLIANCE,Ward
TSH,Ward 79900086,32950201,NELLMAPIUS PRIMARY SCHOOL,4544,23,181,ECONOMIC FREEDOM FIGHTERS,Ward
TSH,Ward 79900086,32950201,NELLMAPIUS PRIMARY SCHOOL,4544,23,120,ACTIONSA,Ward
TSH,Ward 79900086,32952089,VUKAUZENZELE PRIMARY SCHOOL,3221,18,524,AFRICAN NATIONAL CONGRESS,Ward
TSH,Ward 79900086,32952089,VUKAUZENZELE PRIMARY SCHOOL,3221,18,408,DEMOCRATIC ALLIANCE,Ward
TSH,Ward 79900086,32952089,VUKAUZENZELE PRIMARY SCHOOL,3221,18,140,ECONOMIC FREEDOM FIGHTERS,Ward
TSH,Ward 79900086,32952089,VUKAUZENZELE PRIMARY SCHOOL,3221,18,93,ACTIONSA,Ward
TSH,Ward 79900086,32953046,NELLMAPIUS COMMUNITY HALL AND LIBRARY,3322,19,557,AFRICAN NATIONAL CONGRESS,Ward
TSH,Ward 79900086,32953046,NELLMAPIUS COMMUNITY HALL AND LIBRARY,3322,19,433,DEMOCRATIC ALLIANCE,Ward
TSH,Ward 79900086,32953046,NELLMAPIUS COMMUNITY HALL AND LIBRARY,3322,19,148,ECONOMIC FREEDOM FIGHTERS,Ward
TSH,Ward 79900086,32953046,NELLMAPIUS COMMUNITY HALL AND LIBRARY,3322,19,99,ACTIONSA,Ward
TSH,Ward 79900087,32951864,DE VRIES AMBULANS AKADEMIE,651,3,100,AFRICAN NATIONAL CONGRESS,Ward
TSH,Ward 79900087,32951864,DE VRIES AMBULANS AKADEMIE,651,3,78,DEMOCRATIC ALLIANCE,Ward
TSH,Ward 79900087,32951864,DE VRIES AMBULANS AKADEMIE,651,3,27,ECONOMIC FREEDOM FIGHTERS,Ward
TSH,Ward 79900087,32951864,DE VRIES AMBULANS AKADEMIE,651,3,18,ACTIONSA,Ward
TSH,Ward 79900087,32951886,DERDEPOORT LAERSKOOL,2845,19,564,AFRICAN NATIONAL CONGRESS,Ward
TSH,Ward 79900087,32951886,DERDEPOORT LAERSKOOL,2845,19,439,DEMOCRATIC ALLIANCE,Ward
TSH,Ward 79900087,32951886,DERDEPOORT LAERSKOOL,2845,19,150,ECONOMIC FREEDOM FIGHTERS,Ward
TSH,Ward 79900087,32951886,DERDEPOORT LAERSKOOL,2845,19,100,ACTIONSA,Ward
TSH,Ward 79900087,32952360,TENT ON CNR PARK BRAAM PRETORIUS & FLUFF TAIL STR,1878,21,606,AFRICAN NATIONAL CONGRESS,Ward
TSH,Ward 79900087,32952360,TENT ON CNR PARK BRAAM PRETORIUS & FLUFF TAIL STR,1878,21,471,DEMOCRATIC ALLIANCE,Ward
TSH,Ward 79900087,32952360,TENT ON CNR PARK BRAAM PRETORIUS & FLUFF TAIL STR,1878,21,162,ECONOMIC FREEDOM FIGHTERS,Ward
TSH,Ward 79900087,32952360,TENT ON CNR PARK BRAAM PRETORIUS & FLUFF TAIL STR,1878,21,108,ACTIONSA,Ward
TSH,Ward 79900088,32960381,PULAMADIBOGO PRIMARY SCHOOL,2412,13,398,AFRICAN NATIONAL CONGRESS,Ward
TSH,Ward 79900088,32960381,PULAMADIBOGO PRIMARY SCHOOL,2412,13,309,DEMOCRATIC ALLIANCE,Ward
TSH,Ward 79900088,32960381,PULAMADIBOGO PRIMARY SCHOOL,2412,13,106,ECONOMIC FREEDOM FIGHTERS,Ward
TSH,Ward 79900088,32960381,PULAMADIBOGO PRIMARY SCHOOL,2412,13,71,ACTIONSA,Ward
TSH,Ward 79900088,32960437,ST FRANCIS PRIMARY SCHOOL,2399,14,408,AFRICAN NATIONAL CONGRESS,Ward
TSH,Ward 79900088,32960437,ST FRANCIS PRIMARY SCHOOL,2399,14,317,DEMOCRATIC ALLIANCE,Ward
TSH,Ward 79900088,32960437,ST FRANCIS PRIMARY SCHOOL,2399,14,109,ECONOMIC FREEDOM FIGHTERS,Ward
TSH,Ward 79900088,32960437,ST FRANCIS PRIMARY SCHOOL,2399,14,72,ACTIONSA,Ward
TSH,Ward 79900088,32960448,KGOMOTSO HIGH SCHOOL,2201,13,389,AFRICAN NATIONAL CONGRESS,Ward
TSH,Ward 79900088,32960448,KGOMOTSO HIGH SCHOOL,2201,13,302,DEMOCRATIC ALLIANCE,Ward
TSH,Ward 79900088,32960448,KGOMOTSO HIGH SCHOOL,2201,13,104,ECONOMIC FREEDOM FIGHTERS,Ward
TSH,Ward 79900088,32960448,KGOMOTSO HIGH SCHOOL,2201,13,69,ACTIONSA,Ward
TSH,Ward 79900089,32960505,RODNEY MOKOENA PRIMARY SCHOOL,1997,12,352,AFRICAN NATIONAL CONGRESS,Ward
TSH,Ward 79900089,32960505,RODNEY MOKOENA PRIMARY SCHOOL,1997,12,274,DEMOCRATIC ALLIANCE,Ward
TSH,Ward 79900089,32960505,RODNEY MOKOENA PRIMARY SCHOOL,1997,12,94,ECONOMIC FREEDOM FIGHTERS,Ward
TSH,Ward 79900089,32960505,RODNEY MOKOENA PRIMARY SCHOOL,1997,12,63,ACTIONSA,Ward
TSH,Ward 79900089,32960640,REFIHLILE-PELE PRIMARY SCHOOL,3805,18,520,AFRICAN NATIONAL CONGRESS,Ward
TSH,Ward 79900089,32960640,REFIHLILE-PELE PRIMARY SCHOOL,3805,18,404,DEMOCRATIC ALLIANCE,Ward
TSH,Ward 79900089,32960640,REFIHLILE-PELE PRIMARY SCHOOL,3805,18,139,ECONOMIC FREEDOM FIGHTERS,Ward
TSH,Ward 79900089,32960640,REFIHLILE-PELE PRIMARY SCHOOL,3805,18,92,ACTIONSA,Ward
TSH,Ward 79900089,32960684,BOKAMOSO PRIMARY SCHOOL,4774,20,605,AFRICAN NATIONAL CONGRESS,Ward
TSH,Ward 79900089,32960684,BOKAMOSO PRIMARY SCHOOL,4774,20,470,DEMOCRATIC ALLIANCE,Ward
TSH,Ward 79900089,32960684,BOKAMOSO PRIMARY SCHOOL,4774,20,161,ECONOMIC FREEDOM FIGHTERS,Ward
TSH,Ward 79900089,32960684,BOKAMOSO PRIMARY SCHOOL,4774,20,108,ACTIONSA,Ward
TSH,Ward 79900090,32960516,LESEDI PRIMARY SCHOOL,3788,21,632,AFRICAN NATIONAL CONGRESS,Ward
TSH,Ward 79900090,32960516,LESEDI PRIMARY SCHOOL,3788,21,491,DEMOCRATIC ALLIANCE,Ward
TSH,Ward 79900090,32960516,LESEDI PRIMARY SCHOOL,3788,21,168,ECONOMIC FREEDOM FIGHTERS,Ward
TSH,Ward 79900090,32960516,LESEDI PRIMARY SCHOOL,3788,21,112,ACTIONSA,Ward
TSH,Ward 79900090,32960673,SOSHANGUVE EAST SECONDARY,2928,16,465,AFRICAN NATIONAL CONGRESS,Ward
TSH,Ward 79900090,32960673,SOSHANGUVE EAST SECONDARY,2928,16,362,DEMOCRATIC ALLIANCE,Ward
TSH,Ward 79900090,32960673,SOSHANGUVE EAST SECONDARY,2928,16,124,ECONOMIC FREEDOM FIGHTERS,Ward
TSH,Ward 79900090,32960673,SOSHANGUVE EAST SECONDARY,2928,16,83,ACTIONSA,Ward
TSH,Ward 79900090,32960763,PELE PRIMARY SCHOOL,2994,16,468,AFRICAN NATIONAL CONGRESS,Ward
TSH,Ward 79900090,32960763,PELE PRIMARY SCHOOL,2994,16,364,DEMOCRATIC ALLIANCE,Ward
TSH,Ward 79900090,32960763,PELE PRIMARY SCHOOL,2994,16,125,ECONOMIC FREEDOM FIGHTERS,Ward
TSH,Ward 79900090,32960763,PELE PRIMARY SCHOOL,2994,16,83,ACTIONSA,Ward
TSH,Ward 79900091,32952315,TENT - WEKKER & MARY ETHEL,7019,61,1811,AFRICAN NATIONAL CONGRESS,Ward
TSH,Ward 79900091,32952315,TENT - WEKKER & MARY ETHEL,7019,61,1408,DEMOCRATIC ALLIANCE,Ward
TSH,Ward 79900091,32952315,TENT - WEKKER & MARY ETHEL,7019,61,483,ECONOMIC FREEDOM FIGHTERS,Ward
TSH,Ward 79900091,32952315,TENT - WEKKER & MARY ETHEL,7019,61,322,ACTIONSA,Ward
TSH,Ward 79900091,32953349,TENT JOZINI & WEKKER,843,10,297,AFRICAN NATIONAL CONGRESS,Ward
TSH,Ward 79900091,32953349,TENT JOZINI & WEKKER,843,10,231,DEMOCRATIC ALLIANCE,Ward
TSH,Ward 79900091,32953349,TENT JOZINI & WEKKER,843,10,79,ECONOMIC FREEDOM FIGHTERS,Ward
TSH,Ward 79900091,32953349,TENT JOZINI & WEKKER,843,10,53,ACTIONSA,Ward
TSH,Ward 79900091,32953350,TENT LUCKYBEAN NEXT TO VISTARIA COMPLEX,929,11,312,AFRICAN NATIONAL CONGRESS,Ward
TSH,Ward 79900091,32953350,TENT LUCKYBEAN NEXT TO VISTARIA COMPLEX,929,11,243,DEMOCRATIC ALLIANCE,Ward
TSH,Ward 79900091,32953350,TENT LUCKYBEAN NEXT TO VISTARIA COMPLEX,929,11,83,ECONOMIC FREEDOM FIGHTERS,Ward
TSH,Ward 79900091,32953350,TENT LUCKYBEAN NEXT TO VISTARIA COMPLEX,929,11,55,ACTIONSA,Ward
TSH,Ward 79900092,32950469,PRETORIA TECHNICAL HIGH SCHOOL,2293,9,261,AFRICAN NATIONAL CONGRESS,Ward
TSH,Ward 79900092,32950469,PRETORIA TECHNICAL HIGH SCHOOL,2293,9,203,DEMOCRATIC ALLIANCE,Ward
TSH,Ward 79900092,32950469,PRETORIA TECHNICAL HIGH SCHOOL,2293,9,69,ECONOMIC FREEDOM FIGHTERS,Ward
TSH,Ward 79900092,32950469,PRETORIA TECHNICAL HIGH SCHOOL,2293,9,46,ACTIONSA,Ward
TSH,Ward 79900092,32950559,HOTEL 224,2676,12,341,AFRICAN NATIONAL CONGRESS,Ward
TSH,Ward 79900092,32950559,HOTEL 224,2676,12,265,DEMOCRATIC ALLIANCE,Ward
TSH,Ward 79900092,32950559,HOTEL 224,2676,12,91,ECONOMIC FREEDOM FIGHTERS,Ward
TSH,Ward 79900092,32950559,HOTEL 224,2676,12,61,ACTIONSA,Ward
TSH,Ward 79900092,32950560,TENT- UNION BUILDING OPEN SPACE,3265,12,368,AFRICAN NATIONAL CONGRESS,Ward
TSH,Ward 79900092,32950560,TENT- UNION BUILDING OPEN SPACE,3265,12,286,DEMOCRATIC ALLIANCE,Ward
TSH,Ward 79900092,32950560,TENT- UNION BUILDING OPEN SPACE,3265,12,98,ECONOMIC FREEDOM FIGHTERS,Ward
TSH,Ward 79900092,32950560,TENT- UNION BUILDING OPEN SPACE,3265,12,65,ACTIONSA,Ward
TSH,Ward 79900093,32951189,STANZA BOPAPE HIGH SCHOOL,1604,7,203,AFRICAN NATIONAL CONGRESS,Ward
TSH,Ward 79900093,32951189,STANZA BOPAPE HIGH SCHOOL,1604,7,158,DEMOCRATIC ALLIANCE,Ward
TSH,Ward 79900093,32951189,STANZA BOPAPE HIGH SCHOOL,1604,7,54,ECONOMIC FREEDOM FIGHTERS,Ward
TSH,Ward 79900093,32951189,STANZA BOPAPE HIGH SCHOOL,1604,7,36,ACTIONSA,Ward
TSH,Ward 79900093,32951820,NEW DAY MINISTRIES CHURCH,2335,9,279,AFRICAN NATIONAL CONGRESS,Ward
TSH,Ward 79900093,32951820,NEW DAY MINISTRIES CHURCH,2335,9,217,DEMOCRATIC ALLIANCE,Ward
TSH,Ward 79900093,32951820,NEW DAY MINISTRIES CHURCH,2335,9,74,ECONOMIC FREEDOM FIGHTERS,Ward
TSH,Ward 79900093,32951820,NEW DAY MINISTRIES CHURCH,2335,9,50,ACTIONSA,Ward
TSH,Ward 79900093,32952124,REFORMED APOSTOLIC CHURCH PHASE 1,1641,9,278,AFRICAN NATIONAL CONGRESS,Ward
TSH,Ward 79900093,32952124,REFORMED APOSTOLIC CHURCH PHASE 1,1641,9,216,DEMOCRATIC ALLIANCE,Ward
TSH,Ward 79900093,32952124,REFORMED APOSTOLIC CHURCH PHASE 1,1641,9,74,ECONOMIC FREEDOM FIGHTERS,Ward
TSH,Ward 79900093,32952124,REFORMED APOSTOLIC CHURCH PHASE 1,1641,9,49,ACTIONSA,Ward
TSH,Ward 79900094,32960202,TIAMOKO PRIMARY SCHOOL,1592,10,302,AFRICAN NATIONAL CONGRESS,Ward
TSH,Ward 79900094,32960202,TIAMOKO PRIMARY SCHOOL,1592,10,235,DEMOCRATIC ALLIANCE,Ward
TSH,Ward 79900094,32960202,TIAMOKO PRIMARY SCHOOL,1592,10,81,ECONOMIC FREEDOM FIGHTERS,Ward
TSH,Ward 79900094,32960202,TIAMOKO PRIMARY SCHOOL,1592,10,54,ACTIONSA,Ward
TSH,Ward 79900094,32960213,BAXOXELA PRIMARY SCHOOL,2214,16,474,AFRICAN NATIONAL CONGRESS,Ward
TSH,Ward 79900094,32960213,BAXOXELA PRIMARY SCHOOL,2214,16,369,DEMOCRATIC ALLIANCE,Ward
TSH,Ward 79900094,32960213,BAXOXELA PRIMARY SCHOOL,2214,16,126,ECONOMIC FREEDOM FIGHTERS,Ward
TSH,Ward 79900094,32960213,BAXOXELA PRIMARY SCHOOL,2214,16,84,ACTIONSA,Ward
TSH,Ward 79900094,32960224,PADISAGO PRIMARY SCHOOL,1550,10,296,AFRICAN NATIONAL CONGRESS,Ward
TSH,Ward 79900094,32960224,PADISAGO PRIMARY SCHOOL,1550,10,230,DEMOCRATIC ALLIANCE,Ward
TSH,Ward 79900094,32960224,PADISAGO PRIMARY SCHOOL,1550,10,79,ECONOMIC FREEDOM FIGHTERS,Ward
TSH,Ward 79900094,32960224,PADISAGO PRIMARY SCHOOL,1550,10,53,ACTIONSA,Ward
TSH,Ward 79900095,33170082,TENT NEXT TO PB ALGEMENE HANDELAAR,1711,12,343,AFRICAN NATIONAL CONGRESS,Ward
TSH,Ward 79900095,33170082,TENT NEXT TO PB ALGEMENE HANDELAAR,1711,12,267,DEMOCRATIC ALLIANCE,Ward
TSH,Ward 79900095,33170082,TENT NEXT TO PB ALGEMENE HANDELAAR,1711,12,92,ECONOMIC FREEDOM FIGHTERS,Ward
TSH,Ward 79900095,33170082,TENT NEXT TO PB ALGEMENE HANDELAAR,1711,12,61,ACTIONSA,Ward
TSH,Ward 79900095,86660848,ALFA HEALTH CENTRE,2095,10,295,AFRICAN NATIONAL CONGRESS,Ward
TSH,Ward 79900095,86660848,ALFA HEALTH CENTRE,2095,10,229,DEMOCRATIC ALLIANCE,Ward
TSH,Ward 79900095,86660848,ALFA HEALTH CENTRE,2095,10,79,ECONOMIC FREEDOM FIGHTERS,Ward
TSH,Ward 79900095,86660848,ALFA HEALTH CENTRE,2095,10,52,ACTIONSA,Ward
TSH,Ward 79900095,86660927,TENT - NO PROBLEM STORE,885,6,181,AFRICAN NATIONAL CONGRESS,Ward
TSH,Ward 79900095,86660927,TENT - NO PROBLEM STORE,885,6,141,DEMOCRATIC ALLIANCE,Ward
TSH,Ward 79900095,86660927,TENT - NO PROBLEM STORE,885,6,48,ECONOMIC FREEDOM FIGHTERS,Ward
TSH,Ward 79900095,86660927,TENT - NO PROBLEM STORE,885,6,32,ACTIONSA,Ward
TSH,Ward 79900096,32951707,NG KERK DOORNPOORT,4490,40,1192,AFRICAN NATIONAL CONGRESS,Ward
TSH,Ward 79900096,32951707,NG KERK DOORNPOORT,4490,40,927,DEMOCRATIC ALLIANCE,Ward
TSH,Ward 79900096,32951707,NG KERK DOORNPOORT,4490,40,318,ECONOMIC FREEDOM FIGHTERS,Ward
TSH,Ward 79900096,32951707,NG KERK DOORNPOORT,4490,40,212,ACTIONSA,Ward
TSH,Ward 79900096,32952067,PLOT/ 827 BACCARA,4063,24,712,AFRICAN NATIONAL CONGRESS,Ward
TSH,Ward 79900096,32952067,PLOT/ 827 BACCARA,4063,24,554,DEMOCRATIC ALLIANCE,Ward
TSH,Ward 79900096,32952067,PLOT/ 827 BACCARA,4063,24,190,ECONOMIC FREEDOM FIGHTERS,Ward
TSH,Ward 79900096,32952067,PLOT/ 827 BACCARA,4063,24,127,ACTIONSA,Ward
TSH,Ward 79900096,32952641,THORNRIDGE SECONDARY SCHOOL,1974,18,533,AFRICAN NATIONAL CONGRESS,Ward
TSH,Ward 79900096,32952641,THORNRIDGE SECONDARY SCHOOL,1974,18,415,DEMOCRATIC ALLIANCE,Ward
TSH,Ward 79900096,32952641,THORNRIDGE SECONDARY SCHOOL,1974,18,142,ECONOMIC FREEDOM FIGHTERS,Ward
TSH,Ward 79900096,32952641,THORNRIDGE SECONDARY SCHOOL,1974,18,95,ACTIONSA,Ward
TSH,Ward 79900097,32951729,THE GRACE OF THE LIVING GOD MINISTRIES,2878,12,342,AFRICAN NATIONAL CONGRESS,Ward
TSH,Ward 79900097,32951729,THE GRACE OF THE LIVING GOD MINISTRIES,2878,12,266,DEMOCRATIC ALLIANCE,Ward
TSH,Ward 79900097,32951729,THE GRACE OF THE LIVING GOD MINISTRIES,2878,12,91,ECONOMIC FREEDOM FIGHTERS,Ward
TSH,Ward 79900097,32951729,THE GRACE OF THE LIVING GOD MINISTRIES,2878,12,61,ACTIONSA,Ward
TSH,Ward 79900097,32952102,SEDIBA SA THUTO PRIMARY SCHOOL,2377,14,424,AFRICAN NATIONAL CONGRESS,Ward
TSH,Ward 79900097,32952102,SEDIBA SA THUTO PRIMARY SCHOOL,2377,14,330,DEMOCRATIC ALLIANCE,Ward
TSH,Ward 79900097,32952102,SEDIBA SA THUTO PRIMARY SCHOOL,2377,14,113,ECONOMIC FREEDOM FIGHTERS,Ward
TSH,Ward 79900097,32952102,SEDIBA SA THUTO PRIMARY SCHOOL,2377,14,75,ACTIONSA,Ward
TSH,Ward 79900097,32952157,ASSEMBLIES OF GOD-STANZA BOPAPE,2811,15,433,AFRICAN NATIONAL CONGRESS,Ward
TSH,Ward 79900097,32952157,ASSEMBLIES OF GOD-STANZA BOPAPE,2811,15,337,DEMOCRATIC ALLIANCE,Ward
TSH,Ward 79900097,32952157,ASSEMBLIES OF GOD-STANZA BOPAPE,2811,15,115,ECONOMIC FREEDOM FIGHTERS,Ward
TSH,Ward 79900097,32952157,ASSEMBLIES OF GOD-STANZA BOPAPE,2811,15,77,ACTIONSA,Ward
TSH,Ward 79900098,32951673,HOËRSKOOL GERRIT MARITZ,2017,17,514,AFRICAN NATIONAL CONGRESS,Ward
TSH,Ward 79900098,32951673,HOËRSKOOL GERRIT MARITZ,2017,17,400,DEMOCRATIC ALLIANCE,Ward
TSH,Ward 79900098,32951673,HOËRSKOOL GERRIT MARITZ,2017,17,137,ECONOMIC FREEDOM FIGHTERS,Ward
TSH,Ward 79900098,32951673,HOËRSKOOL GERRIT MARITZ,2017,17,91,ACTIONSA,Ward
TSH,Ward 79900098,32960482,THERESA PARK PRIMARY SCHOOL,3340,24,715,AFRICAN NATIONAL CONGRESS,Ward
TSH,Ward 79900098,32960482,THERESA PARK PRIMARY SCHOOL,3340,24,556,DEMOCRATIC ALLIANCE,Ward
TSH,Ward 79900098,32960482,THERESA PARK PRIMARY SCHOOL,3340,24,191,ECONOMIC FREEDOM FIGHTERS,Ward
TSH,Ward 79900098,32960482,THERESA PARK PRIMARY SCHOOL,3340,24,127,ACTIONSA,Ward
TSH,Ward 79900098,32960493,LAERSKOOL AKASIA,2617,16,478,AFRICAN NATIONAL CONGRESS,Ward
TSH,Ward 79900098,32960493,LAERSKOOL AKASIA,2617,16,372,DEMOCRATIC ALLIANCE,Ward
TSH,Ward 79900098,32960493,LAERSKOOL AKASIA,2617,16,127,ECONOMIC FREEDOM FIGHTERS,Ward
TSH,Ward 79900098,32960493,LAERSKOOL AKASIA,2617,16,85,ACTIONSA,Ward
TSH,Ward 79900099,33050012,REFILWE MUNICIPAL OFFICES,1683,8,249,AFRICAN NATIONAL CONGRESS,Ward
TSH,Ward 79900099,33050012,REFILWE MUNICIPAL OFFICES,1683,8,194,DEMOCRATIC ALLIANCE,Ward
TSH,Ward 79900099,33050012,REFILWE MUNICIPAL OFFICES,1683,8,66,ECONOMIC FREEDOM FIGHTERS,Ward
TSH,Ward 79900099,33050012,REFILWE MUNICIPAL OFFICES,1683,8,44,ACTIONSA,Ward
TSH,Ward 79900099,33050034,REFILWE LIBRARY,2364,12,369,AFRICAN NATIONAL CONGRESS,Ward
TSH,Ward 79900099,33050034,REFILWE LIBRARY,2364,12,287,DEMOCRATIC ALLIANCE,Ward
TSH,Ward 79900099,33050034,REFILWE LIBRARY,2364,12,98,ECONOMIC FREEDOM FIGHTERS,Ward
TSH,Ward 79900099,33050034,REFILWE LIBRARY,2364,12,66,ACTIONSA,Ward
TSH,Ward 79900099,33050089,CHOKOE PRIMARY SCHOOL,1697,10,281,AFRICAN NATIONAL CONGRESS,Ward
TSH,Ward 79900099,33050089,CHOKOE PRIMARY SCHOOL,1697,10,218,DEMOCRATIC ALLIANCE,Ward
TSH,Ward 79900099,33050089,CHOKOE PRIMARY SCHOOL,1697,10,75,ECONOMIC FREEDOM FIGHTERS,Ward
TSH,Ward 79900099,33050089,CHOKOE PRIMARY SCHOOL,1697,10,50,ACTIONSA,Ward
TSH,Ward 79900100,33050045,CULLINAN COMBINE SCHOOL,1846,15,455,AFRICAN NATIONAL CONGRESS,Ward
TSH,Ward 79900100,33050045,CULLINAN COMBINE SCHOOL,1846,15,354,DEMOCRATIC ALLIANCE,Ward
TSH,Ward 79900100,33050045,CULLINAN COMBINE SCHOOL,1846,15,121,ECONOMIC FREEDOM FIGHTERS,Ward
TSH,Ward 79900100,33050045,CULLINAN COMBINE SCHOOL,1846,15,81,ACTIONSA,Ward
TSH,Ward 79900100,33050056,RAYTON COMMUNITY HALL,2121,17,514,AFRICAN NATIONAL CONGRESS,Ward
TSH,Ward 79900100,33050056,RAYTON COMMUNITY HALL,2121,17,400,DEMOCRATIC ALLIANCE,Ward
TSH,Ward 79900100,33050056,RAYTON COMMUNITY HALL,2121,17,137,ECONOMIC FREEDOM FIGHTERS,Ward
TSH,Ward 79900100,33050056,RAYTON COMMUNITY HALL,2121,17,91,ACTIONSA,Ward
TSH,Ward 79900100,33050067,CHRIS HANI FLATS,289,0,8,AFRICAN NATIONAL CONGRESS,Ward
TSH,Ward 79900100,33050067,CHRIS HANI FLATS,289,0,6,DEMOCRATIC ALLIANCE,Ward
TSH,Ward 79900100,33050067,CHRIS HANI FLATS,289,0,2,ECONOMIC FREEDOM FIGHTERS,Ward
TSH,Ward 79900100,33050067,CHRIS HANI FLATS,289,0,1,ACTIONSA,Ward
TSH,Ward 79900101,32952506,TENT - OPEN SPACE OPP THE WILDS ESTATE,3613,29,846,AFRICAN NATIONAL CONGRESS,Ward
TSH,Ward 79900101,32952506,TENT - OPEN SPACE OPP THE WILDS ESTATE,3613,29,658,DEMOCRATIC ALLIANCE,Ward
TSH,Ward 79900101,32952506,TENT - OPEN SPACE OPP THE WILDS ESTATE,3613,29,226,ECONOMIC FREEDOM FIGHTERS,Ward
TSH,Ward 79900101,32952506,TENT - OPEN SPACE OPP THE WILDS ESTATE,3613,29,150,ACTIONSA,Ward
TSH,Ward 79900101,33110244,SILVERLAKES CLUB HOUSE,3540,36,1059,AFRICAN NATIONAL CONGRESS,Ward
TSH,Ward 79900101,33110244,SILVERLAKES CLUB HOUSE,3540,36,824,DEMOCRATIC ALLIANCE,Ward
TSH,Ward 79900101,33110244,SILVERLAKES CLUB HOUSE,3540,36,282,ECONOMIC FREEDOM FIGHTERS,Ward
TSH,Ward 79900101,33110244,SILVERLAKES CLUB HOUSE,3540,36,188,ACTIONSA,Ward
TSH,Ward 79900101,33110255,LAERSKOOL TYGERPOORT,3164,26,764,AFRICAN NATIONAL CONGRESS,Ward
TSH,Ward 79900101,33110255,LAERSKOOL TYGERPOORT,3164,26,594,DEMOCRATIC ALLIANCE,Ward
TSH,Ward 79900101,33110255,LAERSKOOL TYGERPOORT,3164,26,204,ECONOMIC FREEDOM FIGHTERS,Ward
TSH,Ward 79900101,33110255,LAERSKOOL TYGERPOORT,3164,26,136,ACTIONSA,Ward
TSH,Ward 79900102,33040033,MSHULUZANE MAISELA PRIMARY SCHOOL,2980,20,598,AFRICAN NATIONAL CONGRESS,Ward
TSH,Ward 79900102,33040033,MSHULUZANE MAISELA PRIMARY SCHOOL,2980,20,465,DEMOCRATIC ALLIANCE,Ward
TSH,Ward 79900102,33040033,MSHULUZANE MAISELA PRIMARY SCHOOL,2980,20,159,ECONOMIC FREEDOM FIGHTERS,Ward
TSH,Ward 79900102,33040033,MSHULUZANE MAISELA PRIMARY SCHOOL,2980,20,106,ACTIONSA,Ward
TSH,Ward 79900102,33040055,KGORO PRIMARY SCHOOL,1845,13,373,AFRICAN NATIONAL CONGRESS,Ward
TSH,Ward 79900102,33040055,KGORO PRIMARY SCHOOL,1845,13,290,DEMOCRATIC ALLIANCE,Ward
TSH,Ward 79900102,33040055,KGORO PRIMARY SCHOOL,1845,13,99,ECONOMIC FREEDOM FIGHTERS,Ward
TSH,Ward 79900102,33040055,KGORO PRIMARY SCHOOL,1845,13,66,ACTIONSA,Ward
TSH,Ward 79900102,33040066,BRONKHORSTSPRUIT PRIMARY SCHOOL,1632,11,334,AFRICAN NATIONAL CONGRESS,Ward
TSH,Ward 79900102,33040066,BRONKHORSTSPRUIT PRIMARY SCHOOL,1632,11,260,DEMOCRATIC ALLIANCE,Ward
TSH,Ward 79900102,33040066,BRONKHORSTSPRUIT PRIMARY SCHOOL,1632,11,89,ECONOMIC FREEDOM FIGHTERS,Ward
TSH,Ward 79900102,33040066,BRONKHORSTSPRUIT PRIMARY SCHOOL,1632,11,59,ACTIONSA,Ward
TSH,Ward 79900103,33040011,CHRISTIAN CATHOLIC CHURCH,1070,7,193,AFRICAN NATIONAL CONGRESS,Ward
TSH,Ward 79900103,33040011,CHRISTIAN CATHOLIC CHURCH,1070,7,150,DEMOCRATIC ALLIANCE,Ward
TSH,Ward 79900103,33040011,CHRISTIAN CATHOLIC CHURCH,1070,7,51,ECONOMIC FREEDOM FIGHTERS,Ward
TSH,Ward 79900103,33040011,CHRISTIAN CATHOLIC CHURCH,1070,7,34,ACTIONSA,Ward
TSH,Ward 79900103,33040022,COMMUNITY HALL RETHABISENG,1711,12,347,AFRICAN NATIONAL CONGRESS,Ward
TSH,Ward 79900103,33040022,COMMUNITY HALL RETHABISENG,1711,12,270,DEMOCRATIC ALLIANCE,Ward
TSH,Ward 79900103,33040022,COMMUNITY HALL RETHABISENG,1711,12,93,ECONOMIC FREEDOM FIGHTERS,Ward
TSH,Ward 79900103,33040022,COMMUNITY HALL RETHABISENG,1711,12,62,ACTIONSA,Ward
TSH,Ward 79900103,33040101,RETHABISENG PRIMARY SCHOOL,1702,11,330,AFRICAN NATIONAL CONGRESS,Ward
TSH,Ward 79900103,33040101,RETHABISENG PRIMARY SCHOOL,1702,11,257,DEMOCRATIC ALLIANCE,Ward
TSH,Ward 79900103,33040101,RETHABISENG PRIMARY SCHOOL,1702,11,88,ECONOMIC FREEDOM FIGHTERS,Ward
TSH,Ward 79900103,33040101,RETHABISENG PRIMARY SCHOOL,1702,11,59,ACTIONSA,Ward
TSH,Ward 79900104,54510016,ZIVUSENI COMBINED SCHOOL,1235,8,234,AFRICAN NATIONAL CONGRESS,Ward
TSH,Ward 79900104,54510016,ZIVUSENI COMBINED SCHOOL,1235,8,182,DEMOCRATIC ALLIANCE,Ward
TSH,Ward 79900104,54510016,ZIVUSENI COMBINED SCHOOL,1235,8,63,ECONOMIC FREEDOM FIGHTERS,Ward
TSH,Ward 79900104,54510016,ZIVUSENI COMBINED SCHOOL,1235,8,42,ACTIONSA,Ward
TSH,Ward 79900104,54510027,SITJHEJIWE SECONDARY SCHOOL,2632,14,419,AFRICAN NATIONAL CONGRESS,Ward
TSH,Ward 79900104,54510027,SITJHEJIWE SECONDARY SCHOOL,2632,14,326,DEMOCRATIC ALLIANCE,Ward
TSH,Ward 79900104,54510027,SITJHEJIWE SECONDARY SCHOOL,2632,14,112,ECONOMIC FREEDOM FIGHTERS,Ward
TSH,Ward 79900104,54510027,SITJHEJIWE SECONDARY SCHOOL,2632,14,75,ACTIONSA,Ward
TSH,Ward 79900104,54510061,MANDLOMSOBO COMBINED SCHOOL,1373,8,240,AFRICAN NATIONAL CONGRESS,Ward
TSH,Ward 79900104,54510061,MANDLOMSOBO COMBINED SCHOOL,1373,8,187,DEMOCRATIC ALLIANCE,Ward
TSH,Ward 79900104,54510061,MANDLOMSOBO COMBINED SCHOOL,1373,8,64,ECONOMIC FREEDOM FIGHTERS,Ward
TSH,Ward 79900104,54510061,MANDLOMSOBO COMBINED SCHOOL,1373,8,43,ACTIONSA,Ward
TSH,Ward 79900105,33040044,R.J SEKGOLELA CENTRE,2051,11,323,AFRICAN NATIONAL CONGRESS,Ward
TSH,Ward 79900105,33040044,R.J SEKGOLELA CENTRE,2051,11,251,DEMOCRATIC ALLIANCE,Ward
TSH,Ward 79900105,33040044,R.J SEKGOLELA CENTRE,2051,11,86,ECONOMIC FREEDOM FIGHTERS,Ward
TSH,Ward 79900105,33040044,R.J SEKGOLELA CENTRE,2051,11,57,ACTIONSA,Ward
TSH,Ward 79900105,33040077,LAERSKOOL DU PREEZ VAN WYK,1925,15,430,AFRICAN NATIONAL CONGRESS,Ward
TSH,Ward 79900105,33040077,LAERSKOOL DU PREEZ VAN WYK,1925,15,334,DEMOCRATIC ALLIANCE,Ward
TSH,Ward 79900105,33040077,LAERSKOOL DU PREEZ VAN WYK,1925,15,115,ECONOMIC FREEDOM FIGHTERS,Ward
TSH,Ward 79900105,33040077,LAERSKOOL DU PREEZ VAN WYK,1925,15,76,ACTIONSA,Ward
TSH,Ward 79900105,33040088,KAIA MANZI LODGE,831,8,222,AFRICAN NATIONAL CONGRESS,Ward
TSH,Ward 79900105,33040088,KAIA MANZI LODGE,831,8,173,DEMOCRATIC ALLIANCE,Ward
TSH,Ward 79900105,33040088,KAIA MANZI LODGE,831,8,59,ECONOMIC FREEDOM FIGHTERS,Ward
TSH,Ward 79900105,33040088,KAIA MANZI LODGE,831,8,40,ACTIONSA,Ward
TSH,Ward 79900106,32980305,TENT - NEXT TO OLD PHILENA MIDDLE SCHOOL,827,4,118,AFRICAN NATIONAL CONGRESS,Ward
TSH,Ward 79900106,32980305,TENT - NEXT TO OLD PHILENA MIDDLE SCHOOL,827,4,92,DEMOCRATIC ALLIANCE,Ward
TSH,Ward 79900106,32980305,TENT - NEXT TO OLD PHILENA MIDDLE SCHOOL,827,4,32,ECONOMIC FREEDOM FIGHTERS,Ward
TSH,Ward 79900106,32980305,TENT - NEXT TO OLD PHILENA MIDDLE SCHOOL,827,4,21,ACTIONSA,Ward
TSH,Ward 79900106,32980372,WALTER SISULU PRIMARY SCHOOL,7134,32,947,AFRICAN NATIONAL CONGRESS,Ward
TSH,Ward 79900106,32980372,WALTER SISULU PRIMARY SCHOOL,7134,32,737,DEMOCRATIC ALLIANCE,Ward
TSH,Ward 79900106,32980372,WALTER SISULU PRIMARY SCHOOL,7134,32,253,ECONOMIC FREEDOM FIGHTERS,Ward
TSH,Ward 79900106,32980372,WALTER SISULU PRIMARY SCHOOL,7134,32,168,ACTIONSA,Ward
TSH,Ward 79900106,32980417,OLIEVENHOUTBOSCH CHRISTIAN-SCHOOL,4699,22,644,AFRICAN NATIONAL CONGRESS,Ward
TSH,Ward 79900106,32980417,OLIEVENHOUTBOSCH CHRISTIAN-SCHOOL,4699,22,501,DEMOCRATIC ALLIANCE,Ward
TSH,Ward 79900106,32980417,OLIEVENHOUTBOSCH CHRISTIAN-SCHOOL,4699,22,172,ECONOMIC FREEDOM FIGHTERS,Ward
TSH,Ward 79900106,32980417,OLIEVENHOUTBOSCH CHRISTIAN-SCHOOL,4699,22,114,ACTIONSA,Ward
TSH,Ward 79900107,32951808,WORD ALIVE CHRISTIAN CHURCH,4164,21,630,AFRICAN NATIONAL CONGRESS,Ward
TSH,Ward 79900107,32951808,WORD ALIVE CHRISTIAN CHURCH,4164,21,490,DEMOCRATIC ALLIANCE,Ward
TSH,Ward 79900107,32951808,WORD ALIVE CHRISTIAN CHURCH,4164,21,168,ECONOMIC FREEDOM FIGHTERS,Ward
TSH,Ward 79900107,32951808,WORD ALIVE CHRISTIAN CHURCH,4164,21,112,ACTIONSA,Ward
TSH,Ward 79900107,33280084,GRACE CHRISTIAN WORSHIP CENTRE,6349,31,928,AFRICAN NATIONAL CONGRESS,Ward
TSH,Ward 79900107,33280084,GRACE CHRISTIAN WORSHIP CENTRE,6349,31,722,DEMOCRATIC ALLIANCE,Ward
TSH,Ward 79900107,33280084,GRACE CHRISTIAN WORSHIP CENTRE,6349,31,248,ECONOMIC FREEDOM FIGHTERS,Ward
TSH,Ward 79900107,33280084,GRACE CHRISTIAN WORSHIP CENTRE,6349,31,165,ACTIONSA,Ward
TSH,Ward 79900107,33280095,OASIS DAY CARE AND COMMUNITY CRECHE,2273,13,397,AFRICAN NATIONAL CONGRESS,Ward
TSH,Ward 79900107,33280095,OASIS DAY CARE AND COMMUNITY CRECHE,2273,13,309,DEMOCRATIC ALLIANCE,Ward
TSH,Ward 79900107,33280095,OASIS DAY CARE AND COMMUNITY CRECHE,2273,13,106,ECONOMIC FREEDOM FIGHTERS,Ward
TSH,Ward 79900107,33280095,OASIS DAY CARE AND COMMUNITY CRECHE,2273,13,71,ACTIONSA,Ward
