ward_id,metro,registered,valid,spoilt,n_vd,turnout,spoilt_rate,winner,winner_share,margin,enp,share_ANC,share_DA,share_EFF,share_ActionSA,tent_share,deprivation_score,pred_turnout,ward_gap_pp,risk_tier,forecast_2026,forecast_lo,forecast_hi,ward_num,top_vds
79700001,Ekurhuleni,16935,11911,161,9,0.7128,0.0133,DA,0.592,0.3508,2.3407,0.2412,0.592,0.1349,0.0,0.0262,0.4407,0.5038,20.9054,Low risk,0.6989,0.6469,0.7509,1,"[{'VotingDistrict': 32910230, 'station': 'OLIFANTFONTEIN COMMUNITY HALL', 'station_type': 'Hall/Centre', 'registered': 1982, 'turnout': 0.5322906155398587, 'tent': 0}, {'VotingDistrict': 32910331, 'station': 'MIDSTREAM COLLEGE', 'station_type': 'School', 'registered': 3720, 'turnout': 0.7889784946236559, 'tent': 0}, {'VotingDistrict': 32910375, 'station': 'HOSANNA KINGDOM CHURCH', 'station_type': 'Church', 'registered': 2272, 'turnout': 0.5532570422535211, 'tent': 0}]"
79700002,Ekurhuleni,14109,6348,137,6,0.4596,0.0211,ANC,0.544,0.2109,2.4144,0.544,0.0695,0.333,0.0,0.0,0.6574,0.4072,5.2398,Low risk,0.4438,0.3918,0.4958,2,"[{'VotingDistrict': 32890080, 'station': 'ASSEMBLIES OF GOD.', 'station_type': 'Other', 'registered': 1831, 'turnout': 0.3200436919716002, 'tent': 0}, {'VotingDistrict': 32890103, 'station': 'ENTSHONALANGA PRIMARY SCHOOL', 'station_type': 'School', 'registered': 3343, 'turnout': 0.4795094226742447, 'tent': 0}, {'VotingDistrict': 32890114, 'station': 'TLAMATLAMA PRIMARY SCHOOL', 'station_type': 'School', 'registered': 2460, 'turnout': 0.5166666666666667, 'tent': 0}]"
79700003,Ekurhuleni,14856,5728,227,4,0.4008,0.0381,ANC,0.4804,0.0237,2.2629,0.4804,0.048,0.4567,0.0,0.0,0.6797,0.4036,-0.2738,Medium risk,0.3985,0.3465,0.4505,3,"[{'VotingDistrict': 32890068, 'station': 'WINNIE MANDELA SECONDARY SCHOOL.', 'station_type': 'School', 'registered': 5137, 'turnout': 0.40490558691843487, 'tent': 0}, {'VotingDistrict': 32890079, 'station': 'WINNIE MANDELA PRIMARY SCHOOL', 'station_type': 'School', 'registered': 3943, 'turnout': 0.3532843012934314, 'tent': 0}, {'VotingDistrict': 32890091, 'station': 'REAGILE PRIMARY SCHOOL', 'station_type': 'School', 'registered': 4491, 'turnout': 0.4148296593186373, 'tent': 0}]"
79700004,Ekurhuleni,11875,5920,136,5,0.51,0.0225,ANC,0.7316,0.5698,1.7631,0.7316,0.0662,0.1618,0.0,0.0,0.6637,0.4229,8.7075,Low risk,0.5175,0.4655,0.5695,4,"[{'VotingDistrict': 32890192, 'station': 'MARHULANA PRIMARY SCHOOL', 'station_type': 'School', 'registered': 2336, 'turnout': 0.5428082191780822, 'tent': 0}, {'VotingDistrict': 32890204, 'station': 'SHUKUMANI PRIMARY SCHOOL', 'station_type': 'School', 'registered': 2826, 'turnout': 0.49044585987261147, 'tent': 0}, {'VotingDistrict': 32890215, 'station': 'ECALENI PRIMARY SCHOOL', 'station_type': 'School', 'registered': 1724, 'turnout': 0.5382830626450116, 'tent': 0}]"
79700005,Ekurhuleni,12413,5886,117,6,0.4836,0.0195,ANC,0.5906,0.2963,2.2623,0.5906,0.0686,0.2943,0.0,0.0,0.6538,0.4108,7.2825,Low risk,0.4656,0.4136,0.5176,5,"[{'VotingDistrict': 32890158, 'station': 'BOITUMELONG SENIOR SECONDARY  SCHOOL', 'station_type': 'School', 'registered': 2665, 'turnout': 0.47617260787992494, 'tent': 0}, {'VotingDistrict': 32890169, 'station': 'THLAKANANG PRIMARY SCHOOL', 'station_type': 'School', 'registered': 3059, 'turnout': 0.466492317750899, 'tent': 0}, {'VotingDistrict': 32890259, 'station': 'SEDIBENG PRIMARY SCHOOL', 'station_type': 'School', 'registered': 1958, 'turnout': 0.5449438202247191, 'tent': 0}]"
79700006,Ekurhuleni,11995,5734,156,6,0.491,0.0265,ANC,0.7183,0.5326,1.8012,0.7183,0.0586,0.1857,0.0,0.0,0.6721,0.4204,7.0654,Low risk,0.4728,0.4208,0.5248,6,"[{'VotingDistrict': 32890293, 'station': 'MVELAPHANDA PRIMARY SCHOOL', 'station_type': 'School', 'registered': 2452, 'turnout': 0.46288743882544864, 'tent': 0}, {'VotingDistrict': 32890338, 'station': 'TEMBISA HIGH SCHOOL', 'station_type': 'School', 'registered': 1293, 'turnout': 0.47641144624903325, 'tent': 0}, {'VotingDistrict': 32890349, 'station': 'CHILD ACADEMY EDUCARE CENTRE', 'station_type': 'School', 'registered': 1768, 'turnout': 0.5090497737556561, 'tent': 0}]"
79700007,Ekurhuleni,12336,6239,106,6,0.5143,0.0167,ANC,0.6137,0.368,2.231,0.6137,0.0987,0.2457,0.0,0.0,0.6359,0.4171,9.7248,Low risk,0.5226,0.4706,0.5746,7,"[{'VotingDistrict': 32890305, 'station': 'THUTO KE MATLA COMPREHENSIVE SCHOOL', 'station_type': 'School', 'registered': 2170, 'turnout': 0.4751152073732719, 'tent': 0}, {'VotingDistrict': 32890316, 'station': 'TRANSVAAL BASOTHO LUTHERN CHURCH', 'station_type': 'Church', 'registered': 3050, 'turnout': 0.4763934426229508, 'tent': 0}, {'VotingDistrict': 32890327, 'station': 'BERTHARRY ENGLISH PRIVATE SCHOOL', 'station_type': 'School', 'registered': 3477, 'turnout': 0.455277538107564, 'tent': 0}]"
79700008,Ekurhuleni,15122,7395,240,6,0.5049,0.0314,ANC,0.5881,0.314,2.3239,0.5881,0.0738,0.2741,0.0,0.0,0.6426,0.4111,9.376,Low risk,0.5013,0.4493,0.5533,8,"[{'VotingDistrict': 32890260, 'station': 'EMANGWENI PRIMARY SCHOOL', 'station_type': 'School', 'registered': 3430, 'turnout': 0.4364431486880466, 'tent': 0}, {'VotingDistrict': 32890271, 'station': 'UNITED CONGREGATIONAL CHURCH OF S.A.', 'station_type': 'Church', 'registered': 3218, 'turnout': 0.4257302672467371, 'tent': 0}, {'VotingDistrict': 32890709, 'station': 'MUNICIPAL BUILDING ESSELENPARK EXT. 1', 'station_type': 'Other', 'registered': 4138, 'turnout': 0.4900918318028033, 'tent': 0}]"
79700009,Ekurhuleni,11767,5102,92,4,0.4414,0.0177,ANC,0.6105,0.3499,2.2243,0.6105,0.0849,0.2607,0.0,0.0,0.6717,0.4148,2.6647,Low risk,0.4211,0.3691,0.4731,9,"[{'VotingDistrict': 32890361, 'station': 'SEOTLOANA PRIMARY SCHOOL', 'station_type': 'School', 'registered': 4042, 'turnout': 0.4292429490351311, 'tent': 0}, {'VotingDistrict': 32890372, 'station': 'BULAMEHLO CREHCHE', 'station_type': 'Other', 'registered': 2957, 'turnout': 0.4010821778829895, 'tent': 0}, {'VotingDistrict': 32890383, 'station': 'GEREFORMEERDE KERK TEMBISA WEST', 'station_type': 'Church', 'registered': 1743, 'turnout': 0.5048766494549627, 'tent': 0}]"
79700010,Ekurhuleni,12049,5929,175,4,0.5066,0.0287,ANC,0.6556,0.4238,2.0449,0.6556,0.0521,0.2317,0.0,0.0,0.6573,0.414,9.2582,Low risk,0.4995,0.4475,0.5515,10,"[{'VotingDistrict': 32890394, 'station': 'BOJELONG PRIMARY SCHOOL', 'station_type': 'School', 'registered': 3525, 'turnout': 0.5163120567375886, 'tent': 0}, {'VotingDistrict': 32890417, 'station': 'WELAMLAMBO PRIMARY SCHOOL', 'station_type': 'School', 'registered': 1760, 'turnout': 0.43011363636363636, 'tent': 0}, {'VotingDistrict': 32900150, 'station': 'KHATLAMPING PRIMARY SCHOOL', 'station_type': 'School', 'registered': 4128, 'turnout': 0.5266472868217055, 'tent': 0}]"
79700011,Ekurhuleni,14807,7215,119,5,0.4953,0.0162,ANC,0.6869,0.4967,1.9431,0.6869,0.057,0.1902,0.0,0.0,0.6659,0.4178,7.7537,Low risk,0.4735,0.4215,0.5255,11,"[{'VotingDistrict': 32900161, 'station': 'IPONTSHE PRIMARY SCHOOL', 'station_type': 'School', 'registered': 3302, 'turnout': 0.49182313749242884, 'tent': 0}, {'VotingDistrict': 32900172, 'station': 'METHODIST CHURCH OF SA', 'station_type': 'Church', 'registered': 2657, 'turnout': 0.47835905156191194, 'tent': 0}, {'VotingDistrict': 32900183, 'station': 'PHUTHUMANI PRIMARY SCHOOL', 'station_type': 'School', 'registered': 4076, 'turnout': 0.47546614327772324, 'tent': 0}]"
79700012,Ekurhuleni,15485,6965,123,4,0.4577,0.0174,ANC,0.512,0.208,2.7289,0.512,0.0807,0.3039,0.0,0.0,0.6506,0.4043,5.3412,Low risk,0.437,0.385,0.489,12,"[{'VotingDistrict': 32900116, 'station': 'OR TAMBO PRIMARY SCHOOL', 'station_type': 'School', 'registered': 5210, 'turnout': 0.4650671785028791, 'tent': 0}, {'VotingDistrict': 32900127, 'station': 'PHOMOLONG PRIMARY SCHOOL', 'station_type': 'School', 'registered': 5112, 'turnout': 0.4753521126760563, 'tent': 0}, {'VotingDistrict': 32900149, 'station': 'PETER ZONGWANE PRIMARY SCHOOL', 'station_type': 'School', 'registered': 4695, 'turnout': 0.41661341853035144, 'tent': 0}]"
79700013,Ekurhuleni,13594,7174,87,3,0.5341,0.012,ANC,0.4416,0.1733,3.0097,0.4416,0.2683,0.254,0.0,0.0,0.5588,0.4278,10.6326,Low risk,0.5217,0.4697,0.5737,13,"[{'VotingDistrict': 32890529, 'station': 'BIRCH ACRES PRIMARY SCHOOL', 'station_type': 'School', 'registered': 4257, 'turnout': 0.6347192858820766, 'tent': 0}, {'VotingDistrict': 32890697, 'station': 'DOMINION LIFE CATHEDRAL CHURCH ( BIRCH ACRES)', 'station_type': 'Church', 'registered': 3741, 'turnout': 0.5121625233894681, 'tent': 0}, {'VotingDistrict': 32900138, 'station': 'PHOMOLONG SECONDARY SCHOOL', 'station_type': 'School', 'registered': 5596, 'turnout': 0.47230164403145103, 'tent': 0}]"
79700014,Ekurhuleni,14728,7609,139,6,0.5261,0.0179,ANC,0.6864,0.5438,1.9771,0.6864,0.0965,0.1426,0.0,0.0,0.6421,0.4245,10.1542,Low risk,0.4816,0.4296,0.5336,14,"[{'VotingDistrict': 32890428, 'station': 'NYIKO PRIMARY SCHOOL', 'station_type': 'School', 'registered': 3193, 'turnout': 0.49859066708424676, 'tent': 0}, {'VotingDistrict': 32890439, 'station': 'MASISEBENZE COMPREHENSIVE SCHOOL', 'station_type': 'School', 'registered': 3640, 'turnout': 0.49862637362637363, 'tent': 0}, {'VotingDistrict': 32890440, 'station': 'MASIQHAKAZE SECONDARY SCHOOL', 'station_type': 'School', 'registered': 2708, 'turnout': 0.5542836041358936, 'tent': 0}]"
79700015,Ekurhuleni,16287,11043,68,4,0.6822,0.0061,DA,0.8791,0.8185,1.2855,0.0606,0.8791,0.022,0.0,0.0,0.2823,0.5965,8.5729,Low risk,0.6359,0.5839,0.6879,15,"[{'VotingDistrict': 32890013, 'station': 'LAERSKOOL KRUINSIG', 'station_type': 'School', 'registered': 6256, 'turnout': 0.6123721227621484, 'tent': 0}, {'VotingDistrict': 32890507, 'station': 'WYNAND MARAIS HALL', 'station_type': 'Hall/Centre', 'registered': 4448, 'turnout': 0.6432104316546763, 'tent': 0}, {'VotingDistrict': 32890552, 'station': 'HOËRSKOOL JEUGLAND', 'station_type': 'Other', 'registered': 4133, 'turnout': 0.740140333897895, 'tent': 0}]"
79700016,Ekurhuleni,14302,9102,49,5,0.6398,0.0054,DA,0.7915,0.6839,1.5578,0.1076,0.7915,0.0544,0.0,0.0,0.3303,0.5706,6.9287,Low risk,0.6122,0.5602,0.6642,16,"[{'VotingDistrict': 32890024, 'station': 'ASTON MANOR PRIMARY SCHOOL', 'station_type': 'School', 'registered': 2752, 'turnout': 0.7278343023255814, 'tent': 0}, {'VotingDistrict': 32890046, 'station': 'THE OLD APOSTOLIC CHURCH', 'station_type': 'Church', 'registered': 3093, 'turnout': 0.72971225347559, 'tent': 0}, {'VotingDistrict': 32890585, 'station': 'CIVIC CENTRE KEMPTON PARK', 'station_type': 'Hall/Centre', 'registered': 4159, 'turnout': 0.4323154604472229, 'tent': 0}]"
79700017,Ekurhuleni,15327,9921,45,4,0.6502,0.0045,DA,0.8016,0.6943,1.5214,0.1073,0.8016,0.0496,0.0,0.0,0.3231,0.5731,7.7095,Low risk,0.6155,0.5635,0.6675,17,"[{'VotingDistrict': 32890035, 'station': 'LAERSKOOL KEMPTON PARK', 'station_type': 'School', 'registered': 3503, 'turnout': 0.4450471024835855, 'tent': 0}, {'VotingDistrict': 32890608, 'station': 'CRESSLAWN PRIMARY SCHOOL', 'station_type': 'School', 'registered': 4215, 'turnout': 0.631791221826809, 'tent': 0}, {'VotingDistrict': 33020480, 'station': 'SUMMERFIELD PRIMARY SCHOOL', 'station_type': 'School', 'registered': 4567, 'turnout': 0.7858550470768557, 'tent': 0}]"
79700018,Ekurhuleni,15948,10857,44,4,0.6835,0.004,DA,0.8993,0.8251,1.2276,0.0742,0.8993,0.0154,0.0,0.0,0.2787,0.5999,8.3631,Low risk,0.6677,0.6157,0.7197,18,"[{'VotingDistrict': 32900037, 'station': 'TRINITY PRESBYTERIAN CHURCH', 'station_type': 'Church', 'registered': 2540, 'turnout': 0.7228346456692913, 'tent': 0}, {'VotingDistrict': 32900048, 'station': 'EDENVALE COMMUNITY CENTRE', 'station_type': 'Hall/Centre', 'registered': 3390, 'turnout': 0.6581120943952803, 'tent': 0}, {'VotingDistrict': 32900082, 'station': 'EDENGLEN PRIMARY SCHOOL', 'station_type': 'School', 'registered': 6793, 'turnout': 0.6809951420580009, 'tent': 0}]"
79700019,Ekurhuleni,14075,9580,202,5,0.695,0.0207,DA,0.9485,0.9237,1.1104,0.0,0.9485,0.0248,0.0,0.0,0.2501,0.6175,7.7455,Low risk,0.6605,0.6085,0.7125,19,"[{'VotingDistrict': 32900015, 'station': 'DUNVEGAN PRIMARY SCHOOL', 'station_type': 'School', 'registered': 3236, 'turnout': 0.727132262051916, 'tent': 0}, {'VotingDistrict': 32900026, 'station': 'EDENVALE HIGH SCHOOL', 'station_type': 'School', 'registered': 2601, 'turnout': 0.7220299884659747, 'tent': 0}, {'VotingDistrict': 32900059, 'station': 'NEWDAY  CHURCH', 'station_type': 'Church', 'registered': 1974, 'turnout': 0.6458966565349544, 'tent': 0}]"
79700020,Ekurhuleni,15884,11010,61,5,0.697,0.0055,DA,0.874,0.7841,1.2943,0.0899,0.874,0.024,0.0,0.0,0.2813,0.5924,10.4544,Low risk,0.6549,0.6029,0.7069,20,"[{'VotingDistrict': 33060800, 'station': 'BEDFORDVIEW HIGH SCHOOL', 'station_type': 'School', 'registered': 1863, 'turnout': 0.6494900697799249, 'tent': 0}, {'VotingDistrict': 33060811, 'station': 'BEDFORDVIEW CITY HALL', 'station_type': 'Hall/Centre', 'registered': 4944, 'turnout': 0.6379449838187702, 'tent': 0}, {'VotingDistrict': 33060822, 'station': 'CORNERSTONE CHURCH', 'station_type': 'Church', 'registered': 2227, 'turnout': 0.7310282891782667, 'tent': 0}]"
79700021,Ekurhuleni,14205,5383,230,5,0.3951,0.041,ANC,0.5241,0.217,2.6377,0.5241,0.0788,0.3071,0.0,0.0,0.6811,0.4055,-1.0367,Medium risk,0.4053,0.3533,0.4573,21,"[{'VotingDistrict': 33020514, 'station': 'THEMBELIHLE DAY CARE CENTRE', 'station_type': 'Hall/Centre', 'registered': 3976, 'turnout': 0.426307847082495, 'tent': 0}, {'VotingDistrict': 33020716, 'station': 'JERUSALEM CHURCH', 'station_type': 'Church', 'registered': 2415, 'turnout': 0.48530020703933746, 'tent': 0}, {'VotingDistrict': 33020727, 'station': 'TSWELOPELE PRE SCHOOL AND CRECHE', 'station_type': 'School', 'registered': 1117, 'turnout': 0.4243509400179051, 'tent': 0}]"
79700022,Ekurhuleni,15172,10460,46,4,0.6925,0.0044,DA,0.8557,0.7966,1.3551,0.0592,0.8557,0.0231,0.0,0.0,0.2833,0.591,10.1448,Low risk,0.6683,0.6163,0.7203,22,"[{'VotingDistrict': 33020536, 'station': 'LAERSKOOL CONCORDIA', 'station_type': 'School', 'registered': 4821, 'turnout': 0.6965359883841526, 'tent': 0}, {'VotingDistrict': 33020569, 'station': 'LAERSKOOL GOUDRAND', 'station_type': 'School', 'registered': 3981, 'turnout': 0.6206983170057775, 'tent': 0}, {'VotingDistrict': 33020570, 'station': 'WHISPERING WILLOW CONFERENCE CENTRE', 'station_type': 'Hall/Centre', 'registered': 2220, 'turnout': 0.727027027027027, 'tent': 0}]"
79700023,Ekurhuleni,14105,10048,73,5,0.7175,0.0072,DA,0.8779,0.8131,1.2887,0.0648,0.8779,0.0212,0.0,0.0,0.2674,0.5958,12.178,Low risk,0.697,0.645,0.749,23,"[{'VotingDistrict': 32890057, 'station': 'BONAERO PARK PRIMARY SCHOOL', 'station_type': 'School', 'registered': 4792, 'turnout': 0.6454507512520868, 'tent': 0}, {'VotingDistrict': 32890866, 'station': 'EVANGELICAL LUTHERAN CONGREGATION  - KEMPTON PARK', 'station_type': 'Other', 'registered': 1022, 'turnout': 0.8884540117416829, 'tent': 0}, {'VotingDistrict': 33010625, 'station': 'LADY FATIMA CHURCH', 'station_type': 'Church', 'registered': 3559, 'turnout': 0.7296993537510537, 'tent': 0}]"
79700024,Ekurhuleni,14815,9602,229,5,0.6636,0.0233,DA,0.7169,0.5318,1.8107,0.1852,0.7169,0.0566,0.0,0.0,0.3499,0.5443,11.9268,Low risk,0.6223,0.5703,0.6743,24,"[{'VotingDistrict': 33010580, 'station': 'MUSIC ACADEMY OF GAUTENG', 'station_type': 'School', 'registered': 1198, 'turnout': 0.5392320534223706, 'tent': 0}, {'VotingDistrict': 33010591, 'station': 'CRYSTAL PARK HEALTH CLINIC', 'station_type': 'Other', 'registered': 2868, 'turnout': 0.5920502092050209, 'tent': 0}, {'VotingDistrict': 33010614, 'station': 'KATHSTAN COLLEGE', 'station_type': 'School', 'registered': 2913, 'turnout': 0.7161002403020941, 'tent': 0}]"
79700025,Ekurhuleni,14998,9778,68,7,0.6565,0.0069,DA,0.7416,0.5712,1.72,0.1704,0.7416,0.0337,0.0,0.0,0.3447,0.552,10.4445,Low risk,0.6286,0.5766,0.6806,25,"[{'VotingDistrict': 32890226, 'station': 'BREDEL LAERSKOOL', 'station_type': 'School', 'registered': 4381, 'turnout': 0.6156128737731111, 'tent': 0}, {'VotingDistrict': 32890877, 'station': 'OOSRAND AKADEMIE', 'station_type': 'Other', 'registered': 2491, 'turnout': 0.853472501003613, 'tent': 0}, {'VotingDistrict': 33010568, 'station': 'PUTFONTEIN PRIMARY SCHOOL', 'station_type': 'School', 'registered': 1821, 'turnout': 0.7199341021416804, 'tent': 0}]"
79700026,Ekurhuleni,15223,7465,212,6,0.5043,0.0276,ANC,0.6216,0.4729,2.3075,0.6216,0.0718,0.1487,0.0,0.0,0.6483,0.4155,8.8779,Low risk,0.4908,0.4388,0.5428,26,"[{'VotingDistrict': 33010142, 'station': 'BARCELONA SHOW HOUSES(WATER TANK)', 'station_type': 'Other', 'registered': 3101, 'turnout': 0.48306997742663654, 'tent': 0}, {'VotingDistrict': 33010153, 'station': 'ETWATWA EXT 23 NEW SCHOOL', 'station_type': 'School', 'registered': 1943, 'turnout': 0.5476067936181163, 'tent': 0}, {'VotingDistrict': 33010164, 'station': 'ELOHIM COMMUNITY CHURCH', 'station_type': 'Church', 'registered': 2864, 'turnout': 0.5261871508379888, 'tent': 0}]"
79700027,Ekurhuleni,16207,11696,38,4,0.724,0.0032,DA,0.9189,0.8839,1.1818,0.035,0.9189,0.0115,0.0,0.0,0.2497,0.6083,11.5746,Low risk,0.685,0.633,0.737,27,"[{'VotingDistrict': 33010647, 'station': 'EAST RAND SPEEDBOAT CLUB', 'station_type': 'Other', 'registered': 3665, 'turnout': 0.7517053206002728, 'tent': 0}, {'VotingDistrict': 33010658, 'station': 'ST ANDREWS COMMUNITY CHURCH', 'station_type': 'Church', 'registered': 3872, 'turnout': 0.7151342975206612, 'tent': 0}, {'VotingDistrict': 33010669, 'station': 'JOHN BARRABLE HALL', 'station_type': 'Hall/Centre', 'registered': 4644, 'turnout': 0.7314814814814815, 'tent': 0}]"
79700028,Ekurhuleni,12531,8679,48,3,0.6964,0.0055,DA,0.9062,0.8503,1.2125,0.0559,0.9062,0.0084,0.0,0.0,0.2684,0.6033,9.3153,Low risk,0.6812,0.6292,0.7332,28,"[{'VotingDistrict': 33010681, 'station': 'BELVEDERE SCHOOL', 'station_type': 'School', 'registered': 5082, 'turnout': 0.7180243998425817, 'tent': 0}, {'VotingDistrict': 33010715, 'station': 'BENONI BAPTIST CHURCH', 'station_type': 'Church', 'registered': 3807, 'turnout': 0.7375886524822695, 'tent': 0}, {'VotingDistrict': 33010726, 'station': 'GAUTENG EASTERN TENNIS ASSOCIATION', 'station_type': 'Other', 'registered': 3642, 'turnout': 0.6232839099395936, 'tent': 0}]"
79700029,Ekurhuleni,12822,6436,103,5,0.51,0.0158,DA,0.4386,0.0612,2.8744,0.3774,0.4386,0.0339,0.0,0.0,0.5175,0.4537,5.6259,Low risk,0.4857,0.4337,0.5377,29,"[{'VotingDistrict': 33010760, 'station': 'SIYENZIWE DAY CARE', 'station_type': 'Other', 'registered': 3003, 'turnout': 0.4412254412254412, 'tent': 0}, {'VotingDistrict': 33010771, 'station': ""ST JOSEPH'S CATHOLIC CHURCH HALL"", 'station_type': 'Church', 'registered': 1556, 'turnout': 0.615681233933162, 'tent': 0}, {'VotingDistrict': 33010782, 'station': 'ACTONVILLE COMMUNITY HALL', 'station_type': 'Hall/Centre', 'registered': 3326, 'turnout': 0.5351773902585688, 'tent': 0}]"
79700030,Ekurhuleni,12307,6490,175,6,0.5416,0.0263,ANC,0.7612,0.6664,1.6736,0.7612,0.088,0.0948,0.0,0.0,0.6485,0.4298,11.1729,Low risk,0.5209,0.4689,0.5729,30,"[{'VotingDistrict': 33010793, 'station': 'SOLOMON MOTLANA PRIMARY SCHOOL', 'station_type': 'School', 'registered': 2127, 'turnout': 0.5604137282557593, 'tent': 0}, {'VotingDistrict': 33010816, 'station': 'ISAAC MAKAU PRIMARY SCHOOL', 'station_type': 'School', 'registered': 1983, 'turnout': 0.5607665153807363, 'tent': 0}, {'VotingDistrict': 33010827, 'station': 'WATTVILLE DAYCARE CENTRE', 'station_type': 'Hall/Centre', 'registered': 2830, 'turnout': 0.5413427561837456, 'tent': 0}]"
79700031,Ekurhuleni,16096,10188,114,6,0.64,0.0111,DA,0.4752,0.0475,2.4178,0.4277,0.4752,0.068,0.0,0.0,0.4573,0.4644,17.5626,Low risk,0.6118,0.5598,0.6638,31,"[{'VotingDistrict': 33010209, 'station': 'EKUKHANYENI INTERMEDIATE SCHOOL', 'station_type': 'School', 'registered': 2940, 'turnout': 0.5670068027210884, 'tent': 0}, {'VotingDistrict': 33010850, 'station': 'WATTVILLE YOUTH CENTRE', 'station_type': 'Hall/Centre', 'registered': 2983, 'turnout': 0.5487763995977204, 'tent': 0}, {'VotingDistrict': 33020345, 'station': 'VAN DYK PRIMARY SCHOOL', 'station_type': 'School', 'registered': 4543, 'turnout': 0.7004182258419547, 'tent': 0}]"
79700032,Ekurhuleni,13829,9306,50,6,0.6765,0.0053,DA,0.8396,0.7467,1.3988,0.0928,0.8396,0.0275,0.0,0.0,0.2996,0.5839,9.2689,Low risk,0.684,0.632,0.736,32,"[{'VotingDistrict': 33020356, 'station': 'PARKRAND PRIMARY SCHOOL', 'station_type': 'School', 'registered': 1982, 'turnout': 0.7401614530776993, 'tent': 0}, {'VotingDistrict': 33020367, 'station': 'BAANBREKER LAERSKOOL', 'station_type': 'School', 'registered': 2958, 'turnout': 0.7809330628803245, 'tent': 0}, {'VotingDistrict': 33020378, 'station': 'PARKDENE PRIMARY SCHOOL', 'station_type': 'School', 'registered': 3425, 'turnout': 0.6910948905109489, 'tent': 0}]"
79700033,Ekurhuleni,14598,8541,153,7,0.5956,0.0176,DA,0.6143,0.4032,2.3112,0.2111,0.6143,0.0943,0.0,0.1248,0.7596,0.5045,9.1052,Low risk,0.5775,0.5255,0.6295,33,"[{'VotingDistrict': 33020479, 'station': 'TENT (DELMOORE PARK)', 'station_type': 'Tent', 'registered': 1822, 'turnout': 0.562019758507135, 'tent': 1}, {'VotingDistrict': 33020503, 'station': 'LIGHT OF THE WORLD MINISTRIES', 'station_type': 'Church', 'registered': 4023, 'turnout': 0.3939845886154611, 'tent': 0}, {'VotingDistrict': 33020525, 'station': 'LAERSKOOL WITFIELD.', 'station_type': 'School', 'registered': 2773, 'turnout': 0.71222502704652, 'tent': 0}]"
79700034,Ekurhuleni,12172,7575,232,5,0.6414,0.0297,DA,0.6504,0.4074,2.0593,0.243,0.6504,0.0378,0.0,0.0,0.3852,0.5216,11.9803,Low risk,0.6063,0.5543,0.6583,34,"[{'VotingDistrict': 33020390, 'station': 'DROMMEDARIS PRIMARY SCHOOL', 'station_type': 'School', 'registered': 2959, 'turnout': 0.6671172693477526, 'tent': 0}, {'VotingDistrict': 33020402, 'station': 'OOSRAND SEKONDÊRE SKOOL', 'station_type': 'Other', 'registered': 1359, 'turnout': 0.6629874908020603, 'tent': 0}, {'VotingDistrict': 33020413, 'station': 'CHRISTIAN REFORMED - CHURCH', 'station_type': 'Church', 'registered': 3133, 'turnout': 0.6865624002553463, 'tent': 0}]"
79700035,Ekurhuleni,15030,6389,116,5,0.4328,0.0178,ANC,0.4755,0.2251,2.9818,0.4755,0.2504,0.2121,0.0,0.0,0.614,0.4259,0.6904,Low risk,0.4322,0.3802,0.4842,35,"[{'VotingDistrict': 33060721, 'station': 'GALWAY PRIMARY SCHOOL', 'station_type': 'School', 'registered': 3838, 'turnout': 0.37701928087545594, 'tent': 0}, {'VotingDistrict': 33060732, 'station': 'DUKATHOLE CLINIC', 'station_type': 'Other', 'registered': 3199, 'turnout': 0.44763988746483274, 'tent': 0}, {'VotingDistrict': 33060743, 'station': 'EKURHULENI PRIMARY SCHOOL', 'station_type': 'School', 'registered': 2936, 'turnout': 0.470708446866485, 'tent': 0}]"
79700036,Ekurhuleni,15484,10121,59,6,0.6575,0.0058,DA,0.7975,0.6781,1.5319,0.1194,0.7975,0.0398,0.0,0.0,0.3227,0.571,8.6486,Low risk,0.6194,0.5674,0.6714,36,"[{'VotingDistrict': 33060710, 'station': 'GERMISTON HIGH SCHOOL', 'station_type': 'School', 'registered': 1543, 'turnout': 0.6377187297472456, 'tent': 0}, {'VotingDistrict': 33060787, 'station': 'WYCHWOOD PRIMARY SCHOOL', 'station_type': 'School', 'registered': 2985, 'turnout': 0.5939698492462312, 'tent': 0}, {'VotingDistrict': 33060798, 'station': 'PRIMROSE PRIMARY SCHOOL', 'station_type': 'School', 'registered': 4198, 'turnout': 0.6086231538828013, 'tent': 0}]"
79700037,Ekurhuleni,15972,11127,42,4,0.6993,0.0038,DA,0.8372,0.7722,1.4119,0.065,0.8372,0.023,0.0,0.0,0.2858,0.586,11.3334,Low risk,0.6814,0.6294,0.7334,37,"[{'VotingDistrict': 33000275, 'station': 'ALBERTON RUGBY CLUB', 'station_type': 'Other', 'registered': 3615, 'turnout': 0.7615491009681881, 'tent': 0}, {'VotingDistrict': 33000309, 'station': 'LAERSKOOL PRESIDENT STEYN', 'station_type': 'School', 'registered': 4836, 'turnout': 0.7363523573200993, 'tent': 0}, {'VotingDistrict': 33000321, 'station': 'ALBERTON TEACHER`S CENTRE', 'station_type': 'Hall/Centre', 'registered': 3709, 'turnout': 0.6214613103262335, 'tent': 0}]"
79700038,Ekurhuleni,15886,11816,60,5,0.7476,0.0051,DA,0.8725,0.807,1.3043,0.0655,0.8725,0.0174,0.0,0.0,0.2553,0.5944,15.3171,Low risk,0.6958,0.6438,0.7478,38,"[{'VotingDistrict': 33000196, 'station': 'EKURHULENI WEST COLLEGE', 'station_type': 'School', 'registered': 3701, 'turnout': 0.7384490678195083, 'tent': 0}, {'VotingDistrict': 33000208, 'station': 'GLENBRACK JUNIOR HIGH SCHOOL', 'station_type': 'School', 'registered': 3258, 'turnout': 0.7286678944137508, 'tent': 0}, {'VotingDistrict': 33000219, 'station': 'LAERSKOOL ORION', 'station_type': 'School', 'registered': 2013, 'turnout': 0.7123695976154992, 'tent': 0}]"
79700039,Ekurhuleni,15490,10121,211,6,0.667,0.0204,DA,0.8105,0.7054,1.4922,0.1051,0.8105,0.0366,0.0,0.0437,0.4354,0.5725,9.4539,Low risk,0.6271,0.5751,0.6791,39,"[{'VotingDistrict': 33060013, 'station': 'BOYS SCOUTS HALL', 'station_type': 'Hall/Centre', 'registered': 2341, 'turnout': 0.7227680478428022, 'tent': 0}, {'VotingDistrict': 33060664, 'station': 'DINWIDDIE HIGH SCHOOL', 'station_type': 'School', 'registered': 2788, 'turnout': 0.6685796269727403, 'tent': 0}, {'VotingDistrict': 33060675, 'station': 'ELSBURG HALL', 'station_type': 'Hall/Centre', 'registered': 4279, 'turnout': 0.6597335826127599, 'tent': 0}]"
79700040,Ekurhuleni,12698,6594,239,6,0.5381,0.035,ANC,0.6335,0.4939,2.2703,0.6335,0.1266,0.1395,0.0,0.0092,0.647,0.4234,11.4689,Low risk,0.5249,0.4729,0.5769,40,"[{'VotingDistrict': 33060529, 'station': 'AME CHURCH', 'station_type': 'Church', 'registered': 2900, 'turnout': 0.5117241379310344, 'tent': 0}, {'VotingDistrict': 33060631, 'station': 'LEONDALE HALL', 'station_type': 'Hall/Centre', 'registered': 3505, 'turnout': 0.538944365192582, 'tent': 0}, {'VotingDistrict': 33061036, 'station': 'BUHLE PARK SECONDARY SCHOOL', 'station_type': 'School', 'registered': 4507, 'turnout': 0.5325049922343021, 'tent': 0}]"
79700041,Ekurhuleni,15635,7554,226,4,0.4976,0.029,ANC,0.6982,0.5575,1.9294,0.6982,0.0949,0.1407,0.0,0.0,0.6571,0.4251,7.2493,Low risk,0.4938,0.4418,0.5458,41,"[{'VotingDistrict': 33060642, 'station': 'RONDEBULT EXT2 SEC SCHOOL', 'station_type': 'School', 'registered': 2941, 'turnout': 0.49098945936756205, 'tent': 0}, {'VotingDistrict': 33060990, 'station': 'PHUMULA GARDENS PRIMARY SCHOOL', 'station_type': 'School', 'registered': 4709, 'turnout': 0.5005308982798896, 'tent': 0}, {'VotingDistrict': 33061058, 'station': 'FAITH CHURCH.', 'station_type': 'Church', 'registered': 5993, 'turnout': 0.4523610879359252, 'tent': 0}]"
79700042,Ekurhuleni,16437,9585,91,5,0.5887,0.0094,ANC,0.4403,0.0731,2.8346,0.4403,0.3671,0.1541,0.0,0.1063,0.807,0.4338,15.4895,Low risk,0.5736,0.5216,0.6256,42,"[{'VotingDistrict': 33020389, 'station': 'CONQUERORS THROUGH CHRIST MINISTRIES', 'station_type': 'Church', 'registered': 6552, 'turnout': 0.48626373626373626, 'tent': 0}, {'VotingDistrict': 33020738, 'station': 'NONCEDO DAY CARE CENTRE', 'station_type': 'Hall/Centre', 'registered': 1756, 'turnout': 0.623006833712984, 'tent': 0}, {'VotingDistrict': 33060653, 'station': 'SCHOOL OF ACHIEVEMENT', 'station_type': 'School', 'registered': 5348, 'turnout': 0.6697830964846672, 'tent': 0}]"
79700043,Ekurhuleni,16852,11804,63,7,0.7042,0.0053,DA,0.5728,0.3346,2.5165,0.2381,0.5728,0.0958,0.0,0.1596,0.8224,0.4878,21.6404,Low risk,0.6813,0.6293,0.7333,43,"[{'VotingDistrict': 33020299, 'station': 'FALCON EDUCATIONAL SCHOOL', 'station_type': 'School', 'registered': 3507, 'turnout': 0.5380667236954663, 'tent': 0}, {'VotingDistrict': 33020312, 'station': 'SUNWARD PARK HIGH SCHOOL', 'station_type': 'School', 'registered': 2375, 'turnout': 0.7414736842105263, 'tent': 0}, {'VotingDistrict': 33020323, 'station': 'FREEWAY PARK PRIMARY SCHOOL', 'station_type': 'School', 'registered': 2898, 'turnout': 0.727743271221532, 'tent': 0}]"
79700044,Ekurhuleni,15671,8792,139,6,0.5699,0.0156,ANC,0.7541,0.6463,1.706,0.7541,0.0543,0.1078,0.0,0.0,0.6431,0.4241,14.5825,Low risk,0.5483,0.4963,0.6003,44,"[{'VotingDistrict': 33020042, 'station': 'KUTLOANONG PRIMARY SCHOOL', 'station_type': 'School', 'registered': 2077, 'turnout': 0.6273471352912855, 'tent': 0}, {'VotingDistrict': 33020053, 'station': 'ILLINGE HIGH SCHOOL', 'station_type': 'School', 'registered': 2705, 'turnout': 0.5231053604436229, 'tent': 0}, {'VotingDistrict': 33020064, 'station': 'KHAYELIHLE PRIMARY SCHOOL', 'station_type': 'School', 'registered': 3005, 'turnout': 0.6232945091514143, 'tent': 0}]"
79700045,Ekurhuleni,14801,8027,122,7,0.5506,0.015,ANC,0.6834,0.531,1.9704,0.6834,0.1294,0.1525,0.0,0.3048,0.95,0.4076,14.2965,Low risk,0.5119,0.4599,0.5639,45,"[{'VotingDistrict': 33020222, 'station': 'MASITHWALISANE SECONDARY SCHOOL', 'station_type': 'School', 'registered': 2871, 'turnout': 0.5670498084291188, 'tent': 0}, {'VotingDistrict': 33020244, 'station': 'BOPANG KGOTSO SCHOOL', 'station_type': 'School', 'registered': 2721, 'turnout': 0.5670709298052187, 'tent': 0}, {'VotingDistrict': 33020255, 'station': 'TENT (TONYS MINI MARKET)', 'station_type': 'Tent', 'registered': 2338, 'turnout': 0.5192472198460223, 'tent': 1}]"
79700046,Ekurhuleni,13618,7448,56,5,0.551,0.0075,ANC,0.6884,0.5644,1.9835,0.6884,0.0657,0.1239,0.0,0.0,0.6389,0.4208,13.0238,Low risk,0.5237,0.4717,0.5757,46,"[{'VotingDistrict': 33020110, 'station': 'ORHOVELANI EDUCATION CENTRE', 'station_type': 'Hall/Centre', 'registered': 2624, 'turnout': 0.4253048780487805, 'tent': 0}, {'VotingDistrict': 33020132, 'station': 'MTHIMKHULU PRIMARY SCHOOL', 'station_type': 'School', 'registered': 2845, 'turnout': 0.546572934973638, 'tent': 0}, {'VotingDistrict': 33020187, 'station': 'J.D. DUMANE COMMUNITY CENTRE', 'station_type': 'Hall/Centre', 'registered': 3175, 'turnout': 0.6091338582677165, 'tent': 0}]"
79700047,Ekurhuleni,14476,8192,124,5,0.5745,0.0149,ANC,0.7345,0.5957,1.771,0.7345,0.0663,0.1388,0.0,0.0,0.6351,0.4236,15.0851,Low risk,0.5503,0.4983,0.6023,47,"[{'VotingDistrict': 33020075, 'station': 'METHODIST CHURCH', 'station_type': 'Church', 'registered': 2511, 'turnout': 0.610115491835922, 'tent': 0}, {'VotingDistrict': 33020086, 'station': 'THABANG PRIMARY SCHOOL', 'station_type': 'School', 'registered': 3512, 'turnout': 0.576879271070615, 'tent': 0}, {'VotingDistrict': 33020097, 'station': 'ITUMELENG NURSERY AND PRE-SCHOOL', 'station_type': 'School', 'registered': 2924, 'turnout': 0.5338577291381669, 'tent': 0}]"
79700048,Ekurhuleni,12020,6838,113,5,0.5783,0.0163,ANC,0.7887,0.6641,1.5604,0.7887,0.0488,0.1246,0.0,0.0,0.6459,0.4249,15.3414,Low risk,0.5768,0.5248,0.6288,48,"[{'VotingDistrict': 33060282, 'station': 'SONQOBA SCHOOL', 'station_type': 'School', 'registered': 2405, 'turnout': 0.6108108108108108, 'tent': 0}, {'VotingDistrict': 33060293, 'station': 'PHUMULANE SCHOOL', 'station_type': 'School', 'registered': 2601, 'turnout': 0.564398308342945, 'tent': 0}, {'VotingDistrict': 33060327, 'station': 'MPONTSHENG HIGH SCHOOL', 'station_type': 'School', 'registered': 2089, 'turnout': 0.5907132599329823, 'tent': 0}]"
79700049,Ekurhuleni,14695,7986,540,7,0.5802,0.0633,ANC,0.7209,0.5319,1.7875,0.7209,0.059,0.189,0.0,0.0,0.6323,0.4205,15.9665,Low risk,0.5679,0.5159,0.6199,49,"[{'VotingDistrict': 33060372, 'station': 'MATSHEDISO SCHOOL', 'station_type': 'School', 'registered': 2352, 'turnout': 0.5535714285714286, 'tent': 0}, {'VotingDistrict': 33060383, 'station': 'EWC KATHORUS COLLEGE', 'station_type': 'School', 'registered': 2545, 'turnout': 0.5575638506876228, 'tent': 0}, {'VotingDistrict': 33060394, 'station': 'KEKETSO PRIMARY SCHOOL', 'station_type': 'School', 'registered': 2595, 'turnout': 0.5491329479768786, 'tent': 0}]"
79700050,Ekurhuleni,13086,7095,153,7,0.5539,0.0211,ANC,0.8268,0.7214,1.4342,0.8268,0.0482,0.1054,0.0,0.2097,0.95,0.4126,14.124,Low risk,0.5108,0.4588,0.5628,50,"[{'VotingDistrict': 33060439, 'station': 'TENT @ FREEDOM PARK SQUARE', 'station_type': 'Tent', 'registered': 2744, 'turnout': 0.5102040816326531, 'tent': 1}, {'VotingDistrict': 33060440, 'station': 'PHUMELELA COMBINED SCHOOL', 'station_type': 'School', 'registered': 1448, 'turnout': 0.5683701657458563, 'tent': 0}, {'VotingDistrict': 33060462, 'station': 'DE BRUYN PRIMARY SCHOOL', 'station_type': 'School', 'registered': 1220, 'turnout': 0.6180327868852459, 'tent': 0}]"
79700051,Ekurhuleni,13728,6817,162,6,0.5084,0.0232,ANC,0.6672,0.5268,2.0959,0.6672,0.0679,0.1404,0.0,0.0,0.6543,0.4186,8.9744,Low risk,0.498,0.446,0.55,51,"[{'VotingDistrict': 33060563, 'station': 'TAMAHO CHILD CARE CENTRE', 'station_type': 'Hall/Centre', 'registered': 2627, 'turnout': 0.4925770841263799, 'tent': 0}, {'VotingDistrict': 33060574, 'station': 'TAMAHO PRIMARY SCHOOL', 'station_type': 'School', 'registered': 2721, 'turnout': 0.47776552737963984, 'tent': 0}, {'VotingDistrict': 33060585, 'station': 'WORD OF LIFE VICTORY CENTRE', 'station_type': 'Hall/Centre', 'registered': 2263, 'turnout': 0.5081749889527176, 'tent': 0}]"
79700052,Ekurhuleni,14662,6956,35,5,0.4768,0.005,ANC,0.6078,0.4143,2.3614,0.6078,0.0677,0.1077,0.0,0.2688,0.95,0.3935,8.3271,Low risk,0.4567,0.4047,0.5087,52,"[{'VotingDistrict': 33000185, 'station': 'THOKOZA AUDITORIUM HALL', 'station_type': 'Hall/Centre', 'registered': 5316, 'turnout': 0.4548532731376975, 'tent': 0}, {'VotingDistrict': 33000343, 'station': 'BAMBANANI DAYCARE CENTRE', 'station_type': 'Hall/Centre', 'registered': 1541, 'turnout': 0.4600908500973394, 'tent': 0}, {'VotingDistrict': 33060484, 'station': 'SAMSON PRIMARY SCHOOL', 'station_type': 'School', 'registered': 2162, 'turnout': 0.5296022201665125, 'tent': 0}]"
79700053,Ekurhuleni,14801,8470,117,8,0.5802,0.0136,ANC,0.6093,0.4782,2.4475,0.6093,0.0799,0.1076,0.0,0.1901,0.95,0.4015,17.8665,Low risk,0.5526,0.5006,0.6046,53,"[{'VotingDistrict': 33000062, 'station': 'PHOLA PARK HALL', 'station_type': 'Hall/Centre', 'registered': 4074, 'turnout': 0.4950908198330879, 'tent': 0}, {'VotingDistrict': 33000073, 'station': 'TIISETSONG HIGH SCHOOL', 'station_type': 'School', 'registered': 2762, 'turnout': 0.560825488776249, 'tent': 0}, {'VotingDistrict': 33000398, 'station': 'TENT (THINASONKE EXT.3)', 'station_type': 'Tent', 'registered': 731, 'turnout': 0.6415868673050615, 'tent': 1}]"
79700054,Ekurhuleni,14224,7800,86,6,0.5544,0.0109,ANC,0.7967,0.7049,1.5433,0.7967,0.0463,0.0918,0.0,0.0,0.6584,0.426,12.8406,Low risk,0.547,0.495,0.599,54,"[{'VotingDistrict': 33000130, 'station': 'UNITING REFORMED CHURCH', 'station_type': 'Church', 'registered': 2119, 'turnout': 0.58329400660689, 'tent': 0}, {'VotingDistrict': 33000141, 'station': 'LUTHERAN CHURCH', 'station_type': 'Church', 'registered': 2085, 'turnout': 0.5496402877697841, 'tent': 0}, {'VotingDistrict': 33000152, 'station': 'REFORM APOSTOLIC CHURCH OF S.A  ( THINTWA VILLAGE)', 'station_type': 'Church', 'registered': 2731, 'turnout': 0.5924569754668619, 'tent': 0}]"
79700055,Ekurhuleni,13594,7620,173,7,0.5733,0.0222,ANC,0.8588,0.7933,1.3432,0.8588,0.032,0.0655,0.0,0.0,0.6628,0.4278,14.5445,Low risk,0.5715,0.5195,0.6235,55,"[{'VotingDistrict': 33060260, 'station': 'NOKULUNGO PRIMARY SCHOOL', 'station_type': 'School', 'registered': 1591, 'turnout': 0.61659333752357, 'tent': 0}, {'VotingDistrict': 33060305, 'station': 'THEMBALETHU PRIMARY SCHOOL', 'station_type': 'School', 'registered': 1733, 'turnout': 0.582804385458742, 'tent': 0}, {'VotingDistrict': 33060316, 'station': 'KATLEHONG TECHNICAL CENTRE', 'station_type': 'Hall/Centre', 'registered': 2032, 'turnout': 0.4926181102362205, 'tent': 0}]"
79700056,Ekurhuleni,13605,7679,123,6,0.5735,0.0158,ANC,0.7712,0.6467,1.6262,0.7712,0.0512,0.1245,0.0,0.0,0.6448,0.4242,14.9228,Low risk,0.5702,0.5182,0.6222,56,"[{'VotingDistrict': 33000084, 'station': 'UMZAMO PRIMARY SCHOOL', 'station_type': 'School', 'registered': 1986, 'turnout': 0.5881168177240684, 'tent': 0}, {'VotingDistrict': 33000095, 'station': 'NEW BRETHERN APOSTOLIC CHURCH', 'station_type': 'Church', 'registered': 2357, 'turnout': 0.6134917267713195, 'tent': 0}, {'VotingDistrict': 33000107, 'station': 'SAM NTULI SPORTS CENTRE', 'station_type': 'Hall/Centre', 'registered': 2837, 'turnout': 0.62248854423687, 'tent': 0}]"
79700057,Ekurhuleni,14047,8270,57,5,0.5928,0.0068,ANC,0.4707,0.1622,2.9813,0.4707,0.3086,0.0652,0.0,0.0,0.5267,0.4318,16.0977,Low risk,0.5624,0.5104,0.6144,57,"[{'VotingDistrict': 33000017, 'station': 'J.D THOMAS HALL', 'station_type': 'Hall/Centre', 'registered': 3406, 'turnout': 0.6024662360540223, 'tent': 0}, {'VotingDistrict': 33000028, 'station': 'EDENPARK HIGH SCHOOL', 'station_type': 'School', 'registered': 3193, 'turnout': 0.6301284058878798, 'tent': 0}, {'VotingDistrict': 33000040, 'station': 'MOHLODI PRIMARY SCHOOL', 'station_type': 'School', 'registered': 3833, 'turnout': 0.5189146882337594, 'tent': 0}]"
79700058,Ekurhuleni,12909,7239,118,4,0.5699,0.016,ANC,0.6855,0.5399,2.0011,0.6855,0.0691,0.1456,0.0,0.0545,0.7818,0.4163,15.3615,Low risk,0.5482,0.4962,0.6002,58,"[{'VotingDistrict': 33000332, 'station': 'GREENFIELDS COMMUNITY HALL', 'station_type': 'Hall/Centre', 'registered': 5560, 'turnout': 0.5944244604316546, 'tent': 0}, {'VotingDistrict': 33061025, 'station': 'REALEBOHA PRIMARY SCHOOL', 'station_type': 'School', 'registered': 3859, 'turnout': 0.5387406063747084, 'tent': 0}, {'VotingDistrict': 33061047, 'station': 'INTERNATIONAL PENTECOSTAL HOLINESS CHURCH', 'station_type': 'Church', 'registered': 2786, 'turnout': 0.5215362526920316, 'tent': 0}]"
79700059,Ekurhuleni,12227,6188,242,5,0.5259,0.0376,ANC,0.7557,0.633,1.6767,0.7557,0.0999,0.1227,0.0,0.0,0.6517,0.4304,9.5456,Low risk,0.5151,0.4631,0.5671,59,"[{'VotingDistrict': 33060237, 'station': 'PONEGO SCHOOL', 'station_type': 'School', 'registered': 3074, 'turnout': 0.6027976577748861, 'tent': 0}, {'VotingDistrict': 33060248, 'station': 'HLESIPHI SCHOOL', 'station_type': 'School', 'registered': 1875, 'turnout': 0.5733333333333334, 'tent': 0}, {'VotingDistrict': 33060271, 'station': 'BETHESDA EVANGELICAL CHURCH.', 'station_type': 'Church', 'registered': 2660, 'turnout': 0.5447368421052632, 'tent': 0}]"
79700060,Ekurhuleni,12664,7489,205,5,0.6075,0.0266,ANC,0.8024,0.6838,1.5132,0.8024,0.043,0.1186,0.0,0.1621,0.95,0.4136,19.3932,Low risk,0.604,0.552,0.656,60,"[{'VotingDistrict': 33060114, 'station': 'ABRAM HLOPE PRIMARY SCHOOL', 'station_type': 'School', 'registered': 3676, 'turnout': 0.6387377584330794, 'tent': 0}, {'VotingDistrict': 33060125, 'station': 'TENT - MOLELEKI EXT 1', 'station_type': 'Tent', 'registered': 2053, 'turnout': 0.6327325864588407, 'tent': 1}, {'VotingDistrict': 33060215, 'station': 'THE TRUE VINE WORSHIP CENTRE', 'station_type': 'Hall/Centre', 'registered': 3095, 'turnout': 0.5770597738287561, 'tent': 0}]"
79700061,Ekurhuleni,15452,8850,175,6,0.5841,0.0194,ANC,0.7184,0.6241,1.8621,0.7184,0.0415,0.0801,0.0,0.2251,0.95,0.4047,17.9402,Low risk,0.5594,0.5074,0.6114,61,"[{'VotingDistrict': 33000376, 'station': 'THABOTONA PRIMARY SCHOOL 34', 'station_type': 'School', 'registered': 2643, 'turnout': 0.5516458569807038, 'tent': 0}, {'VotingDistrict': 33000477, 'station': 'PHEASANT FOLLY PRIMARY SCHOOL', 'station_type': 'School', 'registered': 1289, 'turnout': 0.8161365399534523, 'tent': 0}, {'VotingDistrict': 33060024, 'station': 'APOSTOLIC GOSPEL CHURCH INTERNATIONAL', 'station_type': 'Church', 'registered': 2388, 'turnout': 0.5561139028475712, 'tent': 0}]"
79700062,Ekurhuleni,12299,7029,232,7,0.5904,0.032,ANC,0.7876,0.6984,1.5798,0.7876,0.0484,0.0892,0.0,0.0907,0.8944,0.4195,17.0869,Low risk,0.5699,0.5179,0.6219,62,"[{'VotingDistrict': 33020761, 'station': 'TENT THULASIZWE GROUND', 'station_type': 'Tent', 'registered': 212, 'turnout': 0.7405660377358491, 'tent': 1}, {'VotingDistrict': 33060057, 'station': 'FATHER MASANGO`S ST JOHN`S APOSTOLIC FAITH MISSION', 'station_type': 'Other', 'registered': 2194, 'turnout': 0.4968094804010939, 'tent': 0}, {'VotingDistrict': 33060068, 'station': 'MANZINI PRIMARY SCHOOL', 'station_type': 'School', 'registered': 4057, 'turnout': 0.6016761153561745, 'tent': 0}]"
79700063,Ekurhuleni,12325,6543,114,5,0.5401,0.0171,ANC,0.7581,0.6396,1.6836,0.7581,0.0582,0.1184,0.0,0.0,0.6561,0.4246,11.5541,Low risk,0.5073,0.4553,0.5593,63,"[{'VotingDistrict': 33060170, 'station': 'BEULAH CHRISTIANS FELLOWSHIP', 'station_type': 'Other', 'registered': 2315, 'turnout': 0.5533477321814255, 'tent': 0}, {'VotingDistrict': 33060181, 'station': 'AMAKHANDONIYA CHURCH OF GOD', 'station_type': 'Church', 'registered': 1832, 'turnout': 0.6020742358078602, 'tent': 0}, {'VotingDistrict': 33060192, 'station': 'THUTOPELE SECONDARY SCHOOL.', 'station_type': 'School', 'registered': 2833, 'turnout': 0.5594775855983057, 'tent': 0}]"
79700064,Ekurhuleni,15444,8445,130,5,0.5552,0.0152,ANC,0.8206,0.7255,1.4577,0.8206,0.0579,0.0951,0.0,0.1369,0.95,0.4192,13.6081,Low risk,0.5206,0.4686,0.5726,64,"[{'VotingDistrict': 33020176, 'station': 'KHULISA COMMUNITY HALL', 'station_type': 'Hall/Centre', 'registered': 3591, 'turnout': 0.4884433305485937, 'tent': 0}, {'VotingDistrict': 33020200, 'station': 'ERASMUS MONARENG SECONDARY SCHOOL', 'station_type': 'School', 'registered': 3893, 'turnout': 0.5717955304392499, 'tent': 0}, {'VotingDistrict': 33020211, 'station': 'TEMPORARY VOTING STATION (VACANT SCHOOL SITE)', 'station_type': 'School', 'registered': 2314, 'turnout': 0.5388936905790839, 'tent': 0}]"
79700065,Ekurhuleni,13894,7531,331,4,0.5659,0.0421,ANC,0.8109,0.7123,1.4905,0.8109,0.0511,0.0987,0.0,0.1777,0.95,0.4147,15.1112,Low risk,0.5611,0.5091,0.6131,65,"[{'VotingDistrict': 33010018, 'station': 'THEMBELIHLE PRIMARY SCHOOL', 'station_type': 'School', 'registered': 4466, 'turnout': 0.5248544558889386, 'tent': 0}, {'VotingDistrict': 33010029, 'station': 'TENT (EMAPHUPHENI WATER TANK)', 'station_type': 'Tent', 'registered': 2469, 'turnout': 0.5974078574321587, 'tent': 1}, {'VotingDistrict': 33010030, 'station': 'PHANDIMFUNDO SECONDARY SCHOOL', 'station_type': 'School', 'registered': 2858, 'turnout': 0.5927221833449965, 'tent': 0}]"
79700066,Ekurhuleni,12130,7087,155,5,0.597,0.0214,ANC,0.7861,0.6642,1.5715,0.7861,0.0408,0.1219,0.0,0.1654,0.95,0.4121,18.4928,Low risk,0.5995,0.5475,0.6515,66,"[{'VotingDistrict': 33010041, 'station': 'KGOLAGANO PRIMARY SCHOOL', 'station_type': 'School', 'registered': 2840, 'turnout': 0.5883802816901409, 'tent': 0}, {'VotingDistrict': 33010063, 'station': 'ROLIHLAHLA PRIMARY SCHOOL', 'station_type': 'School', 'registered': 2443, 'turnout': 0.6021285304952927, 'tent': 0}, {'VotingDistrict': 33010074, 'station': 'TENT (PHILLIP MOYO MEMORIAL HEALTH CLINIC)', 'station_type': 'Tent', 'registered': 2006, 'turnout': 0.6156530408773679, 'tent': 1}]"
79700067,Ekurhuleni,14260,8047,160,6,0.5755,0.0195,ANC,0.8201,0.7353,1.4615,0.8201,0.0592,0.0848,0.0,0.0,0.6492,0.4293,14.6265,Low risk,0.5572,0.5052,0.6092,67,"[{'VotingDistrict': 33010085, 'station': 'CAIPHUS NYOKA HIGH SCHOOL', 'station_type': 'School', 'registered': 2825, 'turnout': 0.5366371681415929, 'tent': 0}, {'VotingDistrict': 33010108, 'station': 'TSHEPO THEMBA', 'station_type': 'Other', 'registered': 2635, 'turnout': 0.6174573055028463, 'tent': 0}, {'VotingDistrict': 33010120, 'station': 'EMMANUEL BAPTIST CHURCH', 'station_type': 'Church', 'registered': 1988, 'turnout': 0.5407444668008048, 'tent': 0}]"
79700068,Ekurhuleni,13542,6955,216,6,0.5295,0.0301,ANC,0.6861,0.5498,2.0038,0.6861,0.0591,0.1363,0.0,0.1916,0.95,0.4056,12.3925,Low risk,0.5287,0.4767,0.5807,68,"[{'VotingDistrict': 33010265, 'station': 'MBIKWA CINDI HALL', 'station_type': 'Hall/Centre', 'registered': 2431, 'turnout': 0.5664335664335665, 'tent': 0}, {'VotingDistrict': 33010276, 'station': 'AFRICAN CATHOLIC CHURCH', 'station_type': 'Church', 'registered': 1926, 'turnout': 0.5867082035306335, 'tent': 0}, {'VotingDistrict': 33010287, 'station': 'SIPHETHU PRIMARY SCHOOL', 'station_type': 'School', 'registered': 1910, 'turnout': 0.5471204188481675, 'tent': 0}]"
79700069,Ekurhuleni,15244,8054,175,8,0.5398,0.0213,ANC,0.7466,0.6188,1.7241,0.7466,0.0607,0.1278,0.0,0.0,0.6539,0.424,11.5844,Low risk,0.529,0.477,0.581,69,"[{'VotingDistrict': 33010322, 'station': 'DAVEY SENIOR SECONDARY SCHOOL', 'station_type': 'School', 'registered': 987, 'turnout': 0.5146909827760892, 'tent': 0}, {'VotingDistrict': 33010333, 'station': 'HB NYATHI SECONDARY SCHOOL', 'station_type': 'School', 'registered': 1185, 'turnout': 0.5645569620253165, 'tent': 0}, {'VotingDistrict': 33010344, 'station': 'BHEKIMFUNDO PRIMARY SCHOOL', 'station_type': 'School', 'registered': 2685, 'turnout': 0.5370577281191806, 'tent': 0}]"
79700070,Ekurhuleni,13629,7448,147,8,0.5573,0.0194,ANC,0.7136,0.5606,1.8449,0.7136,0.0855,0.1531,0.0,0.0,0.6349,0.4247,13.2586,Low risk,0.5309,0.4789,0.5829,70,"[{'VotingDistrict': 33010412, 'station': 'RIVONI SECONDARY SCHOOL', 'station_type': 'School', 'registered': 1997, 'turnout': 0.5322984476715072, 'tent': 0}, {'VotingDistrict': 33010423, 'station': 'KGALEMA PRIMARY SCHOOL', 'station_type': 'School', 'registered': 1931, 'turnout': 0.5396167788710513, 'tent': 0}, {'VotingDistrict': 33010434, 'station': 'BAIKAGETSE INTERMEDIATE SCHOOL', 'station_type': 'School', 'registered': 2411, 'turnout': 0.507673164661966, 'tent': 0}]"
79700071,Ekurhuleni,13931,6932,258,6,0.5161,0.0359,ANC,0.6549,0.4908,2.1245,0.6549,0.1082,0.1642,0.0,0.0,0.6389,0.423,9.3123,Low risk,0.5061,0.4541,0.5581,71,"[{'VotingDistrict': 33010445, 'station': 'VICTOR NDLAZILWANE HALL', 'station_type': 'Hall/Centre', 'registered': 2561, 'turnout': 0.4533385396329559, 'tent': 0}, {'VotingDistrict': 33010535, 'station': 'TIMKEN YOUTH CENTRE', 'station_type': 'Hall/Centre', 'registered': 1659, 'turnout': 0.5629897528631705, 'tent': 0}, {'VotingDistrict': 33010546, 'station': 'HULWAZI SCHOOL', 'station_type': 'School', 'registered': 2490, 'turnout': 0.5092369477911647, 'tent': 0}]"
79700072,Ekurhuleni,13677,7669,162,6,0.5726,0.0207,DA,0.528,0.2028,2.5251,0.3252,0.528,0.103,0.0,0.1042,0.7509,0.4747,9.7849,Low risk,0.5785,0.5265,0.6305,72,"[{'VotingDistrict': 33090106, 'station': 'MORESTER PRIMARY SCHOOL', 'station_type': 'School', 'registered': 2319, 'turnout': 0.6494178525226391, 'tent': 0}, {'VotingDistrict': 33090397, 'station': 'DR WK DU PLESSIS 2 (KLOP KLOPPIE)', 'station_type': 'Other', 'registered': 1761, 'turnout': 0.6604202157864849, 'tent': 0}, {'VotingDistrict': 33090409, 'station': 'JAMESON GIRLS HIGH SCHOOL', 'station_type': 'School', 'registered': 1633, 'turnout': 0.6870789957134109, 'tent': 0}]"
79700073,Ekurhuleni,16439,9841,156,6,0.6081,0.0156,DA,0.4914,0.1021,2.5098,0.3893,0.4914,0.0661,0.0,0.0,0.4619,0.4693,13.8798,Low risk,0.5893,0.5373,0.6413,73,"[{'VotingDistrict': 33010704, 'station': 'RON HOWIE HALL', 'station_type': 'Hall/Centre', 'registered': 1692, 'turnout': 0.6069739952718676, 'tent': 0}, {'VotingDistrict': 33010737, 'station': 'WILLOW MOORE HIGH SCHOOL', 'station_type': 'School', 'registered': 1946, 'turnout': 0.5267214799588901, 'tent': 0}, {'VotingDistrict': 33010748, 'station': 'BENONI CITY HALL', 'station_type': 'Hall/Centre', 'registered': 3707, 'turnout': 0.5899649312112221, 'tent': 0}]"
79700074,Ekurhuleni,15327,8314,168,8,0.5534,0.0198,ANC,0.5518,0.2819,2.5747,0.5518,0.2699,0.0904,0.0,0.0,0.5663,0.4345,11.8943,Low risk,0.5603,0.5083,0.6123,74,"[{'VotingDistrict': 33030469, 'station': 'GOSPEL TRUTH CHURH', 'station_type': 'Other', 'registered': 1243, 'turnout': 0.5181013676588898, 'tent': 0}, {'VotingDistrict': 33090195, 'station': 'MARGARET MALTMAN CRECHE', 'station_type': 'Other', 'registered': 2491, 'turnout': 0.586109995985548, 'tent': 0}, {'VotingDistrict': 33090207, 'station': 'THEO TWALA PRIMARY SCHOOL', 'station_type': 'School', 'registered': 2611, 'turnout': 0.5350440444274225, 'tent': 0}]"
79700075,Ekurhuleni,15834,9587,269,8,0.6225,0.0273,DA,0.5305,0.2163,2.5595,0.3142,0.5305,0.0927,0.0,0.0,0.4344,0.4829,13.9574,Low risk,0.5645,0.5125,0.6165,75,"[{'VotingDistrict': 33090117, 'station': 'WELGEDAG PRIMARY SCHOOL', 'station_type': 'School', 'registered': 2040, 'turnout': 0.5759803921568627, 'tent': 0}, {'VotingDistrict': 33090218, 'station': 'VUKUCINGE PRIMARY SCHOOL', 'station_type': 'School', 'registered': 2655, 'turnout': 0.5306967984934087, 'tent': 0}, {'VotingDistrict': 33090342, 'station': 'LAERSKOOL WERDA', 'station_type': 'School', 'registered': 1719, 'turnout': 0.6079115764979639, 'tent': 0}]"
79700076,Ekurhuleni,14394,9500,81,6,0.6656,0.0085,DA,0.7734,0.6309,1.6092,0.1424,0.7734,0.0321,0.0,0.1291,0.6899,0.5537,11.188,Low risk,0.658,0.606,0.71,76,"[{'VotingDistrict': 33090285, 'station': 'SPRINGS GIRLS HIGH SCHOOL', 'station_type': 'School', 'registered': 2340, 'turnout': 0.6978632478632478, 'tent': 0}, {'VotingDistrict': 33090296, 'station': 'TENT-NEXT TO ST CATHRINE`S CATHOLIC CHURCH', 'station_type': 'Tent', 'registered': 1858, 'turnout': 0.7201291711517761, 'tent': 1}, {'VotingDistrict': 33090308, 'station': 'LAERSKOOL SELECTION PARK', 'station_type': 'School', 'registered': 2891, 'turnout': 0.6561743341404358, 'tent': 0}]"
79700077,Ekurhuleni,12263,7143,122,6,0.5924,0.0168,ANC,0.7087,0.5622,1.8751,0.7087,0.0745,0.1464,0.0,0.0,0.6211,0.4229,16.9538,Low risk,0.576,0.524,0.628,77,"[{'VotingDistrict': 33090027, 'station': 'KWATHEMA PRIMARY SCHOOL', 'station_type': 'School', 'registered': 2196, 'turnout': 0.5833333333333334, 'tent': 0}, {'VotingDistrict': 33090050, 'station': 'NKABINDE PRIMARY SCHOOL', 'station_type': 'School', 'registered': 1910, 'turnout': 0.6089005235602094, 'tent': 0}, {'VotingDistrict': 33090173, 'station': 'PHULONG SECONDARY SCHOOL', 'station_type': 'School', 'registered': 2521, 'turnout': 0.5303451011503372, 'tent': 0}]"
79700078,Ekurhuleni,12235,6482,125,6,0.54,0.0189,ANC,0.749,0.6512,1.722,0.749,0.0707,0.0978,0.0,0.0,0.6517,0.4266,11.3449,Low risk,0.5193,0.4673,0.5713,78,"[{'VotingDistrict': 33090128, 'station': 'MASIMINI PRIMARY SCHOOL', 'station_type': 'School', 'registered': 2407, 'turnout': 0.49605317823016204, 'tent': 0}, {'VotingDistrict': 33090139, 'station': 'ITHEMBALIKAZULU SENIOR PRIMARY SCHOOL', 'station_type': 'School', 'registered': 1973, 'turnout': 0.5347187024835276, 'tent': 0}, {'VotingDistrict': 33090151, 'station': 'JOB MASEKO PRIMARY SCHOOL', 'station_type': 'School', 'registered': 2468, 'turnout': 0.5210696920583469, 'tent': 0}]"
79700079,Ekurhuleni,13425,6368,174,6,0.4873,0.0266,ANC,0.7352,0.5906,1.7615,0.7352,0.0484,0.1446,0.0,0.0,0.6789,0.4211,6.6248,Low risk,0.4741,0.4221,0.5261,79,"[{'VotingDistrict': 33030111, 'station': 'LED OFFICE (NEXT TO SANCOPAYPOINT)', 'station_type': 'Other', 'registered': 2942, 'turnout': 0.40244731475186946, 'tent': 0}, {'VotingDistrict': 33030122, 'station': 'ITHOPIA CHURCH', 'station_type': 'Church', 'registered': 2458, 'turnout': 0.46745321399511797, 'tent': 0}, {'VotingDistrict': 33030133, 'station': 'LANGAVILLE SECONDARY SCHOOL', 'station_type': 'School', 'registered': 2530, 'turnout': 0.5470355731225296, 'tent': 0}]"
79700080,Ekurhuleni,11586,6042,115,5,0.5314,0.0187,ANC,0.7754,0.6591,1.6125,0.7754,0.0599,0.1164,0.0,0.0,0.6622,0.426,10.5441,Low risk,0.4857,0.4337,0.5377,80,"[{'VotingDistrict': 33090016, 'station': 'EBENNEZER DAYCARE AND CRECHE', 'station_type': 'Other', 'registered': 2704, 'turnout': 0.5454881656804734, 'tent': 0}, {'VotingDistrict': 33090038, 'station': 'MUZOMSHA PRIMARY SCHOOL', 'station_type': 'School', 'registered': 2632, 'turnout': 0.49620060790273557, 'tent': 0}, {'VotingDistrict': 33090049, 'station': 'ST MATTHEWS METHODIST CHURCH', 'station_type': 'Church', 'registered': 1033, 'turnout': 0.6079380445304937, 'tent': 0}]"
79700081,Ekurhuleni,15293,7649,130,6,0.5087,0.0167,ANC,0.7719,0.652,1.6252,0.7719,0.0648,0.1199,0.0,0.0,0.6707,0.4263,8.2323,Low risk,0.4901,0.4381,0.5421,81,"[{'VotingDistrict': 33030144, 'station': 'MENZI PRIMARY SCHOOL', 'station_type': 'School', 'registered': 2555, 'turnout': 0.5350293542074364, 'tent': 0}, {'VotingDistrict': 33030155, 'station': 'ROMAN CATHOLIC CHURCH', 'station_type': 'Church', 'registered': 1851, 'turnout': 0.5737439222042139, 'tent': 0}, {'VotingDistrict': 33030166, 'station': 'NEW AFRICAN GAZA CHURCH', 'station_type': 'Church', 'registered': 2265, 'turnout': 0.4596026490066225, 'tent': 0}]"
79700082,Ekurhuleni,13122,7996,85,7,0.6158,0.0105,ANC,0.667,0.4894,2.0589,0.667,0.1776,0.0833,0.0,0.0,0.5785,0.4332,18.2595,Low risk,0.6027,0.5507,0.6547,82,"[{'VotingDistrict': 33030199, 'station': 'J E MALEPE SECONDARY SCHOOL', 'station_type': 'School', 'registered': 2439, 'turnout': 0.5809758097580976, 'tent': 0}, {'VotingDistrict': 33030201, 'station': 'MICHAEL ZULU SCHOOL', 'station_type': 'School', 'registered': 2638, 'turnout': 0.599696739954511, 'tent': 0}, {'VotingDistrict': 33030212, 'station': 'AGC CHURCH', 'station_type': 'Church', 'registered': 1396, 'turnout': 0.5737822349570201, 'tent': 0}]"
79700083,Ekurhuleni,15171,8223,309,7,0.5624,0.0362,ANC,0.7958,0.7179,1.5473,0.7958,0.0551,0.078,0.0,0.0,0.6525,0.4277,13.4657,Low risk,0.5677,0.5157,0.6197,83,"[{'VotingDistrict': 33030223, 'station': 'THOLULWAZI SCHOOL', 'station_type': 'School', 'registered': 2669, 'turnout': 0.5443986511802174, 'tent': 0}, {'VotingDistrict': 33030234, 'station': 'SHADRACK MBAMBO PRIMARY SCHOOL', 'station_type': 'School', 'registered': 2049, 'turnout': 0.593460224499756, 'tent': 0}, {'VotingDistrict': 33030245, 'station': 'MANGOSUTHU SCHOOL', 'station_type': 'School', 'registered': 2077, 'turnout': 0.5512758786711603, 'tent': 0}]"
79700084,Ekurhuleni,13284,6842,142,6,0.5257,0.0203,ANC,0.7759,0.6507,1.6085,0.7759,0.0495,0.1253,0.0,0.3888,0.95,0.397,12.8725,Low risk,0.5022,0.4502,0.5542,84,"[{'VotingDistrict': 33030324, 'station': 'RESHOGOFADITSWE SECONDARY SCHOOL', 'station_type': 'School', 'registered': 3286, 'turnout': 0.5462568472306756, 'tent': 0}, {'VotingDistrict': 33030335, 'station': 'TSAKANE EXT 17 TENT', 'station_type': 'Tent', 'registered': 3340, 'turnout': 0.46706586826347307, 'tent': 1}, {'VotingDistrict': 33030346, 'station': 'EKUPHILENI CRECHE', 'station_type': 'Other', 'registered': 1775, 'turnout': 0.579718309859155, 'tent': 0}]"
79700085,Ekurhuleni,11813,6527,127,5,0.5633,0.0191,ANC,0.799,0.7043,1.533,0.799,0.0522,0.0947,0.0,0.0,0.6533,0.4269,13.639,Low risk,0.5343,0.4823,0.5863,85,"[{'VotingDistrict': 33030010, 'station': 'HOLINESS UNION CHURCH', 'station_type': 'Church', 'registered': 2360, 'turnout': 0.5677966101694916, 'tent': 0}, {'VotingDistrict': 33030278, 'station': 'LETSIE PRIMARY SCHOOL', 'station_type': 'School', 'registered': 2088, 'turnout': 0.5924329501915708, 'tent': 0}, {'VotingDistrict': 33030302, 'station': 'NCHABELENG SCHOOL', 'station_type': 'School', 'registered': 2293, 'turnout': 0.5782817269952027, 'tent': 0}]"
79700086,Ekurhuleni,12892,7619,189,8,0.6056,0.0242,ANC,0.8281,0.7489,1.437,0.8281,0.047,0.0791,0.0,0.2544,0.95,0.4103,19.5345,Low risk,0.58,0.528,0.632,86,"[{'VotingDistrict': 33030537, 'station': 'TENT EXTENSION 17 OPEN SPACE NXT TO HOUSE NO 176', 'station_type': 'Tent', 'registered': 1463, 'turnout': 0.6117566643882434, 'tent': 1}, {'VotingDistrict': 33030582, 'station': 'RIVER OF LIFE CHURCH', 'station_type': 'Church', 'registered': 932, 'turnout': 0.47854077253218885, 'tent': 0}, {'VotingDistrict': 33080105, 'station': 'ASSER MALOKA HIGH SCHOOL', 'station_type': 'School', 'registered': 1646, 'turnout': 0.6555285540704738, 'tent': 0}]"
79700087,Ekurhuleni,13018,7607,233,6,0.6022,0.0297,ANC,0.8488,0.7805,1.3731,0.8488,0.0381,0.0684,0.0,0.3727,0.95,0.4021,20.017,Low risk,0.5979,0.5459,0.6499,87,"[{'VotingDistrict': 33080060, 'station': 'MASECHABAVIEW (SEAD)CLINIC', 'station_type': 'Other', 'registered': 2086, 'turnout': 0.5838926174496645, 'tent': 0}, {'VotingDistrict': 33080071, 'station': 'TENT (NEXT TO RETENTION DAM)', 'station_type': 'Tent', 'registered': 3756, 'turnout': 0.5921192758253461, 'tent': 1}, {'VotingDistrict': 33080093, 'station': 'DUDUZA MULTIPURPOSE CENTRE', 'station_type': 'Hall/Centre', 'registered': 1365, 'turnout': 0.5487179487179488, 'tent': 0}]"
79700088,Ekurhuleni,16063,10066,148,8,0.6359,0.0145,DA,0.5829,0.2739,2.2781,0.309,0.5829,0.0415,0.0,0.0992,0.6923,0.4915,14.4362,Low risk,0.6217,0.5697,0.6737,88,"[{'VotingDistrict': 33080015, 'station': 'MACKENZIEVILLE COMMUNITY HALL', 'station_type': 'Hall/Centre', 'registered': 2510, 'turnout': 0.595219123505976, 'tent': 0}, {'VotingDistrict': 33080026, 'station': 'ALRAPARK COMMUNITY HALL', 'station_type': 'Hall/Centre', 'registered': 2697, 'turnout': 0.5769373377827215, 'tent': 0}, {'VotingDistrict': 33080037, 'station': 'NIGEL HIGH SCHOOL', 'station_type': 'School', 'registered': 2838, 'turnout': 0.6941508104298802, 'tent': 0}]"
79700089,Ekurhuleni,13099,6562,88,7,0.5077,0.0132,ANC,0.5108,0.2005,2.6076,0.5108,0.1618,0.3103,0.0,0.0,0.6077,0.4179,8.9793,Low risk,0.4845,0.4325,0.5365,89,"[{'VotingDistrict': 32890406, 'station': 'TERSIA KING LEARNING ACADEMY', 'station_type': 'School', 'registered': 2322, 'turnout': 0.540913006029285, 'tent': 0}, {'VotingDistrict': 32890619, 'station': 'AFRICAN COPTIC ORTHODOX CHURCH', 'station_type': 'Church', 'registered': 2711, 'turnout': 0.466617484323128, 'tent': 0}, {'VotingDistrict': 32890653, 'station': 'THEMBINKOSI SCHOOL FOR LSEN', 'station_type': 'School', 'registered': 2562, 'turnout': 0.4676034348165496, 'tent': 0}]"
79700090,Ekurhuleni,14284,6150,174,6,0.4427,0.0275,ANC,0.4707,0.2042,3.1864,0.4707,0.0837,0.2665,0.0,0.0,0.6504,0.3979,4.4812,Low risk,0.4372,0.3852,0.4892,90,"[{'VotingDistrict': 32890473, 'station': 'ARMOUR FOUNDATION PRIVATE SCHOOL', 'station_type': 'School', 'registered': 3510, 'turnout': 0.3800569800569801, 'tent': 0}, {'VotingDistrict': 32890642, 'station': 'EHLANZENI HOSTEL HALL', 'station_type': 'Hall/Centre', 'registered': 2499, 'turnout': 0.4001600640256102, 'tent': 0}, {'VotingDistrict': 32890675, 'station': 'NCP HALL', 'station_type': 'Hall/Centre', 'registered': 3269, 'turnout': 0.46222086264912815, 'tent': 0}]"
79700091,Ekurhuleni,13452,8927,167,4,0.676,0.0184,DA,0.655,0.4249,2.0394,0.2301,0.655,0.0905,0.0,0.0,0.3666,0.5241,15.1934,Low risk,0.6572,0.6052,0.7092,91,"[{'VotingDistrict': 32890484, 'station': 'COEN SCHOLTZ COMMUNITY CENTRE HALL', 'station_type': 'Hall/Centre', 'registered': 5109, 'turnout': 0.6380896457232335, 'tent': 0}, {'VotingDistrict': 32890495, 'station': 'JEUGPARK LAERSKOOL', 'station_type': 'School', 'registered': 3764, 'turnout': 0.6517003188097769, 'tent': 0}, {'VotingDistrict': 32890518, 'station': 'NORKEM PARK PRIMARY SCHOOL', 'station_type': 'School', 'registered': 2582, 'turnout': 0.703718048024787, 'tent': 0}]"
79700092,Ekurhuleni,15440,10273,63,6,0.6694,0.0061,DA,0.7882,0.6818,1.5702,0.1064,0.7882,0.0569,0.0,0.0,0.3177,0.5698,9.9601,Low risk,0.6639,0.6119,0.7159,92,"[{'VotingDistrict': 33060877, 'station': 'ITHEMBELIHLE LSEN SCHOOL', 'station_type': 'School', 'registered': 2101, 'turnout': 0.6987148976677773, 'tent': 0}, {'VotingDistrict': 33060888, 'station': 'GOUDRIF HIGH SCHOOL', 'station_type': 'School', 'registered': 3677, 'turnout': 0.7266793581724231, 'tent': 0}, {'VotingDistrict': 33060899, 'station': 'LAERSKOOL OOSTERKRUIN', 'station_type': 'School', 'registered': 2530, 'turnout': 0.7142292490118577, 'tent': 0}]"
79700093,Ekurhuleni,14427,5810,182,4,0.4153,0.0304,ANC,0.5933,0.3232,2.3202,0.5933,0.0608,0.2701,0.0,0.3016,0.95,0.3883,2.7009,Low risk,0.3923,0.3403,0.4443,93,"[{'VotingDistrict': 33020491, 'station': 'LIVING WATERS ASSEMBLY', 'station_type': 'Other', 'registered': 3310, 'turnout': 0.46132930513595166, 'tent': 0}, {'VotingDistrict': 33060754, 'station': 'GOOD HOPE PRE-SCHOOL', 'station_type': 'School', 'registered': 2799, 'turnout': 0.42157913540550196, 'tent': 0}, {'VotingDistrict': 33060765, 'station': 'VUKUKHANYE PRE-SCHOOL', 'station_type': 'School', 'registered': 3967, 'turnout': 0.3118225359213512, 'tent': 0}]"
79700094,Ekurhuleni,13839,9966,19,5,0.7215,0.0019,DA,0.6949,0.5104,1.9117,0.1844,0.6949,0.0724,0.0,0.0,0.3293,0.5384,18.3114,Low risk,0.695,0.643,0.747,94,"[{'VotingDistrict': 33000220, 'station': 'BRACKEN PARK COMMUNITY HALL', 'station_type': 'Hall/Centre', 'registered': 4155, 'turnout': 0.6823104693140795, 'tent': 0}, {'VotingDistrict': 33000264, 'station': 'ALBERTON FIRE STATION', 'station_type': 'Other', 'registered': 4685, 'turnout': 0.7466382070437567, 'tent': 0}, {'VotingDistrict': 33000387, 'station': 'ST FRANCIS CHURCH', 'station_type': 'Church', 'registered': 1599, 'turnout': 0.7804878048780488, 'tent': 0}]"
79700095,Ekurhuleni,16046,8728,86,6,0.5493,0.0098,ANC,0.6854,0.4959,1.95,0.6854,0.0799,0.1895,0.0,0.2477,0.95,0.4036,14.5741,Low risk,0.5269,0.4749,0.5789,95,"[{'VotingDistrict': 33020019, 'station': 'LETHULWAZI SECONDARY SCHOOL', 'station_type': 'School', 'registered': 3982, 'turnout': 0.5534907081868408, 'tent': 0}, {'VotingDistrict': 33020020, 'station': 'MAMPUDI PRIMARY SCHOOL', 'station_type': 'School', 'registered': 3357, 'turnout': 0.5296395591301758, 'tent': 0}, {'VotingDistrict': 33020615, 'station': 'VACANT SITE-MAPLETON EXT10 (TENT)', 'station_type': 'Tent', 'registered': 3974, 'turnout': 0.5231504781077001, 'tent': 1}]"
79700096,Ekurhuleni,13749,7120,258,4,0.5366,0.035,ANC,0.7532,0.6037,1.6818,0.7532,0.0603,0.1496,0.0,0.2357,0.95,0.4073,12.9365,Low risk,0.4986,0.4466,0.5506,96,"[{'VotingDistrict': 33010298, 'station': 'PUTFONTEIN PORTION 100 (TENT)', 'station_type': 'Tent', 'registered': 3240, 'turnout': 0.5530864197530864, 'tent': 1}, {'VotingDistrict': 33010311, 'station': 'PORTION 37 OF PUTFONTEIN', 'station_type': 'Other', 'registered': 2770, 'turnout': 0.5555956678700361, 'tent': 0}, {'VotingDistrict': 33010355, 'station': 'AFRICAN CHURCH', 'station_type': 'Church', 'registered': 4385, 'turnout': 0.5112884834663626, 'tent': 0}]"
79700097,Ekurhuleni,15035,9198,120,5,0.6198,0.0129,DA,0.8012,0.6956,1.5221,0.1056,0.8012,0.022,0.0,0.3056,0.95,0.5518,6.7933,Low risk,0.6056,0.5536,0.6576,97,"[{'VotingDistrict': 33030021, 'station': 'INDOOR SPORTS CENTRE', 'station_type': 'Hall/Centre', 'registered': 2455, 'turnout': 0.6256619144602852, 'tent': 0}, {'VotingDistrict': 33030032, 'station': 'TOWN HALL', 'station_type': 'Hall/Centre', 'registered': 4006, 'turnout': 0.5708936595107339, 'tent': 0}, {'VotingDistrict': 33030043, 'station': 'HOËRSKOOL DIE ANKER', 'station_type': 'Other', 'registered': 3252, 'turnout': 0.6931119311193112, 'tent': 0}]"
79700098,Ekurhuleni,12069,6853,116,6,0.5774,0.0166,ANC,0.8481,0.7731,1.3743,0.8481,0.0428,0.075,0.0,0.0,0.6567,0.4285,14.8893,Low risk,0.564,0.512,0.616,98,"[{'VotingDistrict': 33080138, 'station': 'LUCKY MKHWANAZI CLINIC', 'station_type': 'Other', 'registered': 2883, 'turnout': 0.557058619493583, 'tent': 0}, {'VotingDistrict': 33080149, 'station': 'NN NDEBELE PRIMARY SCHOOL', 'station_type': 'School', 'registered': 2007, 'turnout': 0.5266567015445939, 'tent': 0}, {'VotingDistrict': 33080172, 'station': 'IPHAHAMISENG PRIMARY SCHOOL', 'station_type': 'School', 'registered': 2024, 'turnout': 0.5805335968379447, 'tent': 0}]"
79700099,Ekurhuleni,15675,8425,172,6,0.5485,0.02,ANC,0.7079,0.5593,1.8736,0.7079,0.098,0.1486,0.0,0.1118,0.948,0.4183,13.0129,Low risk,0.5321,0.4801,0.5841,99,"[{'VotingDistrict': 33020301, 'station': 'WINDMILL PARK PRIMARY SCHOOL', 'station_type': 'School', 'registered': 5717, 'turnout': 0.4750743396886479, 'tent': 0}, {'VotingDistrict': 33020604, 'station': 'VACANT SITE ULUNDI TAXI RANK', 'station_type': 'Other', 'registered': 4268, 'turnout': 0.5817713214620431, 'tent': 0}, {'VotingDistrict': 33020693, 'station': 'THULASIZWE PRIMARY SCHO0L', 'station_type': 'School', 'registered': 1643, 'turnout': 0.5276932440657334, 'tent': 0}]"
79700100,Ekurhuleni,14328,5634,129,5,0.4022,0.0224,ANC,0.4826,0.0722,2.4525,0.4826,0.074,0.4104,0.0,0.0,0.6729,0.4052,-0.3025,Medium risk,0.3866,0.3346,0.4386,100,"[{'VotingDistrict': 32890147, 'station': 'MORITING PARK MUNICIPAL PROPERTY', 'station_type': 'Other', 'registered': 2949, 'turnout': 0.43540183112919634, 'tent': 0}, {'VotingDistrict': 32890170, 'station': 'SETHOKGA HOSTEL HALL', 'station_type': 'Hall/Centre', 'registered': 4513, 'turnout': 0.351872368712608, 'tent': 0}, {'VotingDistrict': 32890181, 'station': 'SETHOKGA HOSTEL PARK', 'station_type': 'Other', 'registered': 3284, 'turnout': 0.402557856272838, 'tent': 0}]"
79700101,Ekurhuleni,13146,7217,122,5,0.5583,0.0166,ANC,0.7851,0.6669,1.5766,0.7851,0.0413,0.1182,0.0,0.1562,0.95,0.4129,14.5386,Low risk,0.5203,0.4683,0.5723,101,"[{'VotingDistrict': 33060136, 'station': 'BAPTIST COMMUNITY  CHURCH', 'station_type': 'Church', 'registered': 2908, 'turnout': 0.5165061898211829, 'tent': 0}, {'VotingDistrict': 33060147, 'station': 'OLD APOSTOLIC CHURCH', 'station_type': 'Church', 'registered': 1737, 'turnout': 0.5877950489349453, 'tent': 0}, {'VotingDistrict': 33060169, 'station': 'CHIVIRIKANI PRIMARY SCHOOL', 'station_type': 'School', 'registered': 3273, 'turnout': 0.5698136266422242, 'tent': 0}]"
79700102,Ekurhuleni,16702,7451,141,6,0.4546,0.0186,EFF,0.4638,0.0015,2.3165,0.4624,0.0442,0.4638,0.0,0.0,0.6538,0.4022,5.2388,Low risk,0.4346,0.3826,0.4866,102,"[{'VotingDistrict': 32890754, 'station': 'A MAPHETHO PRIMARY SCHOOL', 'station_type': 'School', 'registered': 3219, 'turnout': 0.5240757999378689, 'tent': 0}, {'VotingDistrict': 32910072, 'station': 'APOSTOLIC SAVES GOSPEL CHURH', 'station_type': 'Other', 'registered': 2572, 'turnout': 0.322706065318818, 'tent': 0}, {'VotingDistrict': 32910263, 'station': 'MPUMELELO PRIMARY SCHOOL', 'station_type': 'School', 'registered': 4988, 'turnout': 0.3682838813151564, 'tent': 0}]"
79700103,Ekurhuleni,13506,7594,242,4,0.5802,0.0309,ANC,0.7763,0.6398,1.5933,0.7763,0.1364,0.0801,0.0,0.1713,0.95,0.4243,15.5923,Low risk,0.5576,0.5056,0.6096,103,"[{'VotingDistrict': 33000039, 'station': 'NQUBELA PRIMARY SCHOOL', 'station_type': 'School', 'registered': 3549, 'turnout': 0.5996055226824457, 'tent': 0}, {'VotingDistrict': 33060158, 'station': 'PALM RIDGE COMMUNITY HALL', 'station_type': 'Hall/Centre', 'registered': 5372, 'turnout': 0.4931124348473567, 'tent': 0}, {'VotingDistrict': 33061104, 'station': 'KWENELE REGIONAL PARK', 'station_type': 'Other', 'registered': 2272, 'turnout': 0.6694542253521126, 'tent': 0}]"
79700104,Ekurhuleni,15809,10331,113,5,0.6606,0.0108,DA,0.7238,0.5722,1.8029,0.1517,0.7238,0.0839,0.0,0.0,0.3445,0.5491,11.1571,Low risk,0.6288,0.5768,0.6808,104,"[{'VotingDistrict': 32890530, 'station': 'MOOIFONTEIN LAERSKOOL', 'station_type': 'School', 'registered': 4136, 'turnout': 0.6789168278529981, 'tent': 0}, {'VotingDistrict': 32890541, 'station': 'WESTSIDE PRIMARY SCHOOL', 'station_type': 'School', 'registered': 3948, 'turnout': 0.5937183383991894, 'tent': 0}, {'VotingDistrict': 32890563, 'station': 'EDLEEN PRIMARY SCHOOL', 'station_type': 'School', 'registered': 2877, 'turnout': 0.6339937434827946, 'tent': 0}]"
79700105,Ekurhuleni,12187,8322,54,6,0.6873,0.0064,DA,0.8464,0.7729,1.38,0.0735,0.8464,0.0216,0.0,0.0,0.2901,0.5874,9.9886,Low risk,0.6643,0.6123,0.7163,105,"[{'VotingDistrict': 33030054, 'station': 'HOUSE OF REVIVAL CHURCH', 'station_type': 'Church', 'registered': 908, 'turnout': 0.4944933920704846, 'tent': 0}, {'VotingDistrict': 33030076, 'station': 'DIE AREND PRIMARY SCHOOL', 'station_type': 'School', 'registered': 1478, 'turnout': 0.6055480378890392, 'tent': 0}, {'VotingDistrict': 33030087, 'station': 'DALVIEW PRIMARY SCHOOL', 'station_type': 'School', 'registered': 3953, 'turnout': 0.717682772577789, 'tent': 0}]"
79700106,Ekurhuleni,15722,11337,20,4,0.7224,0.0018,DA,0.8607,0.8003,1.3393,0.0604,0.8607,0.0183,0.0,0.5222,0.95,0.5555,16.6816,Low risk,0.7068,0.6548,0.7588,106,"[{'VotingDistrict': 33000253, 'station': 'TENT (INFO KIOSK)', 'station_type': 'Tent', 'registered': 6250, 'turnout': 0.71712, 'tent': 1}, {'VotingDistrict': 33000286, 'station': 'ALBERTON HIGH SCHOOL', 'station_type': 'School', 'registered': 3710, 'turnout': 0.7336927223719677, 'tent': 0}, {'VotingDistrict': 33000297, 'station': 'ALBERTON LIBRARY AUDITORIUM', 'station_type': 'Other', 'registered': 3802, 'turnout': 0.7077853761178328, 'tent': 0}]"
79700107,Ekurhuleni,13305,7739,101,6,0.5893,0.0129,ANC,0.7129,0.555,1.8386,0.7129,0.1026,0.1579,0.0,0.0,0.6161,0.427,16.2234,Low risk,0.5999,0.5479,0.6519,107,"[{'VotingDistrict': 33020031, 'station': 'NAGENG PRIMARY SCHOOL', 'station_type': 'School', 'registered': 2375, 'turnout': 0.5789473684210527, 'tent': 0}, {'VotingDistrict': 33020671, 'station': 'NEW LIFE BIBLE CHRISTIAN CHURCH', 'station_type': 'Church', 'registered': 1540, 'turnout': 0.6103896103896104, 'tent': 0}, {'VotingDistrict': 33020750, 'station': 'TSWELOPELE CLINIC', 'station_type': 'Other', 'registered': 1095, 'turnout': 0.6785388127853881, 'tent': 0}]"
79700108,Ekurhuleni,12910,7232,162,4,0.5727,0.0219,ANC,0.7768,0.7062,1.6238,0.7768,0.0462,0.0707,0.0,0.2832,0.95,0.4058,16.6932,Low risk,0.5582,0.5062,0.6102,108,"[{'VotingDistrict': 33060079, 'station': 'KATLEHONG SOUTH SECONDARY SCHOOL', 'station_type': 'School', 'registered': 2645, 'turnout': 0.5240075614366729, 'tent': 0}, {'VotingDistrict': 33060080, 'station': 'KATLEHONG SOUTH PRIMARY SCHOOL', 'station_type': 'School', 'registered': 4360, 'turnout': 0.5690366972477064, 'tent': 0}, {'VotingDistrict': 33060091, 'station': 'ETHOPIA INTERNATIONAL CHURCH OF SOUTH AFRICA', 'station_type': 'Church', 'registered': 2249, 'turnout': 0.5980435749221876, 'tent': 0}]"
79700109,Ekurhuleni,14293,7814,189,6,0.5599,0.0236,ANC,0.7188,0.6035,1.8377,0.7188,0.0459,0.1153,0.0,0.1096,0.95,0.413,14.6905,Low risk,0.547,0.495,0.599,109,"[{'VotingDistrict': 33010186, 'station': 'WJ MPENGESI PRIMARY SCHOOL', 'station_type': 'School', 'registered': 2296, 'turnout': 0.6054006968641115, 'tent': 0}, {'VotingDistrict': 33010197, 'station': 'TENT (EXT 7 SOCCER FIELD)', 'station_type': 'Tent', 'registered': 1566, 'turnout': 0.669220945083014, 'tent': 1}, {'VotingDistrict': 33010210, 'station': 'QUANTUM SECONDARY SCHOOL', 'station_type': 'School', 'registered': 1539, 'turnout': 0.6140350877192983, 'tent': 0}]"
79700110,Ekurhuleni,17040,9161,259,6,0.5528,0.0275,ANC,0.7355,0.6002,1.7624,0.7355,0.0812,0.1354,0.0,0.0,0.6413,0.426,12.682,Low risk,0.5351,0.4831,0.5871,110,"[{'VotingDistrict': 33010489, 'station': 'BAFO CHICO PRIMARY SCHOOL', 'station_type': 'School', 'registered': 2146, 'turnout': 0.51071761416589, 'tent': 0}, {'VotingDistrict': 33010502, 'station': 'SOZIZWE PRIMARY SCHOOL', 'station_type': 'School', 'registered': 1640, 'turnout': 0.5414634146341464, 'tent': 0}, {'VotingDistrict': 33010513, 'station': 'UNITY SECONDARY SCHOOL', 'station_type': 'School', 'registered': 2769, 'turnout': 0.5521849042975804, 'tent': 0}]"
79700111,Ekurhuleni,12577,6873,178,7,0.5606,0.0252,ANC,0.6242,0.4329,2.2477,0.6242,0.1913,0.1334,0.0,0.1668,0.95,0.42,14.0608,Low risk,0.515,0.463,0.567,111,"[{'VotingDistrict': 33030559, 'station': 'THE METHODIST CHURCH OF SOUTHERN AFRICA', 'station_type': 'Church', 'registered': 1091, 'turnout': 0.6507791017415215, 'tent': 0}, {'VotingDistrict': 33030616, 'station': 'HOUSE OF RESTORATION CHURCH', 'station_type': 'Church', 'registered': 1127, 'turnout': 0.6699201419698314, 'tent': 0}, {'VotingDistrict': 33080228, 'station': 'DUNNOTTAR PRIMARY SCHOOL', 'station_type': 'School', 'registered': 3150, 'turnout': 0.5952380952380952, 'tent': 0}]"
79700112,Ekurhuleni,13204,6976,176,7,0.5417,0.0246,ANC,0.7132,0.5469,1.8447,0.7132,0.0636,0.1663,0.0,0.0,0.6473,0.4211,12.0551,Low risk,0.525,0.473,0.577,112,"[{'VotingDistrict': 33030065, 'station': 'TWELVE APOSTLE CHURCH OF AFRICA', 'station_type': 'Church', 'registered': 3001, 'turnout': 0.5344885038320559, 'tent': 0}, {'VotingDistrict': 33030290, 'station': 'PHUMLANI PRIMARY SCHOOL', 'station_type': 'School', 'registered': 1743, 'turnout': 0.5892139988525531, 'tent': 0}, {'VotingDistrict': 33030380, 'station': 'BUHLEBEMFUNDO SECONDARY SCHOOL', 'station_type': 'School', 'registered': 2818, 'turnout': 0.5372604684173172, 'tent': 0}]"
79800001,Johannesburg,14294,5510,122,6,0.394,0.0217,ANC,0.6027,0.49,2.5394,0.6027,0.0702,0.1127,0.0766,0.0,0.6955,0.4125,-1.8471,Medium risk,0.3831,0.3311,0.4351,1,"[{'VotingDistrict': 32860728, 'station': 'THE VICTORIOUS RESTORATION CHURCH INTERNATIONAL', 'station_type': 'Church', 'registered': 3554, 'turnout': 0.2782779966235228, 'tent': 0}, {'VotingDistrict': 32860896, 'station': 'TSHEPANA PRIMARY SCHOOL', 'station_type': 'School', 'registered': 1398, 'turnout': 0.376967095851216, 'tent': 0}, {'VotingDistrict': 32860919, 'station': 'THAMSANQA SECONDARY SCHOOL', 'station_type': 'School', 'registered': 2330, 'turnout': 0.5862660944206008, 'tent': 0}]"
79800002,Johannesburg,14308,5331,87,8,0.3787,0.0161,ANC,0.5029,0.2337,2.9307,0.5029,0.1118,0.2692,0.0295,0.1883,0.95,0.393,-1.4362,Medium risk,0.4043,0.3523,0.4563,2,"[{'VotingDistrict': 32861011, 'station': 'QOQA SECONDARY SCHOOL', 'station_type': 'School', 'registered': 1914, 'turnout': 0.3949843260188088, 'tent': 0}, {'VotingDistrict': 32861033, 'station': 'TENT ORANGE FARM EXT 1 NEXT TO NAMBITHA', 'station_type': 'Tent', 'registered': 1402, 'turnout': 0.29243937232524964, 'tent': 1}, {'VotingDistrict': 32862359, 'station': 'LANGALIBALELE PRIMARY SCHOOL', 'station_type': 'School', 'registered': 2701, 'turnout': 0.34431691965938543, 'tent': 0}]"
79800003,Johannesburg,13325,4986,110,7,0.3824,0.0216,ANC,0.5638,0.3533,2.6664,0.5638,0.0598,0.2105,0.0602,0.0,0.6975,0.4053,-2.2908,Medium risk,0.3681,0.3161,0.4201,3,"[{'VotingDistrict': 32860874, 'station': 'LESHATA SECONDARY SCHOOL', 'station_type': 'School', 'registered': 2580, 'turnout': 0.35891472868217056, 'tent': 0}, {'VotingDistrict': 32860908, 'station': 'RADIPABI PRIMARY SCHOOL', 'station_type': 'School', 'registered': 2462, 'turnout': 0.38464662875710803, 'tent': 0}, {'VotingDistrict': 32860920, 'station': 'LAUS DEO PRIMARY SCHOOL', 'station_type': 'School', 'registered': 1409, 'turnout': 0.3456352022711143, 'tent': 0}]"
79800004,Johannesburg,17574,6980,65,7,0.4009,0.0092,ANC,0.655,0.5274,2.1835,0.655,0.0557,0.1277,0.0764,0.0,0.7039,0.4159,-1.5049,Medium risk,0.3934,0.3414,0.4454,4,"[{'VotingDistrict': 32860852, 'station': 'INTLONIPHO PRIMARY SCHOOL', 'station_type': 'School', 'registered': 3370, 'turnout': 0.36468842729970324, 'tent': 0}, {'VotingDistrict': 32860863, 'station': 'VULANINDLELA SECONDARY SCHOOL', 'station_type': 'School', 'registered': 2106, 'turnout': 0.402659069325736, 'tent': 0}, {'VotingDistrict': 32860885, 'station': 'REITUMETSE PRIMARY SCHOOL', 'station_type': 'School', 'registered': 533, 'turnout': 0.3133208255159475, 'tent': 0}]"
79800005,Johannesburg,16037,5670,76,8,0.3583,0.0132,ANC,0.5984,0.4289,2.4992,0.5984,0.0519,0.1695,0.0677,0.0722,0.9177,0.4035,-4.5176,Medium risk,0.347,0.295,0.399,5,"[{'VotingDistrict': 32860717, 'station': 'GOVAN MBEKI PRIMARY SCHOOL', 'station_type': 'School', 'registered': 4116, 'turnout': 0.3530126336248785, 'tent': 0}, {'VotingDistrict': 32860942, 'station': 'ST CHARLES LWANGA EDUCATION AND TRAINING CENTRE', 'station_type': 'Hall/Centre', 'registered': 2149, 'turnout': 0.19404374127501164, 'tent': 0}, {'VotingDistrict': 32860997, 'station': 'IMFUNDU THUTO DAYCARE', 'station_type': 'Other', 'registered': 1002, 'turnout': 0.40219560878243515, 'tent': 0}]"
79800006,Johannesburg,18549,8171,197,11,0.4511,0.0235,ANC,0.5636,0.4476,2.8252,0.5636,0.0451,0.1159,0.0486,0.0167,0.717,0.4027,4.8396,Low risk,0.4201,0.3681,0.4721,6,"[{'VotingDistrict': 32862371, 'station': 'THUTHUKANI-TSWELOPELE PRIMARY SCHOOL', 'station_type': 'School', 'registered': 3233, 'turnout': 0.44355088153417876, 'tent': 0}, {'VotingDistrict': 32862382, 'station': 'SAKHISIZWE SECONDARY SCHOOL', 'station_type': 'School', 'registered': 3987, 'turnout': 0.2992224730373715, 'tent': 0}, {'VotingDistrict': 32862427, 'station': 'GODS PLAN CHURCH', 'station_type': 'Church', 'registered': 1019, 'turnout': 0.4592737978410206, 'tent': 0}]"
79800007,Johannesburg,19786,9511,127,9,0.4871,0.0132,ANC,0.3755,0.0391,3.6156,0.3755,0.1215,0.0614,0.0502,0.0684,0.7983,0.389,9.8161,Low risk,0.4896,0.4376,0.5416,7,"[{'VotingDistrict': 32861044, 'station': 'ENNERDALE EVANGELIC CHURCH', 'station_type': 'Church', 'registered': 2780, 'turnout': 0.5348920863309352, 'tent': 0}, {'VotingDistrict': 32861055, 'station': 'MID-ENNERDALE PRIMARY SCHOOL', 'station_type': 'School', 'registered': 3991, 'turnout': 0.5281884239538963, 'tent': 0}, {'VotingDistrict': 32861066, 'station': 'FRED NORMAN SECONDARY SCHOOL', 'station_type': 'School', 'registered': 3082, 'turnout': 0.5191434133679429, 'tent': 0}]"
79800008,Johannesburg,18048,6382,127,9,0.3606,0.0195,ANC,0.5028,0.3477,3.2279,0.5028,0.0725,0.1551,0.1523,0.0,0.695,0.3993,-3.8688,Medium risk,0.3611,0.3091,0.4131,8,"[{'VotingDistrict': 32860694, 'station': 'APEX PRIMARY SCHOOL', 'station_type': 'School', 'registered': 1975, 'turnout': 0.3681012658227848, 'tent': 0}, {'VotingDistrict': 32860706, 'station': 'BIG BEAR CRECHE', 'station_type': 'Other', 'registered': 1857, 'turnout': 0.38556812062466345, 'tent': 0}, {'VotingDistrict': 32862483, 'station': 'LAWLEY COMMUNITY CRECHE', 'station_type': 'Hall/Centre', 'registered': 2811, 'turnout': 0.3649946638207044, 'tent': 0}]"
79800009,Johannesburg,18174,8453,60,8,0.4684,0.007,AlJama,0.49,0.3131,3.1837,0.1676,0.1769,0.0157,0.1185,0.0,0.5701,0.4336,3.4861,Low risk,0.4662,0.4142,0.5182,9,"[{'VotingDistrict': 32860616, 'station': 'HARMONY PRIMARY  SCHOOL', 'station_type': 'School', 'registered': 1713, 'turnout': 0.5388207822533567, 'tent': 0}, {'VotingDistrict': 32860638, 'station': 'LENASIA CIVIC CENTRE', 'station_type': 'Hall/Centre', 'registered': 3049, 'turnout': 0.3463430632994424, 'tent': 0}, {'VotingDistrict': 32860649, 'station': 'PARK PRIMARY SCHOOL', 'station_type': 'School', 'registered': 2389, 'turnout': 0.490163248221013, 'tent': 0}]"
79800010,Johannesburg,14394,6038,121,8,0.4279,0.0196,ANC,0.3206,0.1091,5.0225,0.3206,0.1484,0.0765,0.1361,0.3825,0.95,0.3487,7.9211,Low risk,0.4014,0.3494,0.4534,10,"[{'VotingDistrict': 32860021, 'station': 'TENT PROTEA SOUTH (NEAR HOUSE NO. 3940)', 'station_type': 'Tent', 'registered': 2385, 'turnout': 0.4243186582809224, 'tent': 1}, {'VotingDistrict': 32860065, 'station': 'TENT OPP HOUSE 3943 VENTURE STREET', 'station_type': 'Tent', 'registered': 3121, 'turnout': 0.3546940083306632, 'tent': 1}, {'VotingDistrict': 32860087, 'station': 'ALTMONT TECHNICAL HIGH SCHOOL', 'station_type': 'School', 'registered': 2644, 'turnout': 0.3959909228441755, 'tent': 0}]"
79800011,Johannesburg,15888,6704,85,7,0.4273,0.0125,ANC,0.4063,0.2464,4.2972,0.4063,0.0904,0.1016,0.139,0.0,0.6461,0.3822,4.5114,Low risk,0.4355,0.3835,0.4875,11,"[{'VotingDistrict': 32860593, 'station': 'FIRETHORN PRIMARY SCHOOL', 'station_type': 'School', 'registered': 2049, 'turnout': 0.5222059541239629, 'tent': 0}, {'VotingDistrict': 32860605, 'station': 'ST IVES PRIMARY SCHOOL', 'station_type': 'School', 'registered': 1950, 'turnout': 0.563076923076923, 'tent': 0}, {'VotingDistrict': 32862203, 'station': 'UNITING PRESBYTERIAN CHURCH', 'station_type': 'Church', 'registered': 2097, 'turnout': 0.3371483071053887, 'tent': 0}]"
79800012,Johannesburg,15492,6024,66,7,0.3931,0.0108,ANC,0.5372,0.3388,2.808,0.5372,0.0339,0.156,0.1984,0.0,0.6952,0.3999,-0.6796,Medium risk,0.3603,0.3083,0.4123,12,"[{'VotingDistrict': 32861189, 'station': 'ELSIE NGIDI PRIMARY SCHOOL', 'station_type': 'School', 'registered': 1792, 'turnout': 0.45535714285714285, 'tent': 0}, {'VotingDistrict': 32862247, 'station': 'GAZANKULU SCHOOL', 'station_type': 'School', 'registered': 1906, 'turnout': 0.4024134312696747, 'tent': 0}, {'VotingDistrict': 32862269, 'station': 'PUTALUSHAKA PRIMARY SCHOOL', 'station_type': 'School', 'registered': 1861, 'turnout': 0.3573347662547018, 'tent': 0}]"
79800013,Johannesburg,15430,6091,144,6,0.4041,0.0231,ANC,0.4664,0.1972,3.1557,0.4664,0.0445,0.1535,0.2692,0.2543,0.95,0.3752,2.8868,Low risk,0.4008,0.3488,0.4528,13,"[{'VotingDistrict': 32861246, 'station': 'TENT AT NEAR PROTEA GLEN POLICE STATION)', 'station_type': 'Tent', 'registered': 3924, 'turnout': 0.3837920489296636, 'tent': 1}, {'VotingDistrict': 32861459, 'station': 'THOLIMFUNDO PRIMARY SCHOOL', 'station_type': 'School', 'registered': 3319, 'turnout': 0.3751129858391082, 'tent': 0}, {'VotingDistrict': 32861831, 'station': 'BLESSED ISIDOREBAKANJA CATHOLIC CHURCH', 'station_type': 'Church', 'registered': 2253, 'turnout': 0.40745672436750996, 'tent': 0}]"
79800014,Johannesburg,14188,6152,99,6,0.4406,0.0158,ANC,0.5098,0.2897,3.0004,0.5098,0.0445,0.1411,0.2201,0.1999,0.95,0.3832,5.7347,Low risk,0.4602,0.4082,0.5122,14,"[{'VotingDistrict': 32860762, 'station': 'TENT (OPPOSITE HOUSE NO. 5255)', 'station_type': 'Tent', 'registered': 2836, 'turnout': 0.3765867418899859, 'tent': 1}, {'VotingDistrict': 32862180, 'station': 'REBONE  PRIMARY SCHOOL', 'station_type': 'School', 'registered': 1786, 'turnout': 0.4748040313549832, 'tent': 0}, {'VotingDistrict': 32862191, 'station': 'MONICA LOLWANE EDUCARE CENTRE', 'station_type': 'Hall/Centre', 'registered': 1360, 'turnout': 0.475, 'tent': 0}]"
79800015,Johannesburg,14312,5032,78,7,0.357,0.0153,ANC,0.5451,0.3843,2.8533,0.5451,0.0328,0.1403,0.1608,0.0,0.7129,0.4002,-4.3148,Medium risk,0.3315,0.2795,0.3835,15,"[{'VotingDistrict': 32861549, 'station': 'PHIRI SCHOOL', 'station_type': 'School', 'registered': 2536, 'turnout': 0.39668769716088326, 'tent': 0}, {'VotingDistrict': 32861606, 'station': 'BAFIKILE PRIMARY SCHOOL', 'station_type': 'School', 'registered': 1481, 'turnout': 0.3916272788656313, 'tent': 0}, {'VotingDistrict': 32861640, 'station': 'KGOTSO PRIMARY SCHOOL', 'station_type': 'School', 'registered': 2001, 'turnout': 0.4357821089455272, 'tent': 0}]"
79800016,Johannesburg,14048,5807,107,8,0.421,0.0181,ANC,0.4532,0.2707,3.644,0.4532,0.0401,0.1309,0.1216,0.2232,0.95,0.3707,5.0235,Low risk,0.3999,0.3479,0.4519,16,"[{'VotingDistrict': 32861651, 'station': 'MEGATONG PRIMARY SCHOOL', 'station_type': 'School', 'registered': 1116, 'turnout': 0.46415770609318996, 'tent': 0}, {'VotingDistrict': 32861662, 'station': 'MOTSANENG SCHOOL', 'station_type': 'School', 'registered': 1839, 'turnout': 0.4594888526373029, 'tent': 0}, {'VotingDistrict': 32861673, 'station': 'DIODI PRIMARY SCHOOL', 'station_type': 'School', 'registered': 1874, 'turnout': 0.4455709711846318, 'tent': 0}]"
79800017,Johannesburg,18261,9343,125,8,0.5185,0.0132,PA,0.5216,0.3147,2.97,0.1318,0.2069,0.0321,0.0447,0.0,0.5347,0.4442,7.4235,Low risk,0.5044,0.4524,0.5564,17,"[{'VotingDistrict': 32860515, 'station': 'ELDORADO PARK PRIMARY SCHOOL', 'station_type': 'School', 'registered': 2045, 'turnout': 0.5442542787286063, 'tent': 0}, {'VotingDistrict': 32860548, 'station': 'KLIPTOWN EBENEZER CONGREGATIONAL CHURCH', 'station_type': 'Church', 'registered': 2226, 'turnout': 0.46900269541778977, 'tent': 0}, {'VotingDistrict': 32860559, 'station': 'PARKDALE PRIMARY SCHOOL', 'station_type': 'School', 'registered': 2765, 'turnout': 0.5189873417721519, 'tent': 0}]"
79800018,Johannesburg,18900,10195,97,9,0.5446,0.0094,PA,0.6458,0.4634,2.1841,0.0692,0.1824,0.0119,0.0365,0.0463,0.6495,0.463,8.1555,Low risk,0.5207,0.4687,0.5727,18,"[{'VotingDistrict': 32860391, 'station': 'JD OPPERMAN RECREATION CENTRE', 'station_type': 'Hall/Centre', 'registered': 2749, 'turnout': 0.541287740996726, 'tent': 0}, {'VotingDistrict': 32860403, 'station': 'TENT (OPP HOUSE NO 217 STERRE ROAD)', 'station_type': 'Tent', 'registered': 876, 'turnout': 0.5159817351598174, 'tent': 1}, {'VotingDistrict': 32860470, 'station': 'BOEKENHOUT PRIMARY SCHOOL', 'station_type': 'School', 'registered': 2929, 'turnout': 0.5305565039262546, 'tent': 0}]"
79800019,Johannesburg,13334,5030,73,8,0.3827,0.0143,ANC,0.5314,0.3392,2.9032,0.5314,0.0475,0.1417,0.1922,0.1617,0.95,0.389,-0.6245,Medium risk,0.348,0.296,0.4,19,"[{'VotingDistrict': 32860447, 'station': 'TENT (FREEMDOM CHARTER SQUARE)', 'station_type': 'Tent', 'registered': 1118, 'turnout': 0.3407871198568873, 'tent': 1}, {'VotingDistrict': 32861482, 'station': 'LAKEVIEW PRIMARY SCHOOL', 'station_type': 'School', 'registered': 1281, 'turnout': 0.4847775175644028, 'tent': 0}, {'VotingDistrict': 32861594, 'station': 'ISIPHO PRIMARY SCHOOL', 'station_type': 'School', 'registered': 1878, 'turnout': 0.44036208732694354, 'tent': 0}]"
79800020,Johannesburg,13868,5136,51,6,0.374,0.0098,ANC,0.5243,0.3437,2.9343,0.5243,0.0319,0.1807,0.1513,0.0,0.7024,0.3981,-2.4043,Medium risk,0.3638,0.3118,0.4158,20,"[{'VotingDistrict': 32861932, 'station': 'KARABO SCHOOL', 'station_type': 'School', 'registered': 2615, 'turnout': 0.44435946462715104, 'tent': 0}, {'VotingDistrict': 32862089, 'station': 'MARA PRIMARY SCHOOL', 'station_type': 'School', 'registered': 2264, 'turnout': 0.36174911660777387, 'tent': 0}, {'VotingDistrict': 32862135, 'station': 'IKEMELENG JUNIOR PRIMARY', 'station_type': 'School', 'registered': 2092, 'turnout': 0.43833652007648183, 'tent': 0}]"
79800021,Johannesburg,15015,7477,128,8,0.5065,0.0168,ANC,0.4266,0.2647,3.9475,0.4266,0.0365,0.1567,0.162,0.0,0.6269,0.3812,12.5343,Low risk,0.4754,0.4234,0.5274,21,"[{'VotingDistrict': 32861178, 'station': 'MOCHOCHONONO SCHOOL', 'station_type': 'School', 'registered': 2044, 'turnout': 0.87426614481409, 'tent': 0}, {'VotingDistrict': 32861875, 'station': 'DIKWANKWETLA PRIMARY SCHOOL', 'station_type': 'School', 'registered': 1814, 'turnout': 0.45093715545755236, 'tent': 0}, {'VotingDistrict': 32861886, 'station': 'TIHOLOHELO SCHOOL', 'station_type': 'School', 'registered': 1843, 'turnout': 0.42973412913727616, 'tent': 0}]"
79800022,Johannesburg,18658,8086,66,8,0.4369,0.0081,ANC,0.4892,0.3036,3.3014,0.4892,0.0388,0.1232,0.1856,0.1409,0.95,0.3823,5.4581,Low risk,0.4309,0.3789,0.4829,22,"[{'VotingDistrict': 32841086, 'station': 'LEIHLO PRIMARY SCHOOL', 'station_type': 'School', 'registered': 3283, 'turnout': 0.42217484008528783, 'tent': 0}, {'VotingDistrict': 32841097, 'station': 'TSHEBEDISANO PRIMARY SCHOOL', 'station_type': 'School', 'registered': 2577, 'turnout': 0.40318199456732634, 'tent': 0}, {'VotingDistrict': 32841109, 'station': 'ST PETER CLAVER SCHOOL', 'station_type': 'School', 'registered': 2852, 'turnout': 0.4474053295932679, 'tent': 0}]"
79800023,Johannesburg,17898,9869,31,5,0.5531,0.0031,DA,0.505,0.1492,2.567,0.0849,0.505,0.02,0.3559,0.1513,0.8612,0.4796,7.3493,Low risk,0.5227,0.4707,0.5747,23,"[{'VotingDistrict': 32860290, 'station': 'GLENANDA PRIMARY SCHOOL', 'station_type': 'School', 'registered': 4533, 'turnout': 0.5550408118243989, 'tent': 0}, {'VotingDistrict': 32860302, 'station': 'TENT (BASSONIA)', 'station_type': 'Tent', 'registered': 2708, 'turnout': 0.5834564254062038, 'tent': 1}, {'VotingDistrict': 32860368, 'station': 'COMARO VALLEY NURSERY SCHOOL', 'station_type': 'School', 'registered': 2499, 'turnout': 0.562625050020008, 'tent': 0}]"
79800024,Johannesburg,16251,5578,110,8,0.35,0.0193,ANC,0.557,0.3806,2.7774,0.557,0.026,0.1764,0.0871,0.2378,0.95,0.3832,-3.3238,Medium risk,0.3628,0.3108,0.4148,24,"[{'VotingDistrict': 32862573, 'station': 'SOMELULWAZI PRIMARY SCHOOL', 'station_type': 'School', 'registered': 1513, 'turnout': 0.3205551883674818, 'tent': 0}, {'VotingDistrict': 32862584, 'station': 'ASSEMBLIES OF GOD AGF', 'station_type': 'Other', 'registered': 2940, 'turnout': 0.31768707482993197, 'tent': 0}, {'VotingDistrict': 32862595, 'station': 'ARISE AND SHINE HOPE CENTRE', 'station_type': 'Hall/Centre', 'registered': 2739, 'turnout': 0.35998539612997443, 'tent': 0}]"
79800025,Johannesburg,16917,6613,216,9,0.4037,0.0316,ANC,0.4394,0.2664,3.7693,0.4394,0.0283,0.1328,0.173,0.0,0.6772,0.3829,2.0813,Low risk,0.3798,0.3278,0.4318,25,"[{'VotingDistrict': 32841042, 'station': 'KLIPSPRUIT HOSTEL', 'station_type': 'Other', 'registered': 1694, 'turnout': 0.3051948051948052, 'tent': 0}, {'VotingDistrict': 32841053, 'station': 'EMSHUKANTAMBO SECONDARY SCHOOL', 'station_type': 'School', 'registered': 2923, 'turnout': 0.3924050632911392, 'tent': 0}, {'VotingDistrict': 32841064, 'station': 'THE METHODIST CHURCH OF SOUTHERN AFRICA', 'station_type': 'Church', 'registered': 1308, 'turnout': 0.44724770642201833, 'tent': 0}]"
79800026,Johannesburg,16075,5935,80,9,0.3742,0.0133,ANC,0.4591,0.2939,3.6724,0.4591,0.0386,0.1653,0.1141,0.0,0.6908,0.3862,-1.1975,Medium risk,0.3581,0.3061,0.4101,26,"[{'VotingDistrict': 32840625, 'station': 'KHOMANANI SCHOOL', 'station_type': 'School', 'registered': 1369, 'turnout': 0.40759678597516436, 'tent': 0}, {'VotingDistrict': 32840838, 'station': 'ELITHENI SCHOOL', 'station_type': 'School', 'registered': 1641, 'turnout': 0.48689823278488725, 'tent': 0}, {'VotingDistrict': 32840872, 'station': 'GIYANI PRIMARY SCHOOL', 'station_type': 'School', 'registered': 2003, 'turnout': 0.38991512730903644, 'tent': 0}]"
79800027,Johannesburg,16988,7150,81,9,0.4257,0.0112,ANC,0.5022,0.2859,3.0051,0.5022,0.0355,0.1747,0.2164,0.0574,0.8356,0.3922,3.3499,Low risk,0.4251,0.3731,0.4771,27,"[{'VotingDistrict': 32840917, 'station': 'THABISILE SCHOOL', 'station_type': 'School', 'registered': 1502, 'turnout': 0.37683089214380827, 'tent': 0}, {'VotingDistrict': 32840939, 'station': 'FIDELITAS COMPREHENSIVE SCHOOL', 'station_type': 'School', 'registered': 1478, 'turnout': 0.4330175913396482, 'tent': 0}, {'VotingDistrict': 32840962, 'station': 'FONS LUMINIS SECONDARY SCHOOL', 'station_type': 'School', 'registered': 2152, 'turnout': 0.26022304832713755, 'tent': 0}]"
79800028,Johannesburg,13314,5546,96,7,0.4238,0.017,ANC,0.5402,0.3453,2.7792,0.5402,0.0386,0.161,0.1949,0.0,0.6807,0.4012,2.2548,Low risk,0.3926,0.3406,0.4446,28,"[{'VotingDistrict': 32840636, 'station': 'IMMANUEL EVANGELICAL LUTHERAN CHURCH', 'station_type': 'Church', 'registered': 1131, 'turnout': 0.4951370468611848, 'tent': 0}, {'VotingDistrict': 32840782, 'station': 'JOB RATHEBE JUNIOR SECONDARY SCHOOL', 'station_type': 'School', 'registered': 1645, 'turnout': 0.4194528875379939, 'tent': 0}, {'VotingDistrict': 32840793, 'station': 'QHOBOSHEANE PRIMARY SCHOOL', 'station_type': 'School', 'registered': 1857, 'turnout': 0.4614970382337103, 'tent': 0}]"
79800029,Johannesburg,15751,6931,90,9,0.4457,0.0128,ANC,0.3884,0.2489,4.5501,0.3884,0.1001,0.1245,0.1395,0.0665,0.8188,0.375,7.0735,Low risk,0.4358,0.3838,0.4878,29,"[{'VotingDistrict': 32840300, 'station': 'NOORDGESIG PRIMARY SCHOOL', 'station_type': 'School', 'registered': 3146, 'turnout': 0.49046408137317227, 'tent': 0}, {'VotingDistrict': 32840647, 'station': 'LOFENTSE SECONDARY SCHOOL', 'station_type': 'School', 'registered': 2052, 'turnout': 0.3455165692007797, 'tent': 0}, {'VotingDistrict': 32840805, 'station': 'GOOD NEW BIBLE CHURCH', 'station_type': 'Church', 'registered': 2291, 'turnout': 0.39895242252291574, 'tent': 0}]"
79800030,Johannesburg,15999,6309,94,9,0.4002,0.0147,ANC,0.4749,0.2756,3.3328,0.4749,0.0658,0.1523,0.1992,0.0,0.6747,0.3951,0.5126,Low risk,0.4078,0.3558,0.4598,30,"[{'VotingDistrict': 32840658, 'station': 'LUKHOLWENI PRIMARY SCHOOL', 'station_type': 'School', 'registered': 1096, 'turnout': 0.4096715328467153, 'tent': 0}, {'VotingDistrict': 32840670, 'station': 'ASSEMBLIES OF GOD', 'station_type': 'Other', 'registered': 2142, 'turnout': 0.39775910364145656, 'tent': 0}, {'VotingDistrict': 32840692, 'station': 'ST JOHN BERCHMAN SCHOOL', 'station_type': 'School', 'registered': 1935, 'turnout': 0.5080103359173127, 'tent': 0}]"
79800031,Johannesburg,12745,4900,53,7,0.3886,0.0107,ANC,0.5094,0.3135,3.0561,0.5094,0.0492,0.139,0.1959,0.1411,0.95,0.3879,0.0759,Low risk,0.3529,0.3009,0.4049,31,"[{'VotingDistrict': 32840681, 'station': 'AFRICAN CONGREGATIONAL CHURCH', 'station_type': 'Church', 'registered': 2203, 'turnout': 0.3622333182024512, 'tent': 0}, {'VotingDistrict': 32840704, 'station': 'AME CHURCH', 'station_type': 'Church', 'registered': 1351, 'turnout': 0.37231680236861586, 'tent': 0}, {'VotingDistrict': 32840759, 'station': 'THEMBALIHLE SCHOOL', 'station_type': 'School', 'registered': 1205, 'turnout': 0.3643153526970954, 'tent': 0}]"
79800032,Johannesburg,19336,8422,99,6,0.4407,0.0116,DA,0.4824,0.2845,3.1869,0.1979,0.4824,0.1126,0.1698,0.2411,0.95,0.4564,-1.5748,Medium risk,0.4302,0.3782,0.4822,32,"[{'VotingDistrict': 32850727, 'station': 'TENT AT JOHN PARK', 'station_type': 'Tent', 'registered': 3282, 'turnout': 0.44302254722730045, 'tent': 1}, {'VotingDistrict': 32850930, 'station': 'KINGS SCHOOL - LINBRO PARK', 'station_type': 'School', 'registered': 993, 'turnout': 0.4914400805639476, 'tent': 0}, {'VotingDistrict': 32900105, 'station': 'HERITAGE CHRISTIAN COLLEGE', 'station_type': 'School', 'registered': 2356, 'turnout': 0.5543293718166383, 'tent': 0}]"
79800033,Johannesburg,13706,6339,59,7,0.4668,0.0092,ANC,0.5555,0.362,2.6675,0.5555,0.0309,0.1636,0.1934,0.0,0.6655,0.4021,6.467,Low risk,0.4567,0.4047,0.5087,33,"[{'VotingDistrict': 32861392, 'station': 'JOHANNESBURG CENTRAL TEACHER DEVELOPMENT CENTRE', 'station_type': 'Hall/Centre', 'registered': 1892, 'turnout': 0.4656448202959831, 'tent': 0}, {'VotingDistrict': 32861448, 'station': 'ELKA SPORTS CLUB', 'station_type': 'Other', 'registered': 930, 'turnout': 0.4978494623655914, 'tent': 0}, {'VotingDistrict': 32861460, 'station': 'MOLALATLADI SCHOOL', 'station_type': 'School', 'registered': 1815, 'turnout': 0.46887052341597796, 'tent': 0}]"
79800034,Johannesburg,14050,5885,97,6,0.4258,0.0162,ANC,0.4314,0.2126,3.6366,0.4314,0.0294,0.1159,0.158,0.2605,0.95,0.3658,6.0,Low risk,0.4247,0.3727,0.4767,34,"[{'VotingDistrict': 32860739, 'station': 'TENT- JABULANI HOSTEL', 'station_type': 'Tent', 'registered': 3660, 'turnout': 0.4453551912568306, 'tent': 1}, {'VotingDistrict': 32861437, 'station': 'ISAACSON PRIMARY SCHOOL', 'station_type': 'School', 'registered': 2215, 'turnout': 0.43927765237020316, 'tent': 0}, {'VotingDistrict': 32861505, 'station': 'THESELE SECONDARY SCHOOL.', 'station_type': 'School', 'registered': 1904, 'turnout': 0.44012605042016806, 'tent': 0}]"
79800035,Johannesburg,15000,6464,106,8,0.438,0.0161,ANC,0.5733,0.4024,2.609,0.5733,0.0299,0.1709,0.1459,0.0,0.6814,0.4037,3.4304,Low risk,0.4063,0.3543,0.4583,35,"[{'VotingDistrict': 32861370, 'station': 'RUTEGANG PRIMARY SCHOOL', 'station_type': 'School', 'registered': 1360, 'turnout': 0.4198529411764706, 'tent': 0}, {'VotingDistrict': 32861404, 'station': 'MAKOLA PRIMARY SCHOOL', 'station_type': 'School', 'registered': 1606, 'turnout': 0.4763387297633873, 'tent': 0}, {'VotingDistrict': 32861516, 'station': 'MORRIS ISAACSON HIGH SCHOOL', 'station_type': 'School', 'registered': 3164, 'turnout': 0.43710493046776233, 'tent': 0}]"
79800036,Johannesburg,12967,5533,118,9,0.4358,0.0209,ANC,0.5037,0.3277,3.1,0.5037,0.0568,0.1739,0.176,0.0699,0.8609,0.3939,4.186,Low risk,0.4029,0.3509,0.4549,36,"[{'VotingDistrict': 32861279, 'station': 'VUKUZENZELE PRIMARY SCHOOL', 'station_type': 'School', 'registered': 1953, 'turnout': 0.39221710189452125, 'tent': 0}, {'VotingDistrict': 32861280, 'station': 'MOKOROTLO PRIMARY SCHOOL', 'station_type': 'School', 'registered': 2085, 'turnout': 0.44844124700239807, 'tent': 0}, {'VotingDistrict': 32861291, 'station': 'TSHEDIMOSETSO MEHLALENG PRIMARY SCHOOL', 'station_type': 'School', 'registered': 1656, 'turnout': 0.45954106280193235, 'tent': 0}]"
79800037,Johannesburg,12953,4937,111,6,0.3897,0.022,ANC,0.4647,0.2528,3.3856,0.4647,0.0225,0.1462,0.1067,0.1758,0.95,0.3754,1.4353,Low risk,0.3859,0.3339,0.4379,37,"[{'VotingDistrict': 32841211, 'station': 'TENT NANCEFIELD HOSTEL LIFATEN', 'station_type': 'Tent', 'registered': 2277, 'turnout': 0.2736056214317084, 'tent': 1}, {'VotingDistrict': 32861257, 'station': 'IGUGU PRIMARY SCHOOL', 'station_type': 'School', 'registered': 2970, 'turnout': 0.4265993265993266, 'tent': 0}, {'VotingDistrict': 32861268, 'station': 'SUNSHINE CENTRE', 'station_type': 'Hall/Centre', 'registered': 1592, 'turnout': 0.43278894472361806, 'tent': 0}]"
79800038,Johannesburg,13671,5749,130,7,0.43,0.0221,ANC,0.3868,0.1724,4.0778,0.3868,0.029,0.1492,0.1499,0.0,0.6572,0.3762,5.3839,Low risk,0.4216,0.3696,0.4736,38,"[{'VotingDistrict': 32861145, 'station': 'SYDNEY MASEKO ADULT LEARNING CENTRE', 'station_type': 'Hall/Centre', 'registered': 2021, 'turnout': 0.44532409698169223, 'tent': 0}, {'VotingDistrict': 32861190, 'station': 'NKA-THUTO PRIMARY SCHOOL', 'station_type': 'School', 'registered': 1669, 'turnout': 0.4164170161773517, 'tent': 0}, {'VotingDistrict': 32861202, 'station': 'DR BEYERS NAUDE SECONDARY SCHOOL', 'station_type': 'School', 'registered': 1234, 'turnout': 0.440032414910859, 'tent': 0}]"
79800039,Johannesburg,13389,5711,81,7,0.4326,0.014,ANC,0.5647,0.3747,2.649,0.5647,0.0431,0.1387,0.19,0.0,0.6793,0.4042,2.8436,Low risk,0.4234,0.3714,0.4754,39,"[{'VotingDistrict': 32861235, 'station': 'ORLANDO WEST SECONDARY SCHOOL', 'station_type': 'School', 'registered': 1367, 'turnout': 0.44184345281638626, 'tent': 0}, {'VotingDistrict': 32861303, 'station': 'SAPEBUSO PRIMARY SCHOOL', 'station_type': 'School', 'registered': 2549, 'turnout': 0.43821106316202435, 'tent': 0}, {'VotingDistrict': 32861314, 'station': ""ORLANDO WEST WOMEN'S HOSTEL HALL"", 'station_type': 'Hall/Centre', 'registered': 2001, 'turnout': 0.41829085457271364, 'tent': 0}]"
79800040,Johannesburg,14623,6360,72,8,0.4399,0.0112,ANC,0.4003,0.1085,3.6592,0.4003,0.0381,0.1002,0.1192,0.2176,0.95,0.3672,7.2624,Low risk,0.4319,0.3799,0.4839,40,"[{'VotingDistrict': 32870729, 'station': 'TSHIRELETSO LOWER PRIMARY SCHOOL', 'station_type': 'School', 'registered': 1919, 'turnout': 0.4898384575299635, 'tent': 0}, {'VotingDistrict': 32870730, 'station': 'TENT (NEXT TO HOUSE NO 379 A)', 'station_type': 'Tent', 'registered': 3182, 'turnout': 0.38969201759899436, 'tent': 1}, {'VotingDistrict': 32870842, 'station': 'THABANENG PRIMARY SCHOOL', 'station_type': 'School', 'registered': 2329, 'turnout': 0.42765135251180764, 'tent': 0}]"
79800041,Johannesburg,16876,6450,111,9,0.3888,0.0169,ANC,0.6039,0.4467,2.4381,0.6039,0.0442,0.1279,0.1572,0.0,0.7046,0.4091,-2.0281,Medium risk,0.3669,0.3149,0.4189,41,"[{'VotingDistrict': 32870707, 'station': 'THUTOLORE HIGH SCHOOL', 'station_type': 'School', 'registered': 2056, 'turnout': 0.23443579766536965, 'tent': 0}, {'VotingDistrict': 32870741, 'station': 'EVANGELICAL LUTHERAN CHURCH', 'station_type': 'Church', 'registered': 1236, 'turnout': 0.5453074433656958, 'tent': 0}, {'VotingDistrict': 32870752, 'station': 'MASEKHENE PRIMARY SCHOOL', 'station_type': 'School', 'registered': 1725, 'turnout': 0.48869565217391303, 'tent': 0}]"
79800042,Johannesburg,13986,5717,118,8,0.4172,0.0202,ANC,0.6304,0.4871,2.2811,0.6304,0.0287,0.1315,0.1433,0.0,0.6996,0.4101,0.7146,Low risk,0.4082,0.3562,0.4602,42,"[{'VotingDistrict': 32870606, 'station': 'SIVELILE COMBINED SCHOOL', 'station_type': 'School', 'registered': 1113, 'turnout': 0.3998203054806828, 'tent': 0}, {'VotingDistrict': 32870617, 'station': 'EMPUMALANGA PRIMARY SCHOOL', 'station_type': 'School', 'registered': 2625, 'turnout': 0.3832380952380952, 'tent': 0}, {'VotingDistrict': 32870628, 'station': 'TLHOKOMELO PRIMARY SCHOOL', 'station_type': 'School', 'registered': 1508, 'turnout': 0.5338196286472149, 'tent': 0}]"
79800043,Johannesburg,14257,6303,103,7,0.4493,0.0161,ANC,0.6119,0.4545,2.3627,0.6119,0.029,0.1485,0.1574,0.0,0.6823,0.4083,4.1047,Low risk,0.4402,0.3882,0.4922,43,"[{'VotingDistrict': 32870651, 'station': 'MEADOWLANDS PRIMARY SCHOOL', 'station_type': 'School', 'registered': 2444, 'turnout': 0.4488543371522095, 'tent': 0}, {'VotingDistrict': 32870662, 'station': 'PARISH OF MEADOWLANDS', 'station_type': 'Other', 'registered': 1941, 'turnout': 0.47449768160741884, 'tent': 0}, {'VotingDistrict': 32870673, 'station': 'LIVHUWANI PRIMARY SCHOOL', 'station_type': 'School', 'registered': 2189, 'turnout': 0.4403837368661489, 'tent': 0}]"
79800044,Johannesburg,17094,6931,0,4,0.4055,0.0,ANC,0.5814,0.3699,2.4986,0.5814,0.0374,0.2115,0.1239,0.0,0.6954,0.4052,0.0294,Low risk,0.3826,0.3306,0.4346,44,"[{'VotingDistrict': 32871124, 'station': 'MOSES KOTANE PRIMARY SCHOOL', 'station_type': 'School', 'registered': 5827, 'turnout': 0.37377724386476746, 'tent': 0}, {'VotingDistrict': 32871168, 'station': 'SIYABONGA SECONDARY SCHOOL', 'station_type': 'School', 'registered': 5332, 'turnout': 0.40847711927981994, 'tent': 0}, {'VotingDistrict': 32871393, 'station': 'KGATELOPELE SECONDARY SCHOOL', 'station_type': 'School', 'registered': 3160, 'turnout': 0.4120253164556962, 'tent': 0}]"
79800045,Johannesburg,15560,6527,154,8,0.4294,0.0231,ANC,0.5139,0.3194,3.0686,0.5139,0.0397,0.1318,0.1944,0.0,0.6739,0.3961,3.3241,Low risk,0.4445,0.3925,0.4965,45,"[{'VotingDistrict': 32870369, 'station': 'APOSTOLIC FAITH MISSION OF SA.', 'station_type': 'Other', 'registered': 1989, 'turnout': 0.48466566113624937, 'tent': 0}, {'VotingDistrict': 32870549, 'station': 'MEADOWLANDS WELFARE CENTRE', 'station_type': 'Hall/Centre', 'registered': 2610, 'turnout': 0.43409961685823756, 'tent': 0}, {'VotingDistrict': 32870550, 'station': 'PALESA COMBINED SCHOOL', 'station_type': 'School', 'registered': 2034, 'turnout': 0.4385447394296952, 'tent': 0}]"
79800046,Johannesburg,16015,6638,88,8,0.42,0.0131,ANC,0.4879,0.3228,3.3767,0.4879,0.0218,0.1651,0.1211,0.0,0.6787,0.3892,3.0821,Low risk,0.4145,0.3625,0.4665,46,"[{'VotingDistrict': 32861167, 'station': 'THULANI COMBINED PRIMARY SCHOOL', 'station_type': 'School', 'registered': 2771, 'turnout': 0.39913388668350774, 'tent': 0}, {'VotingDistrict': 32861808, 'station': 'USINDISO HIGHER PRIMARY SCHOOL', 'station_type': 'School', 'registered': 1625, 'turnout': 0.43815384615384617, 'tent': 0}, {'VotingDistrict': 32861819, 'station': 'LETARE SCHOOL', 'station_type': 'School', 'registered': 1771, 'turnout': 0.4483342744212309, 'tent': 0}]"
79800047,Johannesburg,16924,6335,5,9,0.3746,0.0008,ANC,0.4406,0.223,3.6596,0.4406,0.0387,0.1564,0.2175,0.1517,0.95,0.3741,0.0527,Low risk,0.3455,0.2935,0.3975,47,"[{'VotingDistrict': 32861381, 'station': 'NAZARENE CHURCH', 'station_type': 'Church', 'registered': 1456, 'turnout': 0.4065934065934066, 'tent': 0}, {'VotingDistrict': 32861415, 'station': 'ESIYALWINI PRIMARY SCHOOL', 'station_type': 'School', 'registered': 2270, 'turnout': 0.2013215859030837, 'tent': 0}, {'VotingDistrict': 32870381, 'station': 'TENT AT LEDWABA STREET FOOTBALL GROUNDS', 'station_type': 'Tent', 'registered': 2568, 'turnout': 0.3399532710280374, 'tent': 1}]"
79800048,Johannesburg,17479,7565,10,8,0.4334,0.0013,ANC,0.4948,0.2755,3.0735,0.4948,0.0408,0.1568,0.2193,0.1727,0.95,0.3835,4.9886,Low risk,0.4302,0.3782,0.4822,48,"[{'VotingDistrict': 32870459, 'station': 'ENKOLWENI PRIMARY SCHOOL', 'station_type': 'School', 'registered': 1022, 'turnout': 0.43933463796477495, 'tent': 0}, {'VotingDistrict': 32870460, 'station': 'THATHEZAKHO PRIMARY SCHOOL', 'station_type': 'School', 'registered': 2908, 'turnout': 0.36657496561210456, 'tent': 0}, {'VotingDistrict': 32870482, 'station': 'DSJ PRIMARY SCHOOL', 'station_type': 'School', 'registered': 2508, 'turnout': 0.4126794258373206, 'tent': 0}]"
79800049,Johannesburg,19977,7123,0,7,0.3566,0.0,ANC,0.5687,0.3649,2.5739,0.5687,0.0358,0.2038,0.1463,0.1194,0.95,0.3956,-3.9089,Medium risk,0.3312,0.2792,0.3832,49,"[{'VotingDistrict': 32871113, 'station': 'BRAAM FISCHERVILLE CRICKET STADIUM', 'station_type': 'Other', 'registered': 2753, 'turnout': 0.3621503814021068, 'tent': 0}, {'VotingDistrict': 32871180, 'station': 'BRAAM FISCHER PRIMARY SCHOOL', 'station_type': 'School', 'registered': 4494, 'turnout': 0.17489986648865152, 'tent': 0}, {'VotingDistrict': 32871236, 'station': 'NKONE MARUPING PRIMARY SCHOOL', 'station_type': 'School', 'registered': 3280, 'turnout': 0.39146341463414636, 'tent': 0}]"
79800050,Johannesburg,13563,5170,0,6,0.3812,0.0,ANC,0.5397,0.3675,2.8536,0.5397,0.03,0.1526,0.0652,0.2146,0.95,0.3844,-0.3244,Medium risk,0.3816,0.3296,0.4336,50,"[{'VotingDistrict': 32870404, 'station': 'TENT (EXT A&B FOOTBALL GROUND)', 'station_type': 'Tent', 'registered': 867, 'turnout': 0.3863898500576701, 'tent': 1}, {'VotingDistrict': 32870943, 'station': 'TENT (EXT 4 TAXI RANK)', 'station_type': 'Tent', 'registered': 2043, 'turnout': 0.38130200685266763, 'tent': 1}, {'VotingDistrict': 32870965, 'station': 'MAYIBUYE PRIMARY SCHOOL', 'station_type': 'School', 'registered': 4255, 'turnout': 0.37203290246768506, 'tent': 0}]"
79800051,Johannesburg,14386,5556,69,8,0.391,0.0123,ANC,0.5245,0.3443,2.9803,0.5245,0.0304,0.1802,0.137,0.0,0.6951,0.397,-0.5951,Medium risk,0.3967,0.3447,0.4487,51,"[{'VotingDistrict': 32861156, 'station': 'ESITHEBENI PRIMARY SCHOOL', 'station_type': 'School', 'registered': 1919, 'turnout': 0.40489838457529964, 'tent': 0}, {'VotingDistrict': 32861853, 'station': 'INDYEBO HIGHER PRIMARY SCHOOL', 'station_type': 'School', 'registered': 2225, 'turnout': 0.38741573033707866, 'tent': 0}, {'VotingDistrict': 32861965, 'station': 'BUSISIWE PRIMARY SCHOOL', 'station_type': 'School', 'registered': 1889, 'turnout': 0.4039174166225516, 'tent': 0}]"
79800052,Johannesburg,12978,5396,65,7,0.4208,0.0119,ANC,0.5478,0.3605,2.7677,0.5478,0.0339,0.1462,0.1874,0.0,0.6843,0.4009,1.9845,Low risk,0.3959,0.3439,0.4479,52,"[{'VotingDistrict': 32861998, 'station': 'DR BW VILAKAZI SECONDARY SCHOOL', 'station_type': 'School', 'registered': 2401, 'turnout': 0.3894210745522699, 'tent': 0}, {'VotingDistrict': 32862001, 'station': 'ASSEMBLY OF GOD', 'station_type': 'Other', 'registered': 1422, 'turnout': 0.3748241912798875, 'tent': 0}, {'VotingDistrict': 32862045, 'station': 'ERNEST BUTI CRECHE', 'station_type': 'Other', 'registered': 1519, 'turnout': 0.358788676761027, 'tent': 0}]"
79800053,Johannesburg,19531,7192,0,7,0.3682,0.0,ANC,0.5901,0.4334,2.5165,0.5901,0.033,0.1567,0.1269,0.167,0.95,0.3945,-2.6288,Medium risk,0.3716,0.3196,0.4236,53,"[{'VotingDistrict': 32870370, 'station': 'SLOVOVILLE HALL', 'station_type': 'Hall/Centre', 'registered': 4352, 'turnout': 0.3517922794117647, 'tent': 0}, {'VotingDistrict': 32870909, 'station': 'METHODIST CHURCH OF SOUTHERN AFRICA', 'station_type': 'Church', 'registered': 3457, 'turnout': 0.4090251663291872, 'tent': 0}, {'VotingDistrict': 32870954, 'station': 'KLIPVALLEY PRIMARY SCHOOL', 'station_type': 'School', 'registered': 4578, 'turnout': 0.3285277413717781, 'tent': 0}]"
79800054,Johannesburg,19395,9209,50,5,0.4774,0.0054,DA,0.491,0.3032,3.2805,0.1445,0.491,0.0687,0.1879,0.0,0.4841,0.4766,0.08,Low risk,0.4693,0.4173,0.5213,54,"[{'VotingDistrict': 32860144, 'station': 'PRESIDENT HIGH SCHOOL', 'station_type': 'School', 'registered': 5764, 'turnout': 0.4765787647467037, 'tent': 0}, {'VotingDistrict': 32860166, 'station': 'UNISA CONFERENCE CENTRE', 'station_type': 'Hall/Centre', 'registered': 4114, 'turnout': 0.4907632474477394, 'tent': 0}, {'VotingDistrict': 32860335, 'station': 'MONDEOR RECREATION CENTRE', 'station_type': 'Hall/Centre', 'registered': 4252, 'turnout': 0.39111006585136404, 'tent': 0}]"
79800055,Johannesburg,14435,6060,52,5,0.4234,0.0085,DA,0.4068,0.195,4.1339,0.2117,0.4068,0.0784,0.138,0.0,0.5395,0.4394,-1.5953,Medium risk,0.423,0.371,0.475,55,"[{'VotingDistrict': 32860155, 'station': 'WINCHESTER RIDGE PRIMARY SCHOOL', 'station_type': 'School', 'registered': 2704, 'turnout': 0.45377218934911245, 'tent': 0}, {'VotingDistrict': 32860188, 'station': 'TURFFONTEIN PRIMARY SCHOOL', 'station_type': 'School', 'registered': 4383, 'turnout': 0.35341090577230205, 'tent': 0}, {'VotingDistrict': 32860313, 'station': 'FAKKEL HIGH SCHOOL', 'station_type': 'School', 'registered': 3658, 'turnout': 0.40459267359212686, 'tent': 0}]"
79800056,Johannesburg,15367,6367,33,6,0.4165,0.0052,DA,0.5316,0.3341,2.8943,0.1976,0.5316,0.0652,0.1359,0.0,0.5093,0.4881,-7.1576,Medium risk,0.4324,0.3804,0.4844,56,"[{'VotingDistrict': 32860212, 'station': 'TOWNSVIEW PRIMARY SCHOOL', 'station_type': 'School', 'registered': 3281, 'turnout': 0.44986284669308135, 'tent': 0}, {'VotingDistrict': 32860223, 'station': 'HIGHVELD PRIMARY SCHOOL', 'station_type': 'School', 'registered': 3039, 'turnout': 0.44587035208950315, 'tent': 0}, {'VotingDistrict': 32860234, 'station': 'ROSETTENVILLE TENNIS COURT', 'station_type': 'Other', 'registered': 2384, 'turnout': 0.34354026845637586, 'tent': 0}]"
79800057,Johannesburg,18371,7996,50,9,0.438,0.0062,DA,0.4195,0.1741,3.7611,0.2454,0.4195,0.0795,0.1421,0.0851,0.7731,0.4398,-0.1815,Medium risk,0.4212,0.3692,0.4732,57,"[{'VotingDistrict': 32860111, 'station': 'CITY DEEP ADULT SCHOOL', 'station_type': 'School', 'registered': 1451, 'turnout': 0.38111647139903515, 'tent': 0}, {'VotingDistrict': 32860256, 'station': 'SOUTH RAND RECREATION CENTRE', 'station_type': 'Hall/Centre', 'registered': 3913, 'turnout': 0.45770508561206236, 'tent': 0}, {'VotingDistrict': 32860267, 'station': 'REWLATCH PRIMARY SCHOOL', 'station_type': 'School', 'registered': 4072, 'turnout': 0.43664047151277013, 'tent': 0}]"
79800058,Johannesburg,16994,5839,42,7,0.3461,0.0071,ANC,0.4936,0.2595,3.2002,0.4936,0.2341,0.0486,0.0819,0.0,0.6598,0.4195,-7.3473,Medium risk,0.3244,0.2724,0.3764,58,"[{'VotingDistrict': 32840197, 'station': 'LAERSKOOL JIM FOUCHE', 'station_type': 'School', 'registered': 3074, 'turnout': 0.4216005204944697, 'tent': 0}, {'VotingDistrict': 32840221, 'station': 'CROSBY ACADEMIC PRIMARY SCHOOL', 'station_type': 'School', 'registered': 3231, 'turnout': 0.4119467657072114, 'tent': 0}, {'VotingDistrict': 32840232, 'station': 'FORDSBURG PRIMARY SCHOOL', 'station_type': 'School', 'registered': 2246, 'turnout': 0.3593054318788958, 'tent': 0}]"
79800059,Johannesburg,11049,2369,44,3,0.2184,0.0182,ANC,0.4837,0.2647,3.1149,0.4837,0.0414,0.2191,0.1874,0.9773,0.95,0.3266,-10.8254,High risk,0.2,0.148,0.26,59,"[{'VotingDistrict': 32860436, 'station': 'TENT GREENHOUSE PEOPLE ENVIRONMENTAL CENTRE', 'station_type': 'Tent', 'registered': 7713, 'turnout': 0.19343964734863217, 'tent': 1}, {'VotingDistrict': 32860458, 'station': 'TENT AT DRILL HALL', 'station_type': 'Tent', 'registered': 3085, 'turnout': 0.2460291734197731, 'tent': 1}, {'VotingDistrict': 32863608, 'station': 'FASHION KAPITOL', 'station_type': 'Other', 'registered': 251, 'turnout': 0.6454183266932271, 'tent': 0}]"
79800060,Johannesburg,16499,3817,43,6,0.234,0.0111,ANC,0.3579,0.092,3.837,0.3579,0.0658,0.2659,0.2355,0.0,0.732,0.3847,-15.0718,High risk,0.2147,0.1627,0.2667,60,"[{'VotingDistrict': 32860032, 'station': 'JOHANNESBURG MUSLIM SCHOOL', 'station_type': 'School', 'registered': 1869, 'turnout': 0.26110219368646337, 'tent': 0}, {'VotingDistrict': 32860043, 'station': ""PEOPLE'S CENTRE"", 'station_type': 'Hall/Centre', 'registered': 4013, 'turnout': 0.2651383005232993, 'tent': 0}, {'VotingDistrict': 32860054, 'station': 'METROPOLITAN CENTRE', 'station_type': 'Hall/Centre', 'registered': 2988, 'turnout': 0.21184738955823293, 'tent': 0}]"
79800061,Johannesburg,15844,4826,92,5,0.3104,0.0187,IFP,0.3328,0.0818,4.3217,0.2509,0.0518,0.1828,0.1432,0.747,0.95,0.3267,-1.6344,Medium risk,0.2999,0.2479,0.3519,61,"[{'VotingDistrict': 32850356, 'station': 'TENT AT BERTHA SOLOMON RECREATION CENTRE', 'station_type': 'Tent', 'registered': 3178, 'turnout': 0.31655129011957206, 'tent': 1}, {'VotingDistrict': 32850435, 'station': 'JULES HIGH SCHOOL', 'station_type': 'School', 'registered': 2201, 'turnout': 0.30940481599273056, 'tent': 0}, {'VotingDistrict': 32862685, 'station': 'TENT (PUBLIC PARK JEPPESTOWN)', 'station_type': 'Tent', 'registered': 3495, 'turnout': 0.2886981402002861, 'tent': 1}]"
79800062,Johannesburg,11274,2653,42,4,0.239,0.0156,ANC,0.5047,0.2823,3.0519,0.5047,0.0482,0.2224,0.1349,0.3136,0.95,0.3748,-13.5726,High risk,0.237,0.185,0.289,62,"[{'VotingDistrict': 32850446, 'station': 'TEMPLE ISRAEL', 'station_type': 'Church', 'registered': 2929, 'turnout': 0.297029702970297, 'tent': 0}, {'VotingDistrict': 32850457, 'station': 'CHRIST CHURCH', 'station_type': 'Church', 'registered': 4682, 'turnout': 0.20781717214865442, 'tent': 0}, {'VotingDistrict': 32850468, 'station': 'TENT AT HILLBROW RECREATION CENTRE', 'station_type': 'Tent', 'registered': 3536, 'turnout': 0.21125565610859728, 'tent': 1}]"
79800063,Johannesburg,13750,3124,26,6,0.2291,0.0083,ANC,0.5294,0.2887,2.7961,0.5294,0.0301,0.2407,0.1274,0.0526,0.916,0.3944,-16.5301,High risk,0.2264,0.1744,0.2784,63,"[{'VotingDistrict': 32850255, 'station': 'CATHEDRAL OF CHRIST THE KING', 'station_type': 'Church', 'registered': 1251, 'turnout': 0.2158273381294964, 'tent': 0}, {'VotingDistrict': 32850413, 'station': 'BRETHREN IN CHRIST CHURCH', 'station_type': 'Church', 'registered': 3058, 'turnout': 0.14519293655984303, 'tent': 0}, {'VotingDistrict': 32850479, 'station': 'EVANGELICAL LUTHERAN CONGREGATION', 'station_type': 'Other', 'registered': 3919, 'turnout': 0.22862975248787956, 'tent': 0}]"
79800064,Johannesburg,13875,3177,43,6,0.2321,0.0134,ANC,0.5118,0.2924,2.986,0.5118,0.0633,0.2194,0.1379,0.5107,0.95,0.3644,-13.2304,High risk,0.2375,0.1855,0.2895,64,"[{'VotingDistrict': 32850211, 'station': 'BARNATO PARK HIGH SCHOOL', 'station_type': 'School', 'registered': 3411, 'turnout': 0.20580474934036938, 'tent': 0}, {'VotingDistrict': 32850244, 'station': 'TENT (YEOVILLE)', 'station_type': 'Tent', 'registered': 1942, 'turnout': 0.21009268795056643, 'tent': 1}, {'VotingDistrict': 32850402, 'station': 'TENT (PUBLIC PARK LILY AVENUE BEREA)', 'station_type': 'Tent', 'registered': 3500, 'turnout': 0.18771428571428572, 'tent': 1}]"
79800065,Johannesburg,17870,5532,58,5,0.3128,0.0104,IFP,0.6043,0.4268,2.4401,0.1775,0.0316,0.0848,0.0595,0.0,0.678,0.432,-11.9234,High risk,0.3036,0.2516,0.3556,65,"[{'VotingDistrict': 32851087, 'station': 'ABELBAILE PARK HALL', 'station_type': 'Hall/Centre', 'registered': 2899, 'turnout': 0.28734046222835463, 'tent': 0}, {'VotingDistrict': 32851403, 'station': 'DENVER SECONDARY SCHOOL', 'station_type': 'School', 'registered': 841, 'turnout': 0.5659928656361475, 'tent': 0}, {'VotingDistrict': 32860098, 'station': 'BAMBANANI PRE SCHOOL', 'station_type': 'School', 'registered': 6629, 'turnout': 0.31015236083873887, 'tent': 0}]"
79800066,Johannesburg,14365,5368,69,8,0.3785,0.0127,DA,0.3821,0.1241,3.9617,0.258,0.3821,0.0883,0.1729,0.0,0.5729,0.4337,-5.5249,Medium risk,0.3889,0.3369,0.4409,66,"[{'VotingDistrict': 32850299, 'station': 'SIR EDMUND HILLARY PRIMARY SCHOOL', 'station_type': 'School', 'registered': 3194, 'turnout': 0.3907326236693801, 'tent': 0}, {'VotingDistrict': 32850301, 'station': 'HOFLAND PARK RECREATION CENTRE', 'station_type': 'Hall/Centre', 'registered': 3769, 'turnout': 0.3202440965773415, 'tent': 0}, {'VotingDistrict': 32850312, 'station': 'DOUG WHITEHEAD SCHOOL', 'station_type': 'School', 'registered': 1976, 'turnout': 0.31376518218623484, 'tent': 0}]"
79800067,Johannesburg,13029,3443,63,4,0.2691,0.018,ANC,0.3976,0.1952,3.8092,0.3976,0.1952,0.1571,0.2024,0.0,0.6898,0.4051,-13.5999,High risk,0.257,0.205,0.309,67,"[{'VotingDistrict': 32850176, 'station': 'KING EDWARD VII SCHOOL', 'station_type': 'School', 'registered': 1055, 'turnout': 0.43601895734597157, 'tent': 0}, {'VotingDistrict': 32850200, 'station': 'YEOVILLE RECREATION CENTRE', 'station_type': 'Hall/Centre', 'registered': 7277, 'turnout': 0.2364985570977051, 'tent': 0}, {'VotingDistrict': 32850222, 'station': 'YEOVILLE BOYS PRIMARY SCHOOL', 'station_type': 'School', 'registered': 1807, 'turnout': 0.3032650802434975, 'tent': 0}]"
79800068,Johannesburg,16952,7895,80,8,0.4704,0.01,ANC,0.2784,0.0241,5.0257,0.2784,0.2543,0.0935,0.1037,0.21,0.95,0.3747,9.5795,Low risk,0.4971,0.4451,0.5491,68,"[{'VotingDistrict': 32840265, 'station': 'ANTEA HOSTEL', 'station_type': 'Other', 'registered': 943, 'turnout': 0.33934252386002123, 'tent': 0}, {'VotingDistrict': 32840287, 'station': 'RIVERLEA RECREATION CENTRE', 'station_type': 'Hall/Centre', 'registered': 3535, 'turnout': 0.5301272984441301, 'tent': 0}, {'VotingDistrict': 32840344, 'station': 'WILHELMINA HOSKINS PRIMARY SCHOOL', 'station_type': 'School', 'registered': 2553, 'turnout': 0.4751273012142577, 'tent': 0}]"
79800069,Johannesburg,15713,6009,51,8,0.3857,0.0084,DA,0.3109,0.1536,5.5611,0.1573,0.3109,0.09,0.1469,0.0,0.5723,0.399,-1.3339,Medium risk,0.3835,0.3315,0.4355,69,"[{'VotingDistrict': 32840186, 'station': 'WESTDENE RECREATION CENTRE', 'station_type': 'Hall/Centre', 'registered': 3289, 'turnout': 0.4162359379750684, 'tent': 0}, {'VotingDistrict': 32840210, 'station': 'CORONATIONVILLE RECREATION CENTRE', 'station_type': 'Hall/Centre', 'registered': 1683, 'turnout': 0.5407011289364231, 'tent': 0}, {'VotingDistrict': 32840322, 'station': 'ACTS CHRISTIAN CHURCH WESTDENE', 'station_type': 'Church', 'registered': 1442, 'turnout': 0.39181692094313453, 'tent': 0}]"
79800070,Johannesburg,20771,10309,59,8,0.4992,0.0057,DA,0.4866,0.3295,3.4691,0.157,0.4866,0.0607,0.1226,0.0,0.4773,0.4725,2.6663,Low risk,0.4713,0.4193,0.5233,70,"[{'VotingDistrict': 32870189, 'station': 'MOTHS HALL', 'station_type': 'Hall/Centre', 'registered': 3541, 'turnout': 0.4351878000564812, 'tent': 0}, {'VotingDistrict': 32870190, 'station': 'FLORIDA PRIMARY SCHOOL', 'station_type': 'School', 'registered': 2745, 'turnout': 0.5041894353369764, 'tent': 0}, {'VotingDistrict': 32870202, 'station': 'FLORIDA PARK HIGH SCHOOL', 'station_type': 'School', 'registered': 2545, 'turnout': 0.5654223968565816, 'tent': 0}]"
79800071,Johannesburg,16924,7634,85,5,0.4561,0.011,DA,0.3872,0.2078,4.3835,0.1795,0.3872,0.0586,0.1561,0.0,0.5249,0.4341,2.2015,Low risk,0.4264,0.3744,0.4784,71,"[{'VotingDistrict': 32870022, 'station': 'ADELAAR HOËRSKOOL', 'station_type': 'Other', 'registered': 4762, 'turnout': 0.4651406971860563, 'tent': 0}, {'VotingDistrict': 32870033, 'station': 'LAERSKOOL ROODEBEECK', 'station_type': 'School', 'registered': 3486, 'turnout': 0.4475043029259897, 'tent': 0}, {'VotingDistrict': 32870044, 'station': 'LAERSKOOL CULEMBEECK', 'station_type': 'School', 'registered': 2911, 'turnout': 0.4709721745104775, 'tent': 0}]"
79800072,Johannesburg,13942,7640,37,5,0.5506,0.0048,DA,0.7461,0.6556,1.746,0.0904,0.7461,0.0208,0.0776,0.0,0.3793,0.5603,-0.9689,Medium risk,0.5414,0.4894,0.5934,72,"[{'VotingDistrict': 32850086, 'station': 'GLENHAZEL PRIMARY SCHOOL', 'station_type': 'School', 'registered': 3145, 'turnout': 0.56120826709062, 'tent': 0}, {'VotingDistrict': 32850109, 'station': 'JABULA RECREATION CENTRE', 'station_type': 'Hall/Centre', 'registered': 3171, 'turnout': 0.5417849258908861, 'tent': 0}, {'VotingDistrict': 32850110, 'station': 'ORANGE GROVE PRIMARY SCHOOL', 'station_type': 'School', 'registered': 3545, 'turnout': 0.4967559943582511, 'tent': 0}]"
79800073,Johannesburg,15457,6866,79,4,0.4493,0.0114,DA,0.6267,0.4824,2.3187,0.1216,0.6267,0.0393,0.1443,0.0,0.4594,0.5234,-7.4054,Medium risk,0.4325,0.3805,0.4845,73,"[{'VotingDistrict': 32850132, 'station': 'NORWOOD PRIMARY SCHOOL', 'station_type': 'School', 'registered': 4180, 'turnout': 0.48660287081339715, 'tent': 0}, {'VotingDistrict': 32850143, 'station': 'PATERSON PARK RECREATION CENTRE', 'station_type': 'Hall/Centre', 'registered': 3994, 'turnout': 0.37180771156735104, 'tent': 0}, {'VotingDistrict': 32850154, 'station': 'HOUGHTON PRIMARY SCHOOL', 'station_type': 'School', 'registered': 3105, 'turnout': 0.4537842190016103, 'tent': 0}]"
79800074,Johannesburg,16153,8201,61,6,0.5115,0.0074,DA,0.5146,0.3443,3.0848,0.1123,0.5146,0.0363,0.1264,0.0,0.458,0.4874,2.4105,Low risk,0.5068,0.4548,0.5588,74,"[{'VotingDistrict': 32850075, 'station': 'BRAMLEY PRIMARY SCHOOL', 'station_type': 'School', 'registered': 3069, 'turnout': 0.3831867057673509, 'tent': 0}, {'VotingDistrict': 32850121, 'station': 'ORCHARDS PRIMARY SCHOOL', 'station_type': 'School', 'registered': 2103, 'turnout': 0.5282929148834997, 'tent': 0}, {'VotingDistrict': 32850480, 'station': 'H A JACK PRIMARY SCHOOL', 'station_type': 'School', 'registered': 5349, 'turnout': 0.5193494111048794, 'tent': 0}]"
79800075,Johannesburg,15737,5170,68,6,0.3328,0.013,ANC,0.3174,0.0219,4.4185,0.3174,0.0408,0.1337,0.1232,0.0,0.6876,0.3692,-3.6328,Medium risk,0.33,0.278,0.382,75,"[{'VotingDistrict': 32850907, 'station': 'EKUKHANYISWENI LOWER PRIMARY SCHOOL', 'station_type': 'School', 'registered': 1658, 'turnout': 0.37575392038600725, 'tent': 0}, {'VotingDistrict': 32850952, 'station': 'ALEXANDRA LIBRARY (NEW LIBRARY)', 'station_type': 'Other', 'registered': 5245, 'turnout': 0.2897998093422307, 'tent': 0}, {'VotingDistrict': 32851009, 'station': 'WOMEN FOR PEACE', 'station_type': 'Other', 'registered': 2698, 'turnout': 0.3235730170496664, 'tent': 0}]"
79800076,Johannesburg,13812,5001,164,6,0.374,0.0318,ANC,0.5687,0.3775,2.6248,0.5687,0.055,0.1912,0.1282,0.3972,0.95,0.3784,-0.4428,Medium risk,0.3616,0.3096,0.4136,76,"[{'VotingDistrict': 32850266, 'station': 'THUSONG YOUTH CENTRE', 'station_type': 'Hall/Centre', 'registered': 2285, 'turnout': 0.3137855579868709, 'tent': 0}, {'VotingDistrict': 32850503, 'station': 'ZENZELENI PRIMARY SCHOOL', 'station_type': 'School', 'registered': 2526, 'turnout': 0.31353919239904987, 'tent': 0}, {'VotingDistrict': 32850974, 'station': '3 SQUARE GROUNDS', 'station_type': 'Other', 'registered': 2554, 'turnout': 0.36256851996867656, 'tent': 0}]"
79800077,Johannesburg,15778,5044,84,4,0.325,0.0164,ANC,0.5456,0.3351,2.795,0.5456,0.0444,0.2105,0.0793,0.0,0.7245,0.401,-7.5975,High risk,0.3026,0.2506,0.3546,77,"[{'VotingDistrict': 32910094, 'station': 'IVORY PARK SECONDARY SCHOOL', 'station_type': 'School', 'registered': 4602, 'turnout': 0.32159930465015213, 'tent': 0}, {'VotingDistrict': 32910252, 'station': 'MIKATEKA PRIMARY SCHOOL', 'station_type': 'School', 'registered': 3269, 'turnout': 0.32303456714591616, 'tent': 0}, {'VotingDistrict': 32910274, 'station': 'EBOMINI PRIMARY SCHOOL', 'station_type': 'School', 'registered': 3579, 'turnout': 0.34478904721989384, 'tent': 0}]"
79800078,Johannesburg,16008,5075,137,4,0.3256,0.0263,ANC,0.6173,0.3923,2.2785,0.6173,0.0398,0.225,0.0583,0.0,0.7361,0.4087,-8.3066,High risk,0.2931,0.2411,0.3451,78,"[{'VotingDistrict': 32910151, 'station': 'REBONWE PRIMARY SCHOOL', 'station_type': 'School', 'registered': 5362, 'turnout': 0.3207758299142111, 'tent': 0}, {'VotingDistrict': 32910184, 'station': 'LORD KHANYILE HALL', 'station_type': 'Hall/Centre', 'registered': 4803, 'turnout': 0.29564855298771603, 'tent': 0}, {'VotingDistrict': 32910229, 'station': 'MYNHARDT HALL', 'station_type': 'Hall/Centre', 'registered': 3969, 'turnout': 0.3436633912824389, 'tent': 0}]"
79800079,Johannesburg,15829,5061,101,4,0.3261,0.0196,ANC,0.526,0.277,2.802,0.526,0.0338,0.249,0.098,0.0,0.7237,0.3982,-7.2103,Medium risk,0.3096,0.2576,0.3616,79,"[{'VotingDistrict': 32910173, 'station': 'EQINISWENI SECONDARY SCHOOL', 'station_type': 'School', 'registered': 3898, 'turnout': 0.2968188814776809, 'tent': 0}, {'VotingDistrict': 32910195, 'station': 'IVORY PARK PRIMARY SCHOOL', 'station_type': 'School', 'registered': 3934, 'turnout': 0.4306049822064057, 'tent': 0}, {'VotingDistrict': 32910207, 'station': 'IKAGENG EDUCARE CENTRE', 'station_type': 'Hall/Centre', 'registered': 3382, 'turnout': 0.2764636309875813, 'tent': 0}]"
79800080,Johannesburg,13594,5637,79,5,0.4205,0.0138,ANC,0.5153,0.2602,2.9053,0.5153,0.0548,0.2551,0.0912,0.1409,0.95,0.3892,3.1289,Low risk,0.4207,0.3687,0.4727,80,"[{'VotingDistrict': 32900217, 'station': 'KANANA COMMUNITY HALL', 'station_type': 'Hall/Centre', 'registered': 4584, 'turnout': 0.5534467713787086, 'tent': 0}, {'VotingDistrict': 32900228, 'station': 'KANANA PRIMARY SCHOOL', 'station_type': 'School', 'registered': 5310, 'turnout': 0.3026365348399247, 'tent': 0}, {'VotingDistrict': 32900295, 'station': 'TENT AT KANANA', 'station_type': 'Tent', 'registered': 1916, 'turnout': 0.3569937369519833, 'tent': 1}]"
79800081,Johannesburg,17769,7157,81,6,0.4073,0.0112,DA,0.305,0.0061,4.3061,0.2989,0.305,0.1228,0.1791,0.0,0.5853,0.4089,-0.1556,Medium risk,0.3983,0.3463,0.4503,81,"[{'VotingDistrict': 32850064, 'station': 'LYNDHURST PRIMARY SCHOOL', 'station_type': 'School', 'registered': 2900, 'turnout': 0.3289655172413793, 'tent': 0}, {'VotingDistrict': 32850097, 'station': 'REMBRANDT PARK PRIMARY SCHOOL', 'station_type': 'School', 'registered': 3713, 'turnout': 0.44223000269324, 'tent': 0}, {'VotingDistrict': 32850165, 'station': 'OLD APOSTOLIC CHURCH', 'station_type': 'Church', 'registered': 4825, 'turnout': 0.3405181347150259, 'tent': 0}]"
79800082,Johannesburg,17675,8709,75,7,0.497,0.0085,DA,0.2362,0.069,6.0361,0.1647,0.2362,0.0291,0.0667,0.0,0.542,0.3752,12.1748,Low risk,0.4634,0.4114,0.5154,82,"[{'VotingDistrict': 32840029, 'station': 'CLAREMONT PRIMARY SCHOOL', 'station_type': 'School', 'registered': 1934, 'turnout': 0.5139607032057911, 'tent': 0}, {'VotingDistrict': 32840030, 'station': 'DANIE VAN ZYL RECREATION CENTRE', 'station_type': 'Hall/Centre', 'registered': 3865, 'turnout': 0.43363518758085384, 'tent': 0}, {'VotingDistrict': 32840052, 'station': 'DOWLING AVENUE PRIMARY SCHOOL', 'station_type': 'School', 'registered': 2567, 'turnout': 0.5247370471367355, 'tent': 0}]"
79800083,Johannesburg,15797,9369,40,5,0.5956,0.0043,DA,0.6303,0.4539,2.2685,0.0583,0.6303,0.0162,0.0921,0.0,0.3831,0.5275,6.8091,Low risk,0.5803,0.5283,0.6323,83,"[{'VotingDistrict': 32870066, 'station': 'WESTRAND LUTHERAN CHURCH', 'station_type': 'Church', 'registered': 2821, 'turnout': 0.5969514356611131, 'tent': 0}, {'VotingDistrict': 32870268, 'station': 'HELDERKRUIN LAERSKOOL', 'station_type': 'School', 'registered': 3513, 'turnout': 0.582977512097922, 'tent': 0}, {'VotingDistrict': 32870279, 'station': 'NG KERK ROODEKRANS', 'station_type': 'Church', 'registered': 2009, 'turnout': 0.6127426580388253, 'tent': 0}]"
79800084,Johannesburg,18072,8727,25,7,0.4843,0.0029,DA,0.473,0.318,3.6248,0.1092,0.473,0.0463,0.155,0.0,0.4802,0.4699,1.4391,Low risk,0.4755,0.4235,0.5275,84,"[{'VotingDistrict': 32870088, 'station': 'SOUTH WEST GAUTENG COLLEGE', 'station_type': 'School', 'registered': 1648, 'turnout': 0.43264563106796117, 'tent': 0}, {'VotingDistrict': 32870099, 'station': 'ROODEPOORT CITY HALL', 'station_type': 'Hall/Centre', 'registered': 3895, 'turnout': 0.3884467265725289, 'tent': 0}, {'VotingDistrict': 32870123, 'station': 'ROODEPOORT HOËRSKOOL', 'station_type': 'Other', 'registered': 2563, 'turnout': 0.4783456886461178, 'tent': 0}]"
79800085,Johannesburg,17196,8390,30,7,0.4896,0.0036,DA,0.5975,0.4683,2.5277,0.1292,0.5975,0.0584,0.1094,0.011,0.4806,0.5133,-2.3652,Medium risk,0.4617,0.4097,0.5137,85,"[{'VotingDistrict': 32870112, 'station': 'LAERSKOOL HORISON', 'station_type': 'School', 'registered': 2852, 'turnout': 0.5718793828892006, 'tent': 0}, {'VotingDistrict': 32870167, 'station': 'GEREFORMEERDE KERK', 'station_type': 'Church', 'registered': 1586, 'turnout': 0.6248423707440101, 'tent': 0}, {'VotingDistrict': 32870178, 'station': 'BIOKINETICS CENTRE', 'station_type': 'Hall/Centre', 'registered': 2346, 'turnout': 0.4722932651321398, 'tent': 0}]"
79800086,Johannesburg,18928,10026,47,6,0.5322,0.0047,DA,0.6129,0.4709,2.4401,0.0818,0.6129,0.0255,0.142,0.0,0.4196,0.5209,1.1241,Low risk,0.5185,0.4665,0.5705,86,"[{'VotingDistrict': 32840041, 'station': 'LAERSKOOL ESPERANZA', 'station_type': 'School', 'registered': 2858, 'turnout': 0.4429671098670399, 'tent': 0}, {'VotingDistrict': 32840063, 'station': 'GENL CHRISTIAN DE WET PRIMARY SCHOOL', 'station_type': 'School', 'registered': 2868, 'turnout': 0.5240585774058577, 'tent': 0}, {'VotingDistrict': 32840119, 'station': 'GREYMONT NG KERK (ALBERTS FARM)', 'station_type': 'Church', 'registered': 3829, 'turnout': 0.5513188822146775, 'tent': 0}]"
79800087,Johannesburg,16269,7878,39,5,0.4866,0.0049,DA,0.7107,0.6116,1.9001,0.0924,0.7107,0.0401,0.0991,0.0,0.4172,0.5504,-6.3786,Medium risk,0.4729,0.4209,0.5249,87,"[{'VotingDistrict': 32840164, 'station': 'GREENSIDE PRIMARY SCHOOL', 'station_type': 'School', 'registered': 4133, 'turnout': 0.5630292765545608, 'tent': 0}, {'VotingDistrict': 32840209, 'station': 'HOPE CHURCH AUCKLAND PARK', 'station_type': 'Church', 'registered': 3533, 'turnout': 0.357486555335409, 'tent': 0}, {'VotingDistrict': 32840311, 'station': 'HOPE SCHOOL', 'station_type': 'School', 'registered': 4162, 'turnout': 0.5658337337818357, 'tent': 0}]"
79800088,Johannesburg,15625,8632,41,5,0.5551,0.0047,DA,0.5801,0.4383,2.6327,0.0637,0.5801,0.0191,0.1328,0.0,0.4148,0.5123,4.2812,Low risk,0.5213,0.4693,0.5733,88,"[{'VotingDistrict': 32840074, 'station': 'FRANKLIN D ROOSEVELT PRIMARY SCHOOL', 'station_type': 'School', 'registered': 4358, 'turnout': 0.5465810004589261, 'tent': 0}, {'VotingDistrict': 32840108, 'station': 'BERARIO COMMUNITY CENTRE', 'station_type': 'Hall/Centre', 'registered': 4098, 'turnout': 0.572962420693021, 'tent': 0}, {'VotingDistrict': 32840120, 'station': 'NORTHCLIFF HIGH SCHOOL', 'station_type': 'School', 'registered': 2464, 'turnout': 0.5137987012987013, 'tent': 0}]"
79800089,Johannesburg,17975,9675,40,5,0.5405,0.0041,DA,0.69,0.5698,2.0005,0.0545,0.69,0.0182,0.1202,0.0,0.3925,0.5461,-0.5645,Medium risk,0.5296,0.4776,0.5816,89,"[{'VotingDistrict': 32840085, 'station': 'LAERSKOOL FAIRLAND', 'station_type': 'School', 'registered': 3094, 'turnout': 0.5116354234001292, 'tent': 0}, {'VotingDistrict': 32841671, 'station': 'CLIFFVIEW  PRIMARY SCHOOL', 'station_type': 'School', 'registered': 2626, 'turnout': 0.6843107387661843, 'tent': 0}, {'VotingDistrict': 32870325, 'station': 'PANORAMA PRIMARY SCHOOL', 'station_type': 'School', 'registered': 5565, 'turnout': 0.4747529200359389, 'tent': 0}]"
79800090,Johannesburg,15805,8311,61,4,0.5297,0.0073,DA,0.7016,0.5819,1.9199,0.1142,0.7016,0.0244,0.1197,0.0,0.4034,0.5463,-1.6544,Medium risk,0.5222,0.4702,0.5742,90,"[{'VotingDistrict': 32850042, 'station': 'DUNKELD BOWLS CLUB', 'station_type': 'Other', 'registered': 2458, 'turnout': 0.48942229454841335, 'tent': 0}, {'VotingDistrict': 32850547, 'station': 'HYDE PARK HIGH SCHOOL', 'station_type': 'School', 'registered': 4248, 'turnout': 0.5218926553672316, 'tent': 0}, {'VotingDistrict': 32850615, 'station': 'GEORGE LEA SPORTS CLUB', 'station_type': 'Other', 'registered': 4162, 'turnout': 0.5391638635271504, 'tent': 0}]"
79800091,Johannesburg,15745,6676,74,5,0.4287,0.011,DA,0.4434,0.1976,3.3937,0.2458,0.4434,0.0944,0.1676,0.0,0.5331,0.4574,-2.8646,Medium risk,0.4321,0.3801,0.4841,91,"[{'VotingDistrict': 32850558, 'station': 'ST DAVIDS MARIST INANDA', 'station_type': 'Other', 'registered': 5320, 'turnout': 0.4845864661654135, 'tent': 0}, {'VotingDistrict': 32850569, 'station': 'ALEXANDRA HIGH SCHOOL', 'station_type': 'School', 'registered': 3831, 'turnout': 0.35421560950143566, 'tent': 0}, {'VotingDistrict': 32850581, 'station': 'SANDTON FIRE STATION', 'station_type': 'Other', 'registered': 3571, 'turnout': 0.4522542705124615, 'tent': 0}]"
79800092,Johannesburg,17488,6320,55,5,0.3645,0.0086,ANC,0.3995,0.1877,3.8727,0.3995,0.2119,0.1794,0.143,0.1313,0.95,0.3966,-3.2016,Medium risk,0.3694,0.3174,0.4214,92,"[{'VotingDistrict': 32910016, 'station': 'RANDJESFONTEIN HOMESTEAD', 'station_type': 'Other', 'registered': 3246, 'turnout': 0.46642020948860136, 'tent': 0}, {'VotingDistrict': 32910308, 'station': 'SEDI-LAKA PRIMARY SCHOOL', 'station_type': 'School', 'registered': 6891, 'turnout': 0.2983601799448556, 'tent': 0}, {'VotingDistrict': 32910342, 'station': 'DRAKE KOKA PRIMARY SCHOOL', 'station_type': 'School', 'registered': 5055, 'turnout': 0.32561819980217604, 'tent': 0}]"
79800093,Johannesburg,19644,10177,63,5,0.5213,0.0062,DA,0.6641,0.4826,2.0832,0.0554,0.6641,0.0337,0.1816,0.2326,0.95,0.521,0.0271,Low risk,0.485,0.433,0.537,93,"[{'VotingDistrict': 32841772, 'station': 'TENT - KINGFISCHER PARK', 'station_type': 'Tent', 'registered': 662, 'turnout': 0.729607250755287, 'tent': 1}, {'VotingDistrict': 32850738, 'station': 'EDISON CRESCENT PARK - SUNNINGHILL SHOPPING CENTRE', 'station_type': 'Hall/Centre', 'registered': 4969, 'turnout': 0.4447574964781646, 'tent': 0}, {'VotingDistrict': 32850761, 'station': 'RIVONIA SPORTS CLUB', 'station_type': 'Other', 'registered': 3318, 'turnout': 0.5509342977697408, 'tent': 0}]"
79800094,Johannesburg,17305,8092,36,5,0.4697,0.0044,DA,0.7323,0.6136,1.7937,0.0772,0.7323,0.0231,0.1188,0.0589,0.5822,0.5524,-8.2745,High risk,0.4415,0.3895,0.4935,94,"[{'VotingDistrict': 32840018, 'station': 'TENT @ RIVERSANDS INCUBATION HUB', 'station_type': 'Tent', 'registered': 1020, 'turnout': 0.257843137254902, 'tent': 1}, {'VotingDistrict': 32840580, 'station': 'WITKOPPEN COMBINED SCHOOL', 'station_type': 'School', 'registered': 3745, 'turnout': 0.5222963951935915, 'tent': 0}, {'VotingDistrict': 32850536, 'station': 'LONEHILL FIRE STATION', 'station_type': 'Other', 'registered': 8218, 'turnout': 0.44609394013141884, 'tent': 0}]"
79800095,Johannesburg,17995,5237,124,5,0.2979,0.0231,ANC,0.6664,0.4739,2.0539,0.6664,0.0325,0.1925,0.0603,0.1605,0.95,0.4012,-10.3289,High risk,0.2967,0.2447,0.3487,95,"[{'VotingDistrict': 32841176, 'station': 'DIEPSLOOT YOUTH CENTRE', 'station_type': 'Hall/Centre', 'registered': 5183, 'turnout': 0.28226895620297127, 'tent': 0}, {'VotingDistrict': 32841187, 'station': 'MUZOMUHLE PRIMARY SCHOOL', 'station_type': 'School', 'registered': 4439, 'turnout': 0.2818202297814823, 'tent': 0}, {'VotingDistrict': 32841389, 'station': 'NEIGHBOURHOOD CENTRE', 'station_type': 'Hall/Centre', 'registered': 4508, 'turnout': 0.29569653948535934, 'tent': 0}]"
79800096,Johannesburg,21882,10233,126,9,0.4734,0.0122,ANC,0.3615,0.0291,3.7509,0.3615,0.3324,0.0891,0.1109,0.4612,0.95,0.3887,8.4703,Low risk,0.4669,0.4149,0.5189,96,"[{'VotingDistrict': 32841255, 'station': 'TENT AFRICA ABLAZE MINISTRIES', 'station_type': 'Tent', 'registered': 1469, 'turnout': 0.5343771272974813, 'tent': 1}, {'VotingDistrict': 32841288, 'station': 'PARADISE BEND SCHOOL', 'station_type': 'School', 'registered': 3009, 'turnout': 0.3811897640412097, 'tent': 0}, {'VotingDistrict': 32841323, 'station': 'KWENA MOLAPO SCHOOL', 'station_type': 'School', 'registered': 1126, 'turnout': 0.37211367673179396, 'tent': 0}]"
79800097,Johannesburg,22293,11619,79,5,0.5247,0.0068,DA,0.647,0.4895,2.2028,0.0714,0.647,0.0391,0.1575,0.0,0.4128,0.5318,-0.7087,Medium risk,0.5167,0.4647,0.5687,97,"[{'VotingDistrict': 32870314, 'station': 'RUIMSIG SPORT COMPLEX / STADIUM', 'station_type': 'Other', 'registered': 3556, 'turnout': 0.49634420697412823, 'tent': 0}, {'VotingDistrict': 32870358, 'station': 'PANORAMA SPORT CLUB', 'station_type': 'Other', 'registered': 7619, 'turnout': 0.5080719254495341, 'tent': 0}, {'VotingDistrict': 32871225, 'station': 'RIDGECREST FAMILY CHURCH', 'station_type': 'Church', 'registered': 7224, 'turnout': 0.5478959025470653, 'tent': 0}]"
79800098,Johannesburg,17173,8412,32,5,0.4917,0.0038,DA,0.657,0.5348,2.1725,0.1015,0.657,0.0384,0.1222,0.0,0.4297,0.5338,-4.2135,Medium risk,0.5347,0.4827,0.5867,98,"[{'VotingDistrict': 32840096, 'station': 'NORTHCLIFF PRIMARY SCHOOL', 'station_type': 'School', 'registered': 5593, 'turnout': 0.5737529054174861, 'tent': 0}, {'VotingDistrict': 32840366, 'station': 'WINDSOR EAST RECREATION CENTRE', 'station_type': 'Hall/Centre', 'registered': 2911, 'turnout': 0.39780144280316043, 'tent': 0}, {'VotingDistrict': 32840388, 'station': 'ROBIN HILLS PRIMARY SCHOOL', 'station_type': 'School', 'registered': 3463, 'turnout': 0.5108287611897199, 'tent': 0}]"
79800099,Johannesburg,14914,8435,42,5,0.5684,0.005,DA,0.7515,0.6536,1.7239,0.0481,0.7515,0.0126,0.0979,0.0,0.3636,0.564,0.4402,Low risk,0.5599,0.5079,0.6119,99,"[{'VotingDistrict': 32840131, 'station': 'LAERSKOOL LOUW GELDENHUYS', 'station_type': 'School', 'registered': 2987, 'turnout': 0.5577502510880482, 'tent': 0}, {'VotingDistrict': 32840142, 'station': 'LINDEN HOËRSKOOL', 'station_type': 'Other', 'registered': 3474, 'turnout': 0.5823258491652274, 'tent': 0}, {'VotingDistrict': 32840355, 'station': 'LAERSKOOL UNIKA', 'station_type': 'School', 'registered': 3711, 'turnout': 0.5206143896523848, 'tent': 0}]"
79800100,Johannesburg,19490,7755,106,8,0.4033,0.0135,ANC,0.5452,0.3399,2.7172,0.5452,0.0491,0.2053,0.1591,0.0,0.688,0.4034,-0.0084,Medium risk,0.4083,0.3563,0.4603,100,"[{'VotingDistrict': 32841200, 'station': 'COSMO CITY MULTIPUREPOSE CENTRE', 'station_type': 'Hall/Centre', 'registered': 3684, 'turnout': 0.33713355048859933, 'tent': 0}, {'VotingDistrict': 32841334, 'station': 'SGODIPHOLA SECONDARY SCHOOL', 'station_type': 'School', 'registered': 4172, 'turnout': 0.31999041227229147, 'tent': 0}, {'VotingDistrict': 32841424, 'station': 'ITSOSENG DEVELOPMENT TRUST INFORMAL SETTLEMENT', 'station_type': 'Other', 'registered': 2368, 'turnout': 0.38091216216216217, 'tent': 0}]"
79800101,Johannesburg,21370,10876,17,4,0.5097,0.0016,DA,0.6413,0.4346,2.1759,0.0551,0.6413,0.0331,0.2067,0.0,0.4186,0.5303,-2.0615,Medium risk,0.5088,0.4568,0.5608,101,"[{'VotingDistrict': 32840535, 'station': 'RANDPARK RIDGE UNITED CHURCH', 'station_type': 'Church', 'registered': 5940, 'turnout': 0.5496632996632996, 'tent': 0}, {'VotingDistrict': 32840546, 'station': 'HUNTERS HILL FIRE STATION', 'station_type': 'Other', 'registered': 3651, 'turnout': 0.5138318268967407, 'tent': 0}, {'VotingDistrict': 32840568, 'station': 'SHARONLEA PRIMARY SCHOOL', 'station_type': 'School', 'registered': 5917, 'turnout': 0.4967044110190975, 'tent': 0}]"
79800102,Johannesburg,18726,9784,81,5,0.5268,0.0082,DA,0.7122,0.585,1.8859,0.0673,0.7122,0.0378,0.1271,0.0,0.395,0.5514,-2.4547,Medium risk,0.5208,0.4688,0.5728,102,"[{'VotingDistrict': 32840423, 'station': 'LAERSKOOL FONTAINEBLEAU', 'station_type': 'School', 'registered': 3123, 'turnout': 0.5405059237912264, 'tent': 0}, {'VotingDistrict': 32840456, 'station': 'BORDEAUX PRIMARY SCHOOL', 'station_type': 'School', 'registered': 4712, 'turnout': 0.4333616298811545, 'tent': 0}, {'VotingDistrict': 32840467, 'station': 'BLAIRGOWRIE COMMUNITY CENTRE', 'station_type': 'Hall/Centre', 'registered': 3776, 'turnout': 0.5609110169491526, 'tent': 0}]"
79800103,Johannesburg,19553,9864,85,5,0.5088,0.0085,DA,0.8075,0.7172,1.5076,0.0903,0.8075,0.037,0.0,0.0,0.3827,0.5762,-6.7339,Medium risk,0.4888,0.4368,0.5408,103,"[{'VotingDistrict': 32850604, 'station': 'SANDTON ART GALLERY', 'station_type': 'Other', 'registered': 1711, 'turnout': 0.3419053185271771, 'tent': 0}, {'VotingDistrict': 32850626, 'station': 'FIELD AND STUDY CENTRE', 'station_type': 'Hall/Centre', 'registered': 2966, 'turnout': 0.5704652730950776, 'tent': 0}, {'VotingDistrict': 32850648, 'station': 'LYCEE FRANCAIS JULES VERNE', 'station_type': 'Other', 'registered': 3986, 'turnout': 0.5358755644756649, 'tent': 0}]"
79800104,Johannesburg,17499,8919,56,5,0.5129,0.0062,DA,0.6472,0.4835,2.1916,0.0909,0.6472,0.0358,0.1637,0.161,0.872,0.5194,-0.6494,Medium risk,0.5089,0.4569,0.5609,104,"[{'VotingDistrict': 32840412, 'station': 'NG KERK FONTAINEBLEAU', 'station_type': 'Church', 'registered': 4017, 'turnout': 0.540453074433657, 'tent': 0}, {'VotingDistrict': 32840434, 'station': 'CITY POWER RANDBURG', 'station_type': 'Other', 'registered': 3366, 'turnout': 0.4667260843731432, 'tent': 0}, {'VotingDistrict': 32840445, 'station': 'FERNDALE HIGH SCHOOL', 'station_type': 'School', 'registered': 2702, 'turnout': 0.500740192450037, 'tent': 0}]"
79800105,Johannesburg,19144,7315,114,6,0.3881,0.0153,ANC,0.5571,0.365,2.674,0.5571,0.0386,0.1541,0.1921,0.2013,0.95,0.389,-0.0941,Medium risk,0.3648,0.3128,0.4168,105,"[{'VotingDistrict': 32850334, 'station': 'ATREC SPORTS COMPLEX', 'station_type': 'Other', 'registered': 2117, 'turnout': 0.3826169107227208, 'tent': 0}, {'VotingDistrict': 32850884, 'station': 'EAST BANK CLINIC', 'station_type': 'Other', 'registered': 1896, 'turnout': 0.4140295358649789, 'tent': 0}, {'VotingDistrict': 32851032, 'station': 'SKEEN PRIMARY SCHOOL', 'station_type': 'School', 'registered': 5079, 'turnout': 0.40696987595983464, 'tent': 0}]"
79800106,Johannesburg,20114,10523,25,4,0.5244,0.0024,DA,0.6506,0.437,2.1063,0.0687,0.6506,0.0274,0.2135,0.0,0.4117,0.5323,-0.7904,Medium risk,0.5051,0.4531,0.5571,106,"[{'VotingDistrict': 32840490, 'station': 'NORSCOT MANOR RECREATION CENTRE', 'station_type': 'Hall/Centre', 'registered': 7172, 'turnout': 0.5312325711098718, 'tent': 0}, {'VotingDistrict': 32850682, 'station': 'CEDARWOODS OF SANDTON', 'station_type': 'Other', 'registered': 2710, 'turnout': 0.5760147601476014, 'tent': 0}, {'VotingDistrict': 32850749, 'station': 'RIVONIA VILLAGE HALL', 'station_type': 'Hall/Centre', 'registered': 6066, 'turnout': 0.49126277612924496, 'tent': 0}]"
79800107,Johannesburg,15589,5795,122,6,0.3796,0.0206,ANC,0.5425,0.3391,2.7792,0.5425,0.0385,0.2035,0.1431,0.0691,0.8944,0.396,-1.6417,Medium risk,0.3609,0.3089,0.4129,107,"[{'VotingDistrict': 32850794, 'station': 'CARTER PRIMARY SCHOOL', 'station_type': 'School', 'registered': 3423, 'turnout': 0.39526730937773885, 'tent': 0}, {'VotingDistrict': 32850806, 'station': ""ST MICHAEL'S CHURCH"", 'station_type': 'Church', 'registered': 2516, 'turnout': 0.37639109697933226, 'tent': 0}, {'VotingDistrict': 32850828, 'station': 'REALOGILE HIGH SCHOOL', 'station_type': 'School', 'registered': 3375, 'turnout': 0.34933333333333333, 'tent': 0}]"
79800108,Johannesburg,14113,4975,62,5,0.3569,0.0123,ANC,0.5897,0.3889,2.4857,0.5897,0.0466,0.2008,0.1037,0.5931,0.95,0.3655,-0.8563,Medium risk,0.3474,0.2954,0.3994,108,"[{'VotingDistrict': 32850693, 'station': 'METHODIST CHURCH OF SOUTH AFRICA', 'station_type': 'Church', 'registered': 1545, 'turnout': 0.3592233009708738, 'tent': 0}, {'VotingDistrict': 32850817, 'station': 'AME CHURCH', 'station_type': 'Church', 'registered': 3167, 'turnout': 0.371960846226713, 'tent': 0}, {'VotingDistrict': 32851065, 'station': 'TENT (VASCO AND 9TH AVENUE)', 'station_type': 'Tent', 'registered': 4593, 'turnout': 0.32375353799259743, 'tent': 1}]"
79800109,Johannesburg,20924,8438,88,7,0.4075,0.0103,DA,0.3822,0.0905,3.6972,0.2917,0.3822,0.1157,0.159,0.0,0.5648,0.4357,-2.8212,Medium risk,0.43,0.378,0.482,109,"[{'VotingDistrict': 32850424, 'station': 'HLAYISANANI DAY CARE CENTRE', 'station_type': 'Hall/Centre', 'registered': 4233, 'turnout': 0.3319158988896764, 'tent': 0}, {'VotingDistrict': 32850592, 'station': 'ERNEST ULLMAN RECREATION CENTRE', 'station_type': 'Hall/Centre', 'registered': 2546, 'turnout': 0.5538098978790259, 'tent': 0}, {'VotingDistrict': 32850671, 'station': 'WENDYWOOD HIGH SCHOOL', 'station_type': 'School', 'registered': 3834, 'turnout': 0.5080855503390714, 'tent': 0}]"
79800110,Johannesburg,15691,3957,52,4,0.2555,0.013,ANC,0.4794,0.2995,3.2846,0.4794,0.1352,0.1799,0.1511,0.3018,0.95,0.3853,-12.9831,High risk,0.2198,0.1678,0.2718,110,"[{'VotingDistrict': 32900093, 'station': 'TENT - MAYIBUYE CLINIC (NEXT TO PRIMARY SCHOOL)', 'station_type': 'Tent', 'registered': 4735, 'turnout': 0.27666314677930304, 'tent': 1}, {'VotingDistrict': 32900273, 'station': 'MAPHUTHA SECONDARY SCHOOL', 'station_type': 'School', 'registered': 3437, 'turnout': 0.31626418388129185, 'tent': 0}, {'VotingDistrict': 32910038, 'station': 'GALLAGHER COMBINED SCHOOL', 'station_type': 'School', 'registered': 3372, 'turnout': 0.32829181494661924, 'tent': 0}]"
79800111,Johannesburg,16300,4949,66,3,0.3077,0.0132,ANC,0.5314,0.3003,2.8148,0.5314,0.0406,0.2312,0.1176,0.0,0.7311,0.3995,-9.1846,High risk,0.3087,0.2567,0.3607,111,"[{'VotingDistrict': 32910049, 'station': 'EBONY PARK PRIMARY SCHOOL', 'station_type': 'School', 'registered': 8237, 'turnout': 0.29695277406822873, 'tent': 0}, {'VotingDistrict': 32910106, 'station': 'UMQHELE SECONDARY SCHOOL', 'station_type': 'School', 'registered': 3802, 'turnout': 0.31641241451867436, 'tent': 0}, {'VotingDistrict': 32910320, 'station': 'PONELOPELE SECONDARY SCHOOL', 'station_type': 'School', 'registered': 4261, 'turnout': 0.32058202299929595, 'tent': 0}]"
79800112,Johannesburg,19568,8728,43,6,0.4482,0.0049,DA,0.3373,0.065,3.9906,0.1963,0.3373,0.1538,0.2723,0.1411,0.9386,0.4184,2.9879,Low risk,0.4106,0.3586,0.4626,112,"[{'VotingDistrict': 32910140, 'station': 'MIDRAND PRIMARY SCHOOL', 'station_type': 'School', 'registered': 4589, 'turnout': 0.43320984964044457, 'tent': 0}, {'VotingDistrict': 32910353, 'station': 'COMMUNITAS CHURCH', 'station_type': 'Church', 'registered': 1584, 'turnout': 0.5738636363636364, 'tent': 0}, {'VotingDistrict': 32910364, 'station': 'MIDRAND HIGH SCHOOL', 'station_type': 'School', 'registered': 4526, 'turnout': 0.4116217410517013, 'tent': 0}]"
79800113,Johannesburg,18165,4803,67,3,0.2681,0.0138,ANC,0.5719,0.3669,2.5867,0.5719,0.0408,0.2051,0.072,0.0,0.7549,0.4043,-13.624,High risk,0.253,0.201,0.305,113,"[{'VotingDistrict': 32841198, 'station': 'DIEPSLOOT COMBINED SCHOOL', 'station_type': 'School', 'registered': 8034, 'turnout': 0.28429176001991535, 'tent': 0}, {'VotingDistrict': 32841402, 'station': 'NEIGHBOURHOOD COMMUNITY HALL', 'station_type': 'Hall/Centre', 'registered': 7523, 'turnout': 0.2340821480792237, 'tent': 0}, {'VotingDistrict': 32841457, 'station': 'DIEPSLOOT OLD APOSTOLIC CHURCH', 'station_type': 'Church', 'registered': 2608, 'turnout': 0.31633435582822084, 'tent': 0}]"
79800114,Johannesburg,16275,6080,98,6,0.3796,0.0159,ANC,0.4401,0.2786,3.7507,0.4401,0.1007,0.1615,0.1181,0.1241,0.95,0.3851,-0.553,Medium risk,0.3845,0.3325,0.4365,114,"[{'VotingDistrict': 32840614, 'station': 'MASAKHANE TSWELELOPELE PRIMARY SCHOOL', 'station_type': 'School', 'registered': 4964, 'turnout': 0.3182917002417405, 'tent': 0}, {'VotingDistrict': 32841277, 'station': 'ZANDSPRUIT COMMUNITY CHURCH', 'station_type': 'Church', 'registered': 3031, 'turnout': 0.3922797756516001, 'tent': 0}, {'VotingDistrict': 32841491, 'station': 'TENT (BOUNDARY ROAD PARK)', 'station_type': 'Tent', 'registered': 2019, 'turnout': 0.4393263992075285, 'tent': 1}]"
79800115,Johannesburg,21648,9768,68,5,0.4544,0.0069,DA,0.5967,0.4399,2.4622,0.1568,0.5967,0.0387,0.1522,0.4659,0.95,0.4799,-2.5512,Medium risk,0.4417,0.3897,0.4937,115,"[{'VotingDistrict': 32840579, 'station': 'MAGIC BEINGS NURSERY SCHOOL', 'station_type': 'School', 'registered': 5734, 'turnout': 0.5, 'tent': 0}, {'VotingDistrict': 32840591, 'station': 'TENT AT NAUTILUS PARK', 'station_type': 'Tent', 'registered': 3296, 'turnout': 0.37105582524271846, 'tent': 1}, {'VotingDistrict': 32840603, 'station': 'FOURWAYS HIGH SCHOOL', 'station_type': 'School', 'registered': 4164, 'turnout': 0.44860710854947167, 'tent': 0}]"
79800116,Johannesburg,13565,4777,169,5,0.3646,0.0342,ANC,0.7015,0.566,1.9247,0.7015,0.0337,0.1354,0.0831,0.0,0.7327,0.4168,-5.2162,Medium risk,0.3375,0.2855,0.3895,116,"[{'VotingDistrict': 32850839, 'station': 'ZION APOSTOLIC CHURCH', 'station_type': 'Church', 'registered': 2803, 'turnout': 0.3795932929004638, 'tent': 0}, {'VotingDistrict': 32850873, 'station': 'UNITED CHURCH OF CHRIST', 'station_type': 'Church', 'registered': 3230, 'turnout': 0.3281733746130031, 'tent': 0}, {'VotingDistrict': 32850895, 'station': 'SWISS MISSION/EVANGELICAL PRESBYTERIAN CHURCH', 'station_type': 'Church', 'registered': 4213, 'turnout': 0.34037502967006883, 'tent': 0}]"
79800117,Johannesburg,14228,7493,38,4,0.5293,0.005,DA,0.7107,0.5707,1.8844,0.0667,0.7107,0.0223,0.14,0.0,0.3942,0.5506,-2.1319,Medium risk,0.5027,0.4507,0.5547,117,"[{'VotingDistrict': 32840153, 'station': 'BLAIRGOWRIE PRIMARY SCHOOL', 'station_type': 'School', 'registered': 3074, 'turnout': 0.5143135979180221, 'tent': 0}, {'VotingDistrict': 32850019, 'station': 'PARKHURST PRIMARY SCHOOL', 'station_type': 'School', 'registered': 4593, 'turnout': 0.527106466361855, 'tent': 0}, {'VotingDistrict': 32850020, 'station': 'SAXONWOLD PRIMARY SCHOOL', 'station_type': 'School', 'registered': 3861, 'turnout': 0.513079513079513, 'tent': 0}]"
79800118,Johannesburg,17383,5505,46,5,0.3193,0.0083,DA,0.4311,0.2178,3.9233,0.2133,0.4311,0.0832,0.0928,0.2201,0.95,0.4324,-11.3057,High risk,0.3199,0.2679,0.3719,118,"[{'VotingDistrict': 32850288, 'station': 'ATHLONE GIRLS HIGH SCHOOL', 'station_type': 'School', 'registered': 4053, 'turnout': 0.4727362447569701, 'tent': 0}, {'VotingDistrict': 32850367, 'station': 'MALVERN PRIMARY SCHOOL', 'station_type': 'School', 'registered': 5041, 'turnout': 0.267010513786947, 'tent': 0}, {'VotingDistrict': 32850378, 'station': 'EASTGATE PRIMARY SCHOOL', 'station_type': 'School', 'registered': 2409, 'turnout': 0.49273557492735576, 'tent': 0}]"
79800119,Johannesburg,18420,7375,68,7,0.4041,0.0091,ANC,0.5173,0.3416,3.0858,0.5173,0.0456,0.1757,0.1323,0.1283,0.95,0.3883,1.5764,Low risk,0.381,0.329,0.433,119,"[{'VotingDistrict': 32860133, 'station': 'NATURENA PRIMARY SCHOOL', 'station_type': 'School', 'registered': 3087, 'turnout': 0.4512471655328798, 'tent': 0}, {'VotingDistrict': 32862607, 'station': 'FREEDOM  PRIMARY SCHOOL', 'station_type': 'School', 'registered': 4441, 'turnout': 0.3168205359153344, 'tent': 0}, {'VotingDistrict': 32862630, 'station': 'BANNER OF TRUTH MINISTRIES', 'station_type': 'Church', 'registered': 2917, 'turnout': 0.4038395611930065, 'tent': 0}]"
79800120,Johannesburg,21344,8176,553,8,0.409,0.0634,ANC,0.369,0.1967,4.5047,0.369,0.1723,0.0785,0.1585,0.0,0.6282,0.3898,1.9209,Low risk,0.3999,0.3479,0.4519,120,"[{'VotingDistrict': 32860773, 'station': 'SOUTH VIEW HIGH SCHOOL', 'station_type': 'School', 'registered': 1945, 'turnout': 0.4, 'tent': 0}, {'VotingDistrict': 32860807, 'station': 'KIASHA PARK PRIMARY SCHOOL', 'station_type': 'School', 'registered': 3234, 'turnout': 0.3961038961038961, 'tent': 0}, {'VotingDistrict': 32860818, 'station': 'SIERRA NEVADA PRIMARY SCHOOL', 'station_type': 'School', 'registered': 2828, 'turnout': 0.44236209335219234, 'tent': 0}]"
79800121,Johannesburg,19255,8059,505,7,0.4448,0.059,ANC,0.4722,0.3159,3.6177,0.4722,0.0816,0.0951,0.0938,0.2892,0.95,0.3731,7.1638,Low risk,0.4321,0.3801,0.4841,121,"[{'VotingDistrict': 32860784, 'station': 'ENNERDALE SECONDARY SCHOOL', 'station_type': 'School', 'registered': 4200, 'turnout': 0.4492857142857143, 'tent': 0}, {'VotingDistrict': 32860795, 'station': 'ENNERDALE EXT 9 CIVIC CENTRE', 'station_type': 'Hall/Centre', 'registered': 1602, 'turnout': 0.4912609238451935, 'tent': 0}, {'VotingDistrict': 32860830, 'station': 'MOTHEO PRIMARY SCHOOL', 'station_type': 'School', 'registered': 3524, 'turnout': 0.70261066969353, 'tent': 0}]"
79800122,Johannesburg,18908,7608,171,9,0.4114,0.022,ANC,0.6443,0.548,2.2704,0.6443,0.0497,0.0963,0.0626,0.0,0.6991,0.4148,-0.3395,Medium risk,0.3893,0.3373,0.4413,122,"[{'VotingDistrict': 32860469, 'station': 'ZAKARIA PARK COMMUNITY HALL', 'station_type': 'Hall/Centre', 'registered': 2566, 'turnout': 0.45323460639127044, 'tent': 0}, {'VotingDistrict': 32860740, 'station': 'OLIFANTSVLEI PRIMARY SCHOOL', 'station_type': 'School', 'registered': 94, 'turnout': 0.2553191489361702, 'tent': 0}, {'VotingDistrict': 32862809, 'station': 'SIYAPHAMBILI DAYCARE & PRESCHOOL', 'station_type': 'School', 'registered': 1536, 'turnout': 0.3717447916666667, 'tent': 0}]"
79800123,Johannesburg,14090,2944,33,5,0.2113,0.0111,ANC,0.3954,0.1566,3.8191,0.3954,0.0462,0.2388,0.1984,0.249,0.95,0.3652,-15.3915,High risk,0.2371,0.1851,0.2891,123,"[{'VotingDistrict': 32850323, 'station': 'IH HARRIS PRIMARY SCHOOL', 'station_type': 'School', 'registered': 3119, 'turnout': 0.20487335684514268, 'tent': 0}, {'VotingDistrict': 32850345, 'station': 'TENT AT UJ DFC', 'station_type': 'Tent', 'registered': 3508, 'turnout': 0.16077537058152794, 'tent': 1}, {'VotingDistrict': 32850390, 'station': 'CENTRAL COMMUNITY FELLOWSHIP', 'station_type': 'Hall/Centre', 'registered': 3417, 'turnout': 0.25548726953467954, 'tent': 0}]"
79800124,Johannesburg,17415,5495,42,7,0.3179,0.0076,ANC,0.358,0.149,4.3421,0.358,0.1933,0.1369,0.2089,0.0,0.6623,0.3947,-7.6756,High risk,0.3179,0.2659,0.3699,124,"[{'VotingDistrict': 32860010, 'station': 'JOHANNESBURG CITY HALL', 'station_type': 'Hall/Centre', 'registered': 5014, 'turnout': 0.22636617471080972, 'tent': 0}, {'VotingDistrict': 32860100, 'station': 'SELBY CENTRAL OFFICE', 'station_type': 'Other', 'registered': 1302, 'turnout': 0.34715821812596004, 'tent': 0}, {'VotingDistrict': 32860177, 'station': 'PIONEER ADMINISTRATION HALL', 'station_type': 'Church', 'registered': 1166, 'turnout': 0.3602058319039451, 'tent': 0}]"
79800125,Johannesburg,17920,8511,60,9,0.4783,0.007,DA,0.3154,0.051,4.274,0.2258,0.3154,0.1086,0.2644,0.1395,0.9303,0.4074,7.0894,Low risk,0.4336,0.3816,0.4856,125,"[{'VotingDistrict': 32860346, 'station': 'MEREDALE PRIMARY SCHOOL', 'station_type': 'School', 'registered': 2631, 'turnout': 0.4830862789813759, 'tent': 0}, {'VotingDistrict': 32860379, 'station': 'KLIPRIVIER CENTRE', 'station_type': 'Hall/Centre', 'registered': 3669, 'turnout': 0.4769692014172799, 'tent': 0}, {'VotingDistrict': 32860380, 'station': 'ELETHU THEMBA SCHOOL', 'station_type': 'School', 'registered': 608, 'turnout': 0.39473684210526316, 'tent': 0}]"
79800126,Johannesburg,18639,9821,70,3,0.5307,0.0071,DA,0.7106,0.568,1.8841,0.0502,0.7106,0.0226,0.1427,0.0,0.3911,0.5515,-2.085,Medium risk,0.5175,0.4655,0.5695,126,"[{'VotingDistrict': 32840502, 'station': 'BOSKOP PRIMARY', 'station_type': 'School', 'registered': 6548, 'turnout': 0.5543677458766035, 'tent': 0}, {'VotingDistrict': 32870011, 'station': 'ALLEN GLEN HIGH SCHOOL', 'station_type': 'School', 'registered': 5354, 'turnout': 0.5246544639521853, 'tent': 0}, {'VotingDistrict': 32870347, 'station': 'WELTEVREDEN PARK PRIMARY SCHOOL', 'station_type': 'School', 'registered': 6737, 'turnout': 0.5123942407599822, 'tent': 0}]"
79800127,Johannesburg,13538,5023,86,5,0.3774,0.0168,ANC,0.6097,0.4621,2.4036,0.6097,0.0661,0.13,0.1476,0.0,0.7051,0.4131,-3.5708,Medium risk,0.3561,0.3041,0.4081,127,"[{'VotingDistrict': 32870134, 'station': 'DURBAN DEEP PRIMARY SCHOOL', 'station_type': 'School', 'registered': 1353, 'turnout': 0.3170731707317073, 'tent': 0}, {'VotingDistrict': 32871056, 'station': 'SOL PLAATJIE COMMUNITY HALL', 'station_type': 'Hall/Centre', 'registered': 4112, 'turnout': 0.40029182879377434, 'tent': 0}, {'VotingDistrict': 32871090, 'station': 'GOUDRAND HOSTEL HALL', 'station_type': 'Hall/Centre', 'registered': 4257, 'turnout': 0.3967582804792107, 'tent': 0}]"
79800128,Johannesburg,17690,6291,11,5,0.3562,0.0017,ANC,0.6937,0.5551,1.966,0.6937,0.0424,0.1386,0.0712,0.0,0.7331,0.4172,-6.0956,Medium risk,0.3583,0.3063,0.4103,128,"[{'VotingDistrict': 32870145, 'station': 'TSHEPISONG PRIMARY SCHOOL', 'station_type': 'School', 'registered': 3642, 'turnout': 0.39099395936298736, 'tent': 0}, {'VotingDistrict': 32871203, 'station': 'ONKGOPOTSE TIRO PRIMARY', 'station_type': 'School', 'registered': 4747, 'turnout': 0.36844322730145357, 'tent': 0}, {'VotingDistrict': 32871214, 'station': 'HARRY GWALA PRIMARY SCHOOL', 'station_type': 'School', 'registered': 5484, 'turnout': 0.2700583515681984, 'tent': 0}]"
79800129,Johannesburg,14995,6019,0,6,0.4014,0.0,ANC,0.578,0.3911,2.5923,0.578,0.0337,0.1869,0.0866,0.4305,0.95,0.3737,2.7695,Low risk,0.3775,0.3255,0.4295,129,"[{'VotingDistrict': 32870910, 'station': 'OBED MOSIANE PRIMARY SCHOOL', 'station_type': 'School', 'registered': 3410, 'turnout': 0.41436950146627566, 'tent': 0}, {'VotingDistrict': 32870921, 'station': 'SEBETSA OTHOLE-MOPUTSO', 'station_type': 'Other', 'registered': 2630, 'turnout': 0.38783269961977185, 'tent': 0}, {'VotingDistrict': 32870932, 'station': 'TENT AT DOORNKOP COMMUNITY HALL', 'station_type': 'Tent', 'registered': 2688, 'turnout': 0.3943452380952381, 'tent': 1}]"
79800130,Johannesburg,13131,5675,82,8,0.4384,0.0142,ANC,0.5616,0.3729,2.6416,0.5616,0.0296,0.1579,0.1887,0.0432,0.8004,0.3995,3.8918,Low risk,0.4236,0.3716,0.4756,130,"[{'VotingDistrict': 32862034, 'station': 'EMDENI SENIOR SECONDARY SCHOOL', 'station_type': 'School', 'registered': 2401, 'turnout': 0.4189920866305706, 'tent': 0}, {'VotingDistrict': 32862067, 'station': 'JOSIAH KHUMALO ADULT EDUCATION CENTRE', 'station_type': 'Hall/Centre', 'registered': 3008, 'turnout': 0.4208776595744681, 'tent': 0}, {'VotingDistrict': 32862078, 'station': 'EMSENI PRIMARY SCHOOL', 'station_type': 'School', 'registered': 2018, 'turnout': 0.4103072348860258, 'tent': 0}]"
79800131,Johannesburg,13564,5952,122,7,0.4478,0.0201,ANC,0.477,0.1074,2.7032,0.477,0.0385,0.3696,0.0491,0.0,0.6604,0.397,5.0804,Low risk,0.4419,0.3899,0.4939,131,"[{'VotingDistrict': 32860841, 'station': 'MADUME PRIMARY SCHOOL', 'station_type': 'School', 'registered': 3009, 'turnout': 0.4247258225324028, 'tent': 0}, {'VotingDistrict': 32860953, 'station': 'RAPHELA SECONDARY SCHOOL', 'station_type': 'School', 'registered': 2915, 'turnout': 0.43876500857632933, 'tent': 0}, {'VotingDistrict': 32860964, 'station': 'ORANGE FARM EXT 1 HALL', 'station_type': 'Hall/Centre', 'registered': 1801, 'turnout': 0.42087729039422545, 'tent': 0}]"
79800132,Johannesburg,20345,10219,52,5,0.5048,0.0051,DA,0.6004,0.4194,2.4252,0.1205,0.6004,0.0657,0.1809,0.0,0.4408,0.5151,-1.0253,Medium risk,0.5027,0.4507,0.5547,132,"[{'VotingDistrict': 32850053, 'station': 'LEEUWKOP PRISON', 'station_type': 'Other', 'registered': 1712, 'turnout': 0.32651869158878505, 'tent': 0}, {'VotingDistrict': 32851379, 'station': 'REDDAM HOUSE WATERFALL COLLEGE', 'station_type': 'School', 'registered': 4391, 'turnout': 0.6417672511956274, 'tent': 0}, {'VotingDistrict': 32910027, 'station': 'JUNIOR ACHIEVERS MONTESSORI', 'station_type': 'Other', 'registered': 5339, 'turnout': 0.35456077917212964, 'tent': 0}]"
79800133,Johannesburg,16592,4857,295,4,0.3105,0.0573,ANC,0.6273,0.372,2.1605,0.6273,0.0299,0.2553,0.0521,0.0,0.7469,0.4082,-9.77,High risk,0.2832,0.2312,0.3352,133,"[{'VotingDistrict': 32910117, 'station': 'IVORY PARK NORTH COMMUNITY HALL', 'station_type': 'Hall/Centre', 'registered': 3408, 'turnout': 0.34683098591549294, 'tent': 0}, {'VotingDistrict': 32910128, 'station': 'JB MATABANE SECONDARY SCHOOL', 'station_type': 'School', 'registered': 4537, 'turnout': 0.3259863345823231, 'tent': 0}, {'VotingDistrict': 32910139, 'station': 'COME ONE COME ALL', 'station_type': 'Other', 'registered': 4479, 'turnout': 0.2638981915606162, 'tent': 0}]"
79800134,Johannesburg,19028,8155,198,6,0.439,0.0237,DA,0.6473,0.4844,2.1778,0.1034,0.6473,0.0471,0.163,0.1409,0.8506,0.5204,-8.1396,High risk,0.4208,0.3688,0.4728,134,"[{'VotingDistrict': 32840401, 'station': 'RANDPARK PRIMARY SCHOOL', 'station_type': 'School', 'registered': 4202, 'turnout': 0.5337934316991909, 'tent': 0}, {'VotingDistrict': 32840513, 'station': 'BOSKRUIN COMMUNITY CENTRE', 'station_type': 'Hall/Centre', 'registered': 6217, 'turnout': 0.48946437188354514, 'tent': 0}, {'VotingDistrict': 32840557, 'station': 'NORTHRIDING COLLEGE', 'station_type': 'School', 'registered': 3575, 'turnout': 0.3890909090909091, 'tent': 0}]"
79800135,Johannesburg,19071,7971,75,7,0.4219,0.0093,ANC,0.44,0.2067,3.3089,0.44,0.0306,0.2277,0.2332,0.0,0.6685,0.39,3.1918,Low risk,0.4021,0.3501,0.4541,135,"[{'VotingDistrict': 32870897, 'station': 'FARANANI PRIMARY SCHOOL', 'station_type': 'School', 'registered': 5600, 'turnout': 0.3485714285714286, 'tent': 0}, {'VotingDistrict': 32871191, 'station': 'MZIWANDILEMSELANTO EDUCARE CENTRE', 'station_type': 'Hall/Centre', 'registered': 3401, 'turnout': 0.39988238753307853, 'tent': 0}, {'VotingDistrict': 32871247, 'station': 'LITTLE ANGELS DAYCARE & PRE-SCHOOL', 'station_type': 'School', 'registered': 2751, 'turnout': 0.4961832061068702, 'tent': 0}]"
79900001,Tshwane,16561,8098,53,6,0.4922,0.0065,DA,0.6413,0.4224,2.1547,0.0531,0.6413,0.0193,0.0377,0.0,0.4262,0.5304,-3.8215,Medium risk,0.4676,0.4156,0.5196,1,"[{'VotingDistrict': 32950021, 'station': 'LAERSKOOL GENL NICOLAAS SMIT', 'station_type': 'School', 'registered': 3007, 'turnout': 0.33920851346857334, 'tent': 0}, {'VotingDistrict': 32950032, 'station': 'HOËRSKOOL HERCULES', 'station_type': 'Other', 'registered': 4172, 'turnout': 0.475790987535954, 'tent': 0}, {'VotingDistrict': 32950065, 'station': 'SAAMSPAN LAERSKOOL', 'station_type': 'School', 'registered': 3440, 'turnout': 0.5747093023255814, 'tent': 0}]"
79900002,Tshwane,15964,7901,59,7,0.4986,0.0074,DA,0.6209,0.4194,2.3019,0.0642,0.6209,0.0397,0.0475,0.0,0.43,0.5238,-2.5199,Medium risk,0.5101,0.4581,0.5621,2,"[{'VotingDistrict': 32951640, 'station': 'LAERSKOOL RACHEL DE BEER', 'station_type': 'School', 'registered': 3335, 'turnout': 0.5106446776611694, 'tent': 0}, {'VotingDistrict': 32951651, 'station': 'LAERSKOOL VOORTREKKER EEUFEES', 'station_type': 'School', 'registered': 2802, 'turnout': 0.5053533190578159, 'tent': 0}, {'VotingDistrict': 32951662, 'station': 'PRETORIA-NOORD STADSAAL', 'station_type': 'Other', 'registered': 3931, 'turnout': 0.4436530145001272, 'tent': 0}]"
79900003,Tshwane,16187,5183,23,6,0.3216,0.0044,ANC,0.2965,0.0758,4.9805,0.2965,0.2207,0.1744,0.1331,0.0,0.6446,0.3865,-6.4914,Medium risk,0.318,0.266,0.37,3,"[{'VotingDistrict': 32950054, 'station': 'PRETORIA-WES HOËRSKOOL', 'station_type': 'Other', 'registered': 4395, 'turnout': 0.23094425483503983, 'tent': 0}, {'VotingDistrict': 32950166, 'station': 'LAERSKOOL WESPARK', 'station_type': 'School', 'registered': 2602, 'turnout': 0.4638739431206764, 'tent': 0}, {'VotingDistrict': 32950177, 'station': 'LAERSKOOL DIE HEUVEL', 'station_type': 'School', 'registered': 1814, 'turnout': 0.2579933847850055, 'tent': 0}]"
79900004,Tshwane,17491,7446,59,6,0.4291,0.0079,ANC,0.314,0.0414,4.2989,0.314,0.1614,0.1788,0.2726,0.0,0.6137,0.3894,3.9642,Low risk,0.3973,0.3453,0.4493,4,"[{'VotingDistrict': 32960527, 'station': 'AKASIA MUNICIPAL OFFICE', 'station_type': 'Other', 'registered': 4935, 'turnout': 0.3584599797365755, 'tent': 0}, {'VotingDistrict': 32960538, 'station': 'THE ORCHARDS PRIMARY SCHOOL', 'station_type': 'School', 'registered': 5205, 'turnout': 0.4036503362151777, 'tent': 0}, {'VotingDistrict': 32960864, 'station': 'SMILEY KIDS ORCHARDS', 'station_type': 'Other', 'registered': 1369, 'turnout': 0.5105916727538349, 'tent': 0}]"
79900005,Tshwane,15496,9064,84,5,0.5903,0.0092,DA,0.6103,0.3919,2.3361,0.0606,0.6103,0.0352,0.052,0.1719,0.872,0.5087,8.1611,Low risk,0.5864,0.5344,0.6384,5,"[{'VotingDistrict': 32951617, 'station': 'MAGALIESKRUIN LAERSKOOL', 'station_type': 'School', 'registered': 4041, 'turnout': 0.588963127938629, 'tent': 0}, {'VotingDistrict': 32951628, 'station': 'MONTANA HOËRSKOOL', 'station_type': 'Other', 'registered': 5960, 'turnout': 0.5085570469798658, 'tent': 0}, {'VotingDistrict': 32951718, 'station': 'TENT AT MUNICIPAL PARK', 'station_type': 'Tent', 'registered': 2663, 'turnout': 0.6838152459631994, 'tent': 1}]"
79900006,Tshwane,14080,5691,60,9,0.4085,0.0104,ANC,0.6275,0.4952,2.3281,0.6275,0.0464,0.1323,0.0868,0.0,0.6987,0.4121,-0.3639,Medium risk,0.428,0.376,0.48,6,"[{'VotingDistrict': 32951202, 'station': 'F.F. RIBEIRO PRIMARY SCHOOL', 'station_type': 'School', 'registered': 1634, 'turnout': 0.3329253365973072, 'tent': 0}, {'VotingDistrict': 32951280, 'station': 'TSHIMOLLO PRIMARY SCHOOL', 'station_type': 'School', 'registered': 1239, 'turnout': 0.420500403551251, 'tent': 0}, {'VotingDistrict': 32951291, 'station': 'AGNES CHIDI PRIMARY SCHOOL', 'station_type': 'School', 'registered': 1710, 'turnout': 0.39473684210526316, 'tent': 0}]"
79900007,Tshwane,15779,6986,82,6,0.4479,0.0116,ANC,0.4088,0.2277,4.0412,0.4088,0.0833,0.1716,0.0999,0.0,0.6389,0.3854,6.2518,Low risk,0.45,0.398,0.502,7,"[{'VotingDistrict': 32950133, 'station': 'LOTUS GARDENS SECONDARY SCHOOL', 'station_type': 'School', 'registered': 3976, 'turnout': 0.42178068410462777, 'tent': 0}, {'VotingDistrict': 32952225, 'station': 'FUSION SECONDARY SCHOOL', 'station_type': 'School', 'registered': 4940, 'turnout': 0.4149797570850202, 'tent': 0}, {'VotingDistrict': 32952663, 'station': 'BAGALE PRIMARY SCHOOL', 'station_type': 'School', 'registered': 3150, 'turnout': 0.4434920634920635, 'tent': 0}]"
79900008,Tshwane,12938,4997,108,10,0.3946,0.0212,ANC,0.6254,0.4935,2.3603,0.6254,0.0654,0.1319,0.043,0.0,0.6999,0.4142,-1.9598,Medium risk,0.3599,0.3079,0.4119,8,"[{'VotingDistrict': 86661030, 'station': 'DILOPYE PRIMARY SCHOOL', 'station_type': 'School', 'registered': 1442, 'turnout': 0.4944521497919556, 'tent': 0}, {'VotingDistrict': 86661041, 'station': 'PHALESANE PRIMARY SCHOOL', 'station_type': 'School', 'registered': 1182, 'turnout': 0.33079526226734346, 'tent': 0}, {'VotingDistrict': 86661074, 'station': 'TIRANI BASADI CENTER', 'station_type': 'Hall/Centre', 'registered': 826, 'turnout': 0.4358353510895884, 'tent': 0}]"
79900009,Tshwane,12245,4623,113,7,0.3868,0.0239,ANC,0.6818,0.5137,1.9955,0.6818,0.0586,0.1681,0.0134,0.0,0.7136,0.4179,-3.1168,Medium risk,0.3679,0.3159,0.4199,9,"[{'VotingDistrict': 86730026, 'station': 'REFALOTSE PRIMARY SCHOOL', 'station_type': 'School', 'registered': 1978, 'turnout': 0.3306370070778564, 'tent': 0}, {'VotingDistrict': 86730048, 'station': 'RELEBOGILE DAY CARE CENTRE', 'station_type': 'Hall/Centre', 'registered': 2449, 'turnout': 0.3813801551653736, 'tent': 0}, {'VotingDistrict': 86730071, 'station': 'GALEBOE MIDDLE SCHOOL', 'station_type': 'School', 'registered': 1822, 'turnout': 0.3907793633369923, 'tent': 0}]"
79900010,Tshwane,13002,4178,112,8,0.3299,0.0261,ANC,0.4689,0.1948,3.1462,0.4689,0.0349,0.2741,0.05,0.0,0.7131,0.3916,-6.1678,Medium risk,0.3391,0.2871,0.3911,10,"[{'VotingDistrict': 32952045, 'station': 'BARAK EDUCATION FOUNDATION', 'station_type': 'Other', 'registered': 2560, 'turnout': 0.3796875, 'tent': 0}, {'VotingDistrict': 32952113, 'station': 'REPHAFUGILE SECONDARY SCHOOL', 'station_type': 'School', 'registered': 2930, 'turnout': 0.29215017064846416, 'tent': 0}, {'VotingDistrict': 32952371, 'station': 'VIVA VILLAGE COMMUNITY CENTRE', 'station_type': 'Hall/Centre', 'registered': 1650, 'turnout': 0.27515151515151515, 'tent': 0}]"
79900011,Tshwane,12533,5031,49,6,0.4053,0.0096,ANC,0.6804,0.5389,2.0363,0.6804,0.0396,0.1415,0.063,0.0,0.7098,0.4155,-1.0213,Medium risk,0.3826,0.3306,0.4346,11,"[{'VotingDistrict': 32960280, 'station': 'PHAKAMONOLA PRIMARY SCHOOL', 'station_type': 'School', 'registered': 3045, 'turnout': 0.41083743842364534, 'tent': 0}, {'VotingDistrict': 32960336, 'station': 'RIVONINGO PRIMARY SCHOOL', 'station_type': 'School', 'registered': 1971, 'turnout': 0.44038559107052255, 'tent': 0}, {'VotingDistrict': 32960369, 'station': 'MAKHOSINI SECONDARY SCHOOL', 'station_type': 'School', 'registered': 1693, 'turnout': 0.45658594211458947, 'tent': 0}]"
79900012,Tshwane,12175,4295,79,7,0.3593,0.0181,ANC,0.5842,0.437,2.6148,0.5842,0.0517,0.1471,0.0598,0.0,0.713,0.4074,-4.8109,Medium risk,0.3551,0.3031,0.4071,12,"[{'VotingDistrict': 86700090, 'station': 'MABOPANE HIGH SCHOOL', 'station_type': 'School', 'registered': 1638, 'turnout': 0.3058608058608059, 'tent': 0}, {'VotingDistrict': 86700168, 'station': 'LETLOTLO MIDDLE SCHOOL', 'station_type': 'School', 'registered': 1715, 'turnout': 0.356268221574344, 'tent': 0}, {'VotingDistrict': 86700270, 'station': 'SHOSHANGAAN PRIMARY SCHOOL', 'station_type': 'School', 'registered': 1880, 'turnout': 0.28085106382978725, 'tent': 0}]"
79900013,Tshwane,13557,5669,114,14,0.4266,0.0197,ANC,0.622,0.4608,2.3487,0.622,0.0642,0.1612,0.0335,0.0,0.6853,0.4131,1.3443,Low risk,0.4254,0.3734,0.4774,13,"[{'VotingDistrict': 32960662, 'station': 'OFFICE OPPOSITE TOM`S PLACE', 'station_type': 'Other', 'registered': 1117, 'turnout': 0.38585496866606983, 'tent': 0}, {'VotingDistrict': 32960954, 'station': 'REVIVAL CHURCH', 'station_type': 'Church', 'registered': 1200, 'turnout': 0.4041666666666667, 'tent': 0}, {'VotingDistrict': 32961102, 'station': 'ALL SAINTS FOR CHRIST CHURCH', 'station_type': 'Church', 'registered': 376, 'turnout': 0.2553191489361702, 'tent': 0}]"
79900014,Tshwane,12653,4962,110,8,0.4009,0.0217,ANC,0.5109,0.2257,2.8256,0.5109,0.0391,0.0713,0.0234,0.0,0.6865,0.3973,0.3515,Low risk,0.3749,0.3229,0.4269,14,"[{'VotingDistrict': 86660804, 'station': 'MOLONDOLODZI PRE-SCHOOL', 'station_type': 'School', 'registered': 1565, 'turnout': 0.40447284345047924, 'tent': 0}, {'VotingDistrict': 86660815, 'station': 'RAPELEGO PRIMARY SCHOOL', 'station_type': 'School', 'registered': 1666, 'turnout': 0.3871548619447779, 'tent': 0}, {'VotingDistrict': 86660826, 'station': 'KGOMBA PRIMARY SCHOOL', 'station_type': 'School', 'registered': 1505, 'turnout': 0.43588039867109635, 'tent': 0}]"
79900015,Tshwane,14077,6100,172,9,0.4455,0.0274,ANC,0.6346,0.4667,2.2558,0.6346,0.0659,0.1679,0.0779,0.0556,0.834,0.4108,3.4739,Low risk,0.4313,0.3793,0.4833,15,"[{'VotingDistrict': 32951493, 'station': 'PHATENG COMPREHENSIVE SCHOOL', 'station_type': 'School', 'registered': 1548, 'turnout': 0.4050387596899225, 'tent': 0}, {'VotingDistrict': 32951516, 'station': 'IKAGENG COMMUNITY CENTRE', 'station_type': 'Hall/Centre', 'registered': 2517, 'turnout': 0.4445768772348033, 'tent': 0}, {'VotingDistrict': 32952337, 'station': 'NELLMAPIUS PRIMARY SCHOOL EXT 6', 'station_type': 'School', 'registered': 3676, 'turnout': 0.42546245919477693, 'tent': 0}]"
79900016,Tshwane,14696,6202,72,8,0.4269,0.0115,ANC,0.623,0.4748,2.3489,0.623,0.0442,0.1482,0.0958,0.0,0.6903,0.4108,1.61,Low risk,0.3655,0.3135,0.4175,16,"[{'VotingDistrict': 32951190, 'station': 'KOOS MATLI SCHOOL', 'station_type': 'School', 'registered': 1450, 'turnout': 0.42137931034482756, 'tent': 0}, {'VotingDistrict': 32951246, 'station': 'GATANG SCHOOL', 'station_type': 'School', 'registered': 1922, 'turnout': 0.3969823100936524, 'tent': 0}, {'VotingDistrict': 32951257, 'station': 'LEHLABILE SCHOOL', 'station_type': 'School', 'registered': 2200, 'turnout': 0.42363636363636364, 'tent': 0}]"
79900017,Tshwane,14907,5534,106,6,0.3783,0.0188,ANC,0.5596,0.3959,2.7351,0.5596,0.0385,0.1637,0.0484,0.0,0.7041,0.4029,-2.4599,Medium risk,0.3516,0.2996,0.4036,17,"[{'VotingDistrict': 32950830, 'station': 'MAHLASEDI MASANA SCHOOL', 'station_type': 'School', 'registered': 3937, 'turnout': 0.3774447548895098, 'tent': 0}, {'VotingDistrict': 32952001, 'station': 'UNITING REFORMED CHURCH', 'station_type': 'Church', 'registered': 2766, 'turnout': 0.34273318872017355, 'tent': 0}, {'VotingDistrict': 32952012, 'station': 'BONALESEDI SCHOOL', 'station_type': 'School', 'registered': 3390, 'turnout': 0.3383480825958702, 'tent': 0}]"
79900018,Tshwane,14945,6254,140,9,0.4278,0.0219,ANC,0.6578,0.5203,2.1333,0.6578,0.0435,0.1375,0.1178,0.0,0.6953,0.4148,1.3069,Low risk,0.4112,0.3592,0.4632,18,"[{'VotingDistrict': 32951505, 'station': ""N' WA - VANGANI PRIMARY SCHOOL"", 'station_type': 'School', 'registered': 2804, 'turnout': 0.3420114122681883, 'tent': 0}, {'VotingDistrict': 32951527, 'station': 'MOUNT GRACE MINISTRIES', 'station_type': 'Church', 'registered': 1947, 'turnout': 0.4139702105803801, 'tent': 0}, {'VotingDistrict': 32951538, 'station': 'RIBANE LAKA SECONDARY SCHOOL', 'station_type': 'School', 'registered': 1355, 'turnout': 0.4693726937269373, 'tent': 0}]"
79900019,Tshwane,12834,5353,122,7,0.4266,0.0223,ANC,0.6869,0.5526,1.9969,0.6869,0.0394,0.1343,0.0375,0.0,0.7012,0.4165,1.0132,Low risk,0.3951,0.3431,0.4471,19,"[{'VotingDistrict': 86730059, 'station': 'ABEL MOTSHWANE HIGH SCHOOL', 'station_type': 'School', 'registered': 3381, 'turnout': 0.4406980183377699, 'tent': 0}, {'VotingDistrict': 86730082, 'station': 'TLHABOLOGO AET CENTRE', 'station_type': 'Hall/Centre', 'registered': 1862, 'turnout': 0.37056928034371645, 'tent': 0}, {'VotingDistrict': 86730093, 'station': 'THE GLOBAL CHURCH OF THE LORD JESUS CHRIST', 'station_type': 'Church', 'registered': 1200, 'turnout': 0.4075, 'tent': 0}]"
79900020,Tshwane,13802,5376,60,7,0.3939,0.011,ANC,0.5175,0.327,3.0493,0.5175,0.0651,0.1905,0.115,0.0,0.6841,0.4002,-0.6303,Medium risk,0.4065,0.3545,0.4585,20,"[{'VotingDistrict': 86700012, 'station': 'KGOMOTSO DAY CARE', 'station_type': 'Other', 'registered': 2729, 'turnout': 0.3312568706485892, 'tent': 0}, {'VotingDistrict': 86700045, 'station': 'MORULA VIEW PRIMARY SCHOOL', 'station_type': 'School', 'registered': 3650, 'turnout': 0.3956164383561644, 'tent': 0}, {'VotingDistrict': 86700124, 'station': 'NONG PRIMARY SCHOOL', 'station_type': 'School', 'registered': 2175, 'turnout': 0.37103448275862067, 'tent': 0}]"
79900021,Tshwane,13534,5333,51,7,0.3978,0.0095,ANC,0.4896,0.3568,3.3937,0.4896,0.0424,0.1328,0.1161,0.0,0.6838,0.393,0.4856,Low risk,0.3644,0.3124,0.4164,21,"[{'VotingDistrict': 86700023, 'station': 'BAFETI MIDDLE SCHOOL', 'station_type': 'School', 'registered': 2123, 'turnout': 0.40885539331135184, 'tent': 0}, {'VotingDistrict': 86700034, 'station': 'SETUMO KHIBA SECONDARY SCHOOL', 'station_type': 'School', 'registered': 2172, 'turnout': 0.39779005524861877, 'tent': 0}, {'VotingDistrict': 86700135, 'station': 'UNIT X REVENUE OFFICES', 'station_type': 'Other', 'registered': 2824, 'turnout': 0.35694050991501414, 'tent': 0}]"
79900022,Tshwane,13266,5260,120,6,0.4055,0.0223,ANC,0.6209,0.4494,2.3479,0.6209,0.0452,0.1715,0.0745,0.0,0.6993,0.4101,-0.4551,Medium risk,0.3868,0.3348,0.4388,22,"[{'VotingDistrict': 86661580, 'station': 'MABOPANE ISLAMIC CENTRE', 'station_type': 'Hall/Centre', 'registered': 2249, 'turnout': 0.4522009782125389, 'tent': 0}, {'VotingDistrict': 86700056, 'station': 'TSHWANE WEST DISTRICT', 'station_type': 'Other', 'registered': 2722, 'turnout': 0.3813372520205731, 'tent': 0}, {'VotingDistrict': 86700067, 'station': 'DR MOREOSELE HIGH SCHOOL', 'station_type': 'School', 'registered': 2728, 'turnout': 0.4013929618768328, 'tent': 0}]"
79900023,Tshwane,12666,4918,122,7,0.3979,0.0242,ANC,0.7119,0.5937,1.8785,0.7119,0.0376,0.1181,0.097,0.0,0.7183,0.4187,-2.0817,Medium risk,0.3879,0.3359,0.4399,23,"[{'VotingDistrict': 32951268, 'station': 'RETHABILE HALL', 'station_type': 'Hall/Centre', 'registered': 1863, 'turnout': 0.3907675791733763, 'tent': 0}, {'VotingDistrict': 32951415, 'station': 'REFENTSE PRIMARY SCHOOL', 'station_type': 'School', 'registered': 1857, 'turnout': 0.37964458804523427, 'tent': 0}, {'VotingDistrict': 32951572, 'station': 'MAMELODI HIGH SCHOOL', 'station_type': 'School', 'registered': 1965, 'turnout': 0.4122137404580153, 'tent': 0}]"
79900024,Tshwane,14807,5198,129,9,0.3598,0.0242,ANC,0.7412,0.6326,1.7573,0.7412,0.0543,0.1087,0.0208,0.0,0.7357,0.4233,-6.3514,Medium risk,0.3706,0.3186,0.4226,24,"[{'VotingDistrict': 86730015, 'station': 'SISTERS OF MERCY SCHOOL', 'station_type': 'School', 'registered': 1182, 'turnout': 0.39593908629441626, 'tent': 0}, {'VotingDistrict': 86730060, 'station': 'THULAGANYO MIDDLE SCHOOL', 'station_type': 'School', 'registered': 2211, 'turnout': 0.38760741745816374, 'tent': 0}, {'VotingDistrict': 86730138, 'station': 'KULANI PRIMARY SCHOOL', 'station_type': 'School', 'registered': 3637, 'turnout': 0.3038218311795436, 'tent': 0}]"
79900025,Tshwane,12789,4563,54,7,0.361,0.0117,ANC,0.6487,0.4933,2.2009,0.6487,0.0581,0.1554,0.0335,0.0,0.7203,0.4149,-5.3909,Medium risk,0.3286,0.2766,0.3806,25,"[{'VotingDistrict': 32960011, 'station': 'AFRICAN GOSPEL CHURCH', 'station_type': 'Church', 'registered': 2138, 'turnout': 0.3021515434985968, 'tent': 0}, {'VotingDistrict': 32960392, 'station': 'KGOTLELELANG PRIMARY SCHOOL', 'station_type': 'School', 'registered': 2925, 'turnout': 0.3490598290598291, 'tent': 0}, {'VotingDistrict': 32960404, 'station': 'VUKOSI PRIMARY SCHOOL', 'station_type': 'School', 'registered': 2997, 'turnout': 0.31998665331998666, 'tent': 0}]"
79900026,Tshwane,12022,4760,76,7,0.4023,0.0157,ANC,0.6315,0.4506,2.269,0.6315,0.0702,0.1809,0.0525,0.0,0.6962,0.4146,-1.2315,Medium risk,0.4076,0.3556,0.4596,26,"[{'VotingDistrict': 32960033, 'station': 'UTHANDO PRIMARY SCHOOL', 'station_type': 'School', 'registered': 1912, 'turnout': 0.35930962343096234, 'tent': 0}, {'VotingDistrict': 32960178, 'station': 'SOSHANGUVE HIGH SCHOOL', 'station_type': 'School', 'registered': 2191, 'turnout': 0.388407120036513, 'tent': 0}, {'VotingDistrict': 32960279, 'station': 'SEETSA SAKGWEDI PRIMARY SCHOOL', 'station_type': 'School', 'registered': 1789, 'turnout': 0.4097261039686976, 'tent': 0}]"
79900027,Tshwane,12056,4889,62,6,0.4107,0.0125,ANC,0.5776,0.4256,2.6497,0.5776,0.0481,0.1237,0.0475,0.0,0.6898,0.4061,0.4563,Low risk,0.3985,0.3465,0.4505,27,"[{'VotingDistrict': 32960189, 'station': 'SENTHIBELE SENIOR SECONDARY SCHOOL', 'station_type': 'School', 'registered': 1276, 'turnout': 0.40282131661442006, 'tent': 0}, {'VotingDistrict': 32960303, 'station': 'NCHUNCHEKO PRIMARY SCHOOL', 'station_type': 'School', 'registered': 1766, 'turnout': 0.4297848244620612, 'tent': 0}, {'VotingDistrict': 32960314, 'station': 'DIMAKATSO PRIMARY SCHOOL', 'station_type': 'School', 'registered': 2906, 'turnout': 0.41293874741913283, 'tent': 0}]"
79900028,Tshwane,12168,4706,103,7,0.3952,0.0214,ANC,0.6084,0.4261,2.3917,0.6084,0.0506,0.1823,0.1022,0.0833,0.9341,0.404,-0.8735,Medium risk,0.3686,0.3166,0.4206,28,"[{'VotingDistrict': 32951460, 'station': 'LUTHERAN CHURCH (MODISA O MOLEMO)', 'station_type': 'Church', 'registered': 1478, 'turnout': 0.42354533152909335, 'tent': 0}, {'VotingDistrict': 32951471, 'station': 'MVELEDZO PRIMARY SCHOOL', 'station_type': 'School', 'registered': 1605, 'turnout': 0.36074766355140186, 'tent': 0}, {'VotingDistrict': 32951482, 'station': 'HOPE DAYCARE CENTRE', 'station_type': 'Hall/Centre', 'registered': 1610, 'turnout': 0.35093167701863354, 'tent': 0}]"
79900029,Tshwane,13035,5545,57,7,0.4298,0.0102,ANC,0.5674,0.3118,2.5158,0.5674,0.037,0.2555,0.0496,0.0,0.6825,0.4033,2.6474,Low risk,0.4238,0.3718,0.4758,29,"[{'VotingDistrict': 32960101, 'station': 'DITHABANENG PRIMARY SCHOOL', 'station_type': 'School', 'registered': 1576, 'turnout': 0.4232233502538071, 'tent': 0}, {'VotingDistrict': 32960123, 'station': 'REDIBONE PRIMARY SCHOOL', 'station_type': 'School', 'registered': 1713, 'turnout': 0.3666082895504962, 'tent': 0}, {'VotingDistrict': 32960190, 'station': 'PUTCO SOSHANGUVE', 'station_type': 'Other', 'registered': 1703, 'turnout': 0.451556077510276, 'tent': 0}]"
79900030,Tshwane,15853,6367,73,8,0.4062,0.0113,ANC,0.5631,0.3163,2.5625,0.5631,0.0492,0.2467,0.0875,0.0,0.6894,0.4045,0.173,Low risk,0.397,0.345,0.449,30,"[{'VotingDistrict': 86690065, 'station': 'GA-RANKUWA PRIMARY SCHOOL', 'station_type': 'School', 'registered': 1984, 'turnout': 0.3805443548387097, 'tent': 0}, {'VotingDistrict': 86690098, 'station': 'MAROPENG PRIMARY SCHOOL', 'station_type': 'School', 'registered': 3262, 'turnout': 0.4049662783568363, 'tent': 0}, {'VotingDistrict': 86690122, 'station': 'MAPENANE MIDDLE SCHOOL', 'station_type': 'School', 'registered': 1834, 'turnout': 0.386041439476554, 'tent': 0}]"
79900031,Tshwane,13885,5343,117,9,0.3932,0.0214,ANC,0.4971,0.3107,3.2084,0.4971,0.1056,0.1864,0.1248,0.0,0.6712,0.4032,-0.9983,Medium risk,0.3724,0.3204,0.4244,31,"[{'VotingDistrict': 33280017, 'station': 'VISSERSHOEK PRIMARY SCHOOL', 'station_type': 'School', 'registered': 1002, 'turnout': 0.4221556886227545, 'tent': 0}, {'VotingDistrict': 33280163, 'station': 'PREPARING LEADERSHIP OF TOMMOROW CRECHE', 'station_type': 'Other', 'registered': 298, 'turnout': 0.8691275167785235, 'tent': 0}, {'VotingDistrict': 86690010, 'station': 'TSELA-TSHWEU MOEPATHUTSE ABET CENTRE', 'station_type': 'Hall/Centre', 'registered': 1795, 'turnout': 0.36991643454038997, 'tent': 0}]"
79900032,Tshwane,16183,6151,44,10,0.3828,0.0071,ANC,0.5586,0.3577,2.6828,0.5586,0.0658,0.2009,0.1187,0.0,0.6951,0.4064,-2.3543,Medium risk,0.3724,0.3204,0.4244,32,"[{'VotingDistrict': 32960707, 'station': 'SEFAKO MAKGATHO HEALTH SCIENCES UNIVERSITY', 'station_type': 'Other', 'registered': 1966, 'turnout': 0.13224821973550355, 'tent': 0}, {'VotingDistrict': 32961191, 'station': 'KAMOGELO DAY CARE CENTER', 'station_type': 'Hall/Centre', 'registered': 904, 'turnout': 0.536504424778761, 'tent': 0}, {'VotingDistrict': 86690043, 'station': 'TIM MODISE PRIMARY SCHOOL', 'station_type': 'School', 'registered': 2085, 'turnout': 0.35587529976019183, 'tent': 0}]"
79900033,Tshwane,14557,5734,81,8,0.3995,0.0139,ANC,0.5427,0.3699,2.8868,0.5427,0.067,0.1728,0.0937,0.0,0.6849,0.4039,-0.4407,Medium risk,0.3817,0.3297,0.4337,33,"[{'VotingDistrict': 32960044, 'station': 'BOEPATHUTSE JUNIOR SECONDARY SCHOOL', 'station_type': 'School', 'registered': 1565, 'turnout': 0.3936102236421725, 'tent': 0}, {'VotingDistrict': 32960055, 'station': 'LETHABONG SECONDARY SCHOOL', 'station_type': 'School', 'registered': 2249, 'turnout': 0.37394397510004446, 'tent': 0}, {'VotingDistrict': 32960066, 'station': 'HLANGANANI HIGH SCHOOL', 'station_type': 'School', 'registered': 1588, 'turnout': 0.43073047858942065, 'tent': 0}]"
79900034,Tshwane,13429,4846,49,6,0.3645,0.01,ANC,0.6279,0.4802,2.3038,0.6279,0.0388,0.1478,0.1135,0.0,0.7205,0.4109,-4.6377,Medium risk,0.3553,0.3033,0.4073,34,"[{'VotingDistrict': 32960077, 'station': 'RHULANI COMBINED SCHOOL', 'station_type': 'School', 'registered': 2106, 'turnout': 0.38509021842355173, 'tent': 0}, {'VotingDistrict': 32960088, 'station': 'PHUMZILE PRIMARY SCHOOL', 'station_type': 'School', 'registered': 1996, 'turnout': 0.24348697394789579, 'tent': 0}, {'VotingDistrict': 32960099, 'station': 'KHENSANI PRIMARY SCHOOL', 'station_type': 'School', 'registered': 3151, 'turnout': 0.3779752459536655, 'tent': 0}]"
79900035,Tshwane,14466,5064,80,6,0.3556,0.0156,ANC,0.5796,0.4208,2.6143,0.5796,0.0533,0.1588,0.0752,0.0,0.7136,0.4072,-5.1644,Medium risk,0.3549,0.3029,0.4069,35,"[{'VotingDistrict': 32960156, 'station': 'A RETHABENG PRIMARY SCHOOL', 'station_type': 'School', 'registered': 1946, 'turnout': 0.47019527235354575, 'tent': 0}, {'VotingDistrict': 32960167, 'station': 'RETHOMILE JUNIOR SECONDARY SCHOOL', 'station_type': 'School', 'registered': 1692, 'turnout': 0.233451536643026, 'tent': 0}, {'VotingDistrict': 32960572, 'station': 'TIPFUXENI PRIMARY SCHOOL', 'station_type': 'School', 'registered': 3163, 'turnout': 0.415428390768258, 'tent': 0}]"
79900036,Tshwane,13909,4997,37,9,0.3619,0.0074,ANC,0.4973,0.2958,3.1645,0.4973,0.0841,0.2015,0.1355,0.0,0.6907,0.4005,-3.8547,Medium risk,0.3749,0.3229,0.4269,36,"[{'VotingDistrict': 32960022, 'station': 'SHALOM PRIMARY SCHOOL', 'station_type': 'School', 'registered': 2292, 'turnout': 0.3486038394415358, 'tent': 0}, {'VotingDistrict': 32960134, 'station': 'TSHWANE NORTH COLLEGE', 'station_type': 'School', 'registered': 834, 'turnout': 0.10551558752997602, 'tent': 0}, {'VotingDistrict': 32960471, 'station': 'SINQOBILE PRIMARY SCHOOL', 'station_type': 'School', 'registered': 1469, 'turnout': 0.4309053778080327, 'tent': 0}]"
79900037,Tshwane,13714,5220,66,8,0.3854,0.0125,ANC,0.6195,0.4013,2.2671,0.6195,0.0544,0.2182,0.0789,0.0,0.7059,0.4112,-2.5711,Medium risk,0.3553,0.3033,0.4073,37,"[{'VotingDistrict': 32960796, 'station': 'KGETHEGO EARLY LEARNING CENTRE', 'station_type': 'Hall/Centre', 'registered': 4631, 'turnout': 0.3556467285683438, 'tent': 0}, {'VotingDistrict': 32960820, 'station': 'COMMANDMENT OF GOD MINISTRY (CGM)', 'station_type': 'Church', 'registered': 3436, 'turnout': 0.3719441210710128, 'tent': 0}, {'VotingDistrict': 32960921, 'station': 'REVIVAL FOR ALL NATIONS’ MINISTRIES', 'station_type': 'Church', 'registered': 1757, 'turnout': 0.45589072282299375, 'tent': 0}]"
79900038,Tshwane,11473,2906,44,8,0.2571,0.0149,ANC,0.4136,0.1872,3.713,0.4136,0.1745,0.2264,0.1115,0.1126,0.95,0.395,-13.7827,High risk,0.2814,0.2294,0.3334,38,"[{'VotingDistrict': 32951213, 'station': 'SHIRINDA PRIMARY SCHOOL', 'station_type': 'School', 'registered': 2081, 'turnout': 0.27775108121095626, 'tent': 0}, {'VotingDistrict': 32951224, 'station': 'SEVENTH DAY ADVENTIST CHURCH', 'station_type': 'Church', 'registered': 1917, 'turnout': 0.22013562858633282, 'tent': 0}, {'VotingDistrict': 32951303, 'station': 'MINI MUNITORIA', 'station_type': 'Other', 'registered': 357, 'turnout': 0.17086834733893558, 'tent': 0}]"
79900039,Tshwane,12941,4584,112,6,0.3629,0.0239,ANC,0.6719,0.4762,2.0191,0.6719,0.0478,0.1957,0.0443,0.0,0.7255,0.415,-5.2164,Medium risk,0.3227,0.2707,0.3747,39,"[{'VotingDistrict': 32960594, 'station': 'REABETSWE PRIMARY SCHOOL', 'station_type': 'School', 'registered': 3840, 'turnout': 0.37890625, 'tent': 0}, {'VotingDistrict': 32960606, 'station': 'SEAGENG SECONDARY SCHOOL', 'station_type': 'School', 'registered': 2655, 'turnout': 0.34764595103578155, 'tent': 0}, {'VotingDistrict': 32960695, 'station': 'AYANDA PRIMARY SCHOOL', 'station_type': 'School', 'registered': 2443, 'turnout': 0.32623823168235777, 'tent': 0}]"
79900040,Tshwane,14813,4608,112,5,0.3186,0.0237,ANC,0.615,0.4781,2.4205,0.615,0.0395,0.1369,0.0625,0.0,0.739,0.4093,-9.0702,High risk,0.3068,0.2548,0.3588,40,"[{'VotingDistrict': 32952023, 'station': 'MEETSE A BOPHELO PRIMARY', 'station_type': 'School', 'registered': 3166, 'turnout': 0.2631080227416298, 'tent': 0}, {'VotingDistrict': 32952056, 'station': 'PFUNZO NDI TSHEDZA SCHOOL', 'station_type': 'School', 'registered': 5368, 'turnout': 0.3204172876304024, 'tent': 0}, {'VotingDistrict': 32952405, 'station': 'FUTURE GLORY MINISTRIES PHOMOLONG', 'station_type': 'Church', 'registered': 2744, 'turnout': 0.2715014577259475, 'tent': 0}]"
79900041,Tshwane,16210,8886,80,8,0.5531,0.0089,DA,0.6193,0.4886,2.4043,0.0864,0.6193,0.0493,0.0685,0.1276,0.7666,0.514,3.9077,Low risk,0.5453,0.4933,0.5973,41,"[{'VotingDistrict': 32950278, 'station': 'LAERSKOOL MEYERSPARK', 'station_type': 'School', 'registered': 2576, 'turnout': 0.546583850931677, 'tent': 0}, {'VotingDistrict': 32950425, 'station': 'LAERSKOOL SKUILKRANS', 'station_type': 'School', 'registered': 3879, 'turnout': 0.580046403712297, 'tent': 0}, {'VotingDistrict': 32950964, 'station': 'LAERSKOOL SILVERTON', 'station_type': 'School', 'registered': 2754, 'turnout': 0.4190268700072622, 'tent': 0}]"
79900042,Tshwane,14721,8707,41,6,0.5943,0.0047,DA,0.7356,0.6164,1.7789,0.0642,0.7356,0.013,0.0482,0.0922,0.6166,0.5518,4.2499,Low risk,0.5806,0.5286,0.6326,42,"[{'VotingDistrict': 32950841, 'station': 'MONUMENT PARK LAERSKOOL', 'station_type': 'School', 'registered': 3842, 'turnout': 0.5606454971369078, 'tent': 0}, {'VotingDistrict': 32950852, 'station': 'WATERKLOOF BAPTIST CHURCH', 'station_type': 'Church', 'registered': 2992, 'turnout': 0.5795454545454546, 'tent': 0}, {'VotingDistrict': 32951022, 'station': 'WATERKLOOF PRIMARY SCHOOL', 'station_type': 'School', 'registered': 3305, 'turnout': 0.5691376701966717, 'tent': 0}]"
79900043,Tshwane,14533,6302,62,6,0.4379,0.0097,DA,0.3023,0.0024,4.4417,0.1165,0.3023,0.0317,0.1609,0.2812,0.95,0.3969,4.0988,Low risk,0.4154,0.3634,0.4674,43,"[{'VotingDistrict': 32950919, 'station': 'NORRIDGE PARK PRIMARY SCHOOL', 'station_type': 'School', 'registered': 2795, 'turnout': 0.259391771019678, 'tent': 0}, {'VotingDistrict': 32950920, 'station': 'P.S. FOURIE PRIMARY SCHOOL', 'station_type': 'School', 'registered': 2724, 'turnout': 0.4544787077826725, 'tent': 0}, {'VotingDistrict': 32950931, 'station': 'TENT AT LABOUR & PEGGY BARNES', 'station_type': 'Tent', 'registered': 2766, 'turnout': 0.45950831525668834, 'tent': 1}]"
79900044,Tshwane,14391,8934,47,7,0.6241,0.0052,DA,0.7032,0.5289,1.8914,0.0293,0.7032,0.0153,0.0495,0.5105,0.95,0.5143,10.9799,Low risk,0.6022,0.5502,0.6542,44,"[{'VotingDistrict': 32950245, 'station': 'TENT AT CNR VAALKOP & TZANEEN STREET', 'station_type': 'Tent', 'registered': 3182, 'turnout': 0.5229415461973601, 'tent': 1}, {'VotingDistrict': 32951033, 'station': 'NG KERK VALLEISIG', 'station_type': 'Church', 'registered': 2497, 'turnout': 0.6119343211854225, 'tent': 0}, {'VotingDistrict': 32952078, 'station': 'TOMORROWS PEOPLE COLLEGE', 'station_type': 'School', 'registered': 2772, 'turnout': 0.584054834054834, 'tent': 0}]"
79900045,Tshwane,14598,9191,28,8,0.6315,0.003,DA,0.6679,0.4874,2.0661,0.0421,0.6679,0.0165,0.0472,0.0774,0.5719,0.5337,9.7783,Low risk,0.6052,0.5532,0.6572,45,"[{'VotingDistrict': 32950818, 'station': 'PRETORIUS PARK ELECTRICITY DEPOT', 'station_type': 'Other', 'registered': 1595, 'turnout': 0.4407523510971787, 'tent': 0}, {'VotingDistrict': 32951077, 'station': 'GARSFONTEIN HOËRSKOOL', 'station_type': 'Other', 'registered': 3762, 'turnout': 0.5494417862838915, 'tent': 0}, {'VotingDistrict': 32951088, 'station': 'GARSFONTEIN LAERSKOOL', 'station_type': 'School', 'registered': 2165, 'turnout': 0.6484988452655889, 'tent': 0}]"
79900046,Tshwane,14960,8827,31,6,0.5921,0.0035,DA,0.73,0.5842,1.791,0.0391,0.73,0.0118,0.0464,0.1516,0.7814,0.5468,4.5315,Low risk,0.5655,0.5135,0.6175,46,"[{'VotingDistrict': 32950874, 'station': 'LYNNWOOD RIDGE PRIMARY SCHOOL', 'station_type': 'School', 'registered': 3428, 'turnout': 0.5956826137689615, 'tent': 0}, {'VotingDistrict': 32950986, 'station': 'N.G KERK SILVERTON KRUIN', 'station_type': 'Church', 'registered': 1977, 'turnout': 0.5670207384926657, 'tent': 0}, {'VotingDistrict': 32951044, 'station': 'ST ALBANS COLLEGE', 'station_type': 'School', 'registered': 2834, 'turnout': 0.5878616796047988, 'tent': 0}]"
79900047,Tshwane,15116,9408,46,6,0.6254,0.0049,DA,0.6984,0.5095,1.8972,0.0366,0.6984,0.0128,0.0422,0.0,0.3494,0.548,7.7407,Low risk,0.6194,0.5674,0.6714,47,"[{'VotingDistrict': 32950885, 'station': 'LAERSKOOL ELARDUSPARK', 'station_type': 'School', 'registered': 2775, 'turnout': 0.5697297297297297, 'tent': 0}, {'VotingDistrict': 32950997, 'station': 'CHOOSE LIFE CHURCH', 'station_type': 'Church', 'registered': 4350, 'turnout': 0.5926436781609196, 'tent': 0}, {'VotingDistrict': 32951000, 'station': 'KLEUTERGENOT PRE PRIMARY SCHOOL', 'station_type': 'School', 'registered': 3232, 'turnout': 0.5968440594059405, 'tent': 0}]"
79900048,Tshwane,17159,8883,49,8,0.5205,0.0055,DA,0.5279,0.3467,2.9707,0.1206,0.5279,0.0755,0.1811,0.5302,0.95,0.454,6.6537,Low risk,0.5103,0.4583,0.5623,48,"[{'VotingDistrict': 32980237, 'station': 'HEUWELOORD COMMUNITY TEST CENTRE', 'station_type': 'Hall/Centre', 'registered': 6538, 'turnout': 0.4787396757418171, 'tent': 0}, {'VotingDistrict': 32980293, 'station': 'TENT AT MNANDI SPAR', 'station_type': 'Tent', 'registered': 1733, 'turnout': 0.41431044431621467, 'tent': 1}, {'VotingDistrict': 32980349, 'station': 'TENT - 114 CRECH MISSION', 'station_type': 'Tent', 'registered': 1180, 'turnout': 0.5110169491525424, 'tent': 1}]"
79900049,Tshwane,14533,5590,100,9,0.3915,0.0176,ANC,0.5331,0.3868,3.0234,0.5331,0.1147,0.1463,0.0494,0.0237,0.7414,0.4074,-1.5891,Medium risk,0.3694,0.3174,0.4214,49,"[{'VotingDistrict': 33160014, 'station': 'MOKONYAMA PRIMARY SCHOOL', 'station_type': 'School', 'registered': 1771, 'turnout': 0.4816487859966121, 'tent': 0}, {'VotingDistrict': 33160025, 'station': 'HAMMANSKRAAL SECONDARY SCHOOL', 'station_type': 'School', 'registered': 2033, 'turnout': 0.37383177570093457, 'tent': 0}, {'VotingDistrict': 33170060, 'station': 'NG KERK PETRONELLA', 'station_type': 'Church', 'registered': 1112, 'turnout': 0.5368705035971223, 'tent': 0}]"
79900050,Tshwane,14391,9328,119,4,0.6565,0.0126,DA,0.6871,0.4923,1.946,0.0387,0.6871,0.0219,0.0421,0.0,0.3386,0.5446,11.1813,Low risk,0.6503,0.5983,0.7023,50,"[{'VotingDistrict': 32951639, 'station': 'NORTHRIDGE PRIMARY SCHOOL', 'station_type': 'School', 'registered': 2214, 'turnout': 0.5975609756097561, 'tent': 0}, {'VotingDistrict': 32951684, 'station': 'HOËRSKOOL OVERKRUIN', 'station_type': 'Other', 'registered': 3563, 'turnout': 0.6213864720740948, 'tent': 0}, {'VotingDistrict': 32951842, 'station': 'WONDERBOOM LAERSKOOL', 'station_type': 'School', 'registered': 4040, 'turnout': 0.7663366336633664, 'tent': 0}]"
79900051,Tshwane,11862,4465,80,6,0.3832,0.0176,ANC,0.462,0.2788,3.4842,0.462,0.0488,0.1832,0.1664,0.0,0.6847,0.3906,-0.7425,Medium risk,0.3763,0.3243,0.4283,51,"[{'VotingDistrict': 32950740, 'station': 'ZODWA SPECIAL SCHOOL', 'station_type': 'School', 'registered': 2025, 'turnout': 0.45728395061728394, 'tent': 0}, {'VotingDistrict': 32950751, 'station': 'ISAAC MORE PRIMARY SCHOOL', 'station_type': 'School', 'registered': 2432, 'turnout': 0.4765625, 'tent': 0}, {'VotingDistrict': 32950795, 'station': 'BOKGONI TECHNICAL SCHOOL', 'station_type': 'School', 'registered': 2966, 'turnout': 0.4322319622387053, 'tent': 0}]"
79900052,Tshwane,16421,9815,29,6,0.5995,0.0029,DA,0.5933,0.3027,2.2745,0.0408,0.5933,0.012,0.033,0.0667,0.5749,0.5126,8.6917,Low risk,0.5937,0.5417,0.6457,52,"[{'VotingDistrict': 32950357, 'station': 'HUIS VERGENOEG', 'station_type': 'Other', 'registered': 2891, 'turnout': 0.6426841923209962, 'tent': 0}, {'VotingDistrict': 32950368, 'station': 'LAERSKOOL VILLIERIA', 'station_type': 'School', 'registered': 3274, 'turnout': 0.5638362858888211, 'tent': 0}, {'VotingDistrict': 32950391, 'station': 'TOTIUSDAL LAERSKOOL', 'station_type': 'School', 'registered': 3043, 'turnout': 0.6615182385803483, 'tent': 0}]"
79900053,Tshwane,13282,6859,71,7,0.5218,0.0102,DA,0.6378,0.4313,2.1954,0.0478,0.6378,0.0327,0.0475,0.0,0.4129,0.5298,-0.8014,Medium risk,0.5156,0.4636,0.5676,53,"[{'VotingDistrict': 32950111, 'station': 'SKEMERVREUGDE DIENSSENTRUM (SILWERKROON)', 'station_type': 'Other', 'registered': 1600, 'turnout': 0.574375, 'tent': 0}, {'VotingDistrict': 32950256, 'station': 'RIETONDALE SECONDARY SCHOOL', 'station_type': 'School', 'registered': 2540, 'turnout': 0.4862204724409449, 'tent': 0}, {'VotingDistrict': 32950335, 'station': 'KORFBALVELD', 'station_type': 'Other', 'registered': 1990, 'turnout': 0.507537688442211, 'tent': 0}]"
79900054,Tshwane,14986,8925,35,5,0.5979,0.0039,DA,0.6568,0.4101,2.0231,0.0281,0.6568,0.0151,0.0266,0.0,0.371,0.5362,6.1685,Low risk,0.5675,0.5155,0.6195,54,"[{'VotingDistrict': 32950076, 'station': 'BERGSIG LAERSKOOL', 'station_type': 'School', 'registered': 3031, 'turnout': 0.6156384031672715, 'tent': 0}, {'VotingDistrict': 32950302, 'station': 'MAYVILLE LAERSKOOL', 'station_type': 'School', 'registered': 3077, 'turnout': 0.5375365615859603, 'tent': 0}, {'VotingDistrict': 32950313, 'station': 'LAERSKOOL WONDERBOOM SUID', 'station_type': 'School', 'registered': 3828, 'turnout': 0.6214733542319749, 'tent': 0}]"
79900055,Tshwane,16633,8169,88,6,0.4964,0.0107,DA,0.4089,0.2038,3.8138,0.2025,0.4089,0.0741,0.0775,0.0,0.5048,0.447,4.9453,Low risk,0.4731,0.4211,0.5251,55,"[{'VotingDistrict': 32950043, 'station': 'TUINE HOËRSKOOL', 'station_type': 'Other', 'registered': 3012, 'turnout': 0.5740371845949536, 'tent': 0}, {'VotingDistrict': 32950087, 'station': 'LAERSKOOL BOOYSENS', 'station_type': 'School', 'registered': 4916, 'turnout': 0.4625711960943857, 'tent': 0}, {'VotingDistrict': 32952539, 'station': 'HOËR TEGNIESE SKOOL PRETORIA - TUINE', 'station_type': 'Other', 'registered': 3354, 'turnout': 0.44871794871794873, 'tent': 0}]"
79900056,Tshwane,11662,4556,28,5,0.3931,0.0061,DA,0.6207,0.5202,2.3944,0.0718,0.6207,0.0856,0.1005,0.2762,0.95,0.5062,-11.311,High risk,0.3925,0.3405,0.4445,56,"[{'VotingDistrict': 32950504, 'station': 'PRETORIA-OOS LAERSKOOL', 'station_type': 'School', 'registered': 2519, 'turnout': 0.4779674473997618, 'tent': 0}, {'VotingDistrict': 32950548, 'station': 'ANTON VAN WOUW LAERSKOOL', 'station_type': 'School', 'registered': 1716, 'turnout': 0.46911421911421913, 'tent': 0}, {'VotingDistrict': 32950593, 'station': 'TENT - BELGRAVE SQUARE PARK', 'station_type': 'Tent', 'registered': 3221, 'turnout': 0.26389320086929524, 'tent': 1}]"
79900057,Tshwane,13148,6595,27,3,0.5037,0.0041,DA,0.5901,0.4314,2.556,0.0807,0.5901,0.0484,0.0922,0.3986,0.95,0.486,1.7639,Low risk,0.4977,0.4457,0.5497,57,"[{'VotingDistrict': 32980057, 'station': 'LAERSKOOL LOUIS LEIPOLDT', 'station_type': 'School', 'registered': 4956, 'turnout': 0.5221953188054883, 'tent': 0}, {'VotingDistrict': 32980068, 'station': 'LYTTELTON PRIMARY SCHOOL', 'station_type': 'School', 'registered': 2951, 'turnout': 0.5198237885462555, 'tent': 0}, {'VotingDistrict': 32980125, 'station': 'TENT AT BANQUET HALL', 'station_type': 'Tent', 'registered': 5241, 'turnout': 0.4770082045411181, 'tent': 1}]"
79900058,Tshwane,13616,3426,40,6,0.2546,0.0115,ANC,0.3219,0.0776,4.6598,0.3219,0.1497,0.2443,0.1535,0.0,0.6963,0.3816,-12.7003,High risk,0.2466,0.1946,0.2986,58,"[{'VotingDistrict': 32950199, 'station': 'MC MOTOR CORP', 'station_type': 'Other', 'registered': 956, 'turnout': 0.3587866108786611, 'tent': 0}, {'VotingDistrict': 32950223, 'station': 'CITY HALL', 'station_type': 'Hall/Centre', 'registered': 5345, 'turnout': 0.2018709073900842, 'tent': 0}, {'VotingDistrict': 32950346, 'station': 'RIVIERA LAERSKOOL', 'station_type': 'School', 'registered': 1887, 'turnout': 0.34022257551669316, 'tent': 0}]"
79900059,Tshwane,13015,3696,124,5,0.2935,0.0325,DA,0.5076,0.3358,3.1463,0.1718,0.5076,0.1274,0.1085,0.202,0.95,0.4671,-17.361,High risk,0.2865,0.2345,0.3385,59,"[{'VotingDistrict': 32950289, 'station': 'LAERSKOOL PARATUS', 'station_type': 'School', 'registered': 2260, 'turnout': 0.13097345132743363, 'tent': 0}, {'VotingDistrict': 32950481, 'station': 'FRED WEST HALL- GEORGE BRINK SPORTS CLUB', 'station_type': 'Hall/Centre', 'registered': 2620, 'turnout': 0.2316793893129771, 'tent': 0}, {'VotingDistrict': 32950492, 'station': 'METHODIST CHURCH', 'station_type': 'Church', 'registered': 2811, 'turnout': 0.22305229455709713, 'tent': 0}]"
79900060,Tshwane,12476,5610,31,5,0.4521,0.0055,ANC,0.302,0.0234,4.5801,0.302,0.2786,0.1424,0.1481,0.2009,0.95,0.3862,6.5994,Low risk,0.4577,0.4057,0.5097,60,"[{'VotingDistrict': 32950122, 'station': 'GENERAAL BEYERS LAERSKOOL', 'station_type': 'School', 'registered': 3875, 'turnout': 0.4247741935483871, 'tent': 0}, {'VotingDistrict': 32950144, 'station': 'WESTERLIG LAERSKOOL', 'station_type': 'School', 'registered': 3013, 'turnout': 0.473946232990375, 'tent': 0}, {'VotingDistrict': 32950155, 'station': 'TENT - PARK WESTVIEW', 'station_type': 'Tent', 'registered': 2507, 'turnout': 0.4870362983645792, 'tent': 1}]"
79900061,Tshwane,16861,7852,82,8,0.4706,0.0103,ANC,0.4663,0.1738,3.1403,0.4663,0.1007,0.0479,0.2924,0.2358,0.95,0.3838,8.6783,Low risk,0.4476,0.3956,0.4996,61,"[{'VotingDistrict': 32980248, 'station': 'LAERSKOOL ERASMIA', 'station_type': 'School', 'registered': 2951, 'turnout': 0.5465943747882074, 'tent': 0}, {'VotingDistrict': 32980259, 'station': 'JACARANDA PRIMARY SCHOOL', 'station_type': 'School', 'registered': 1965, 'turnout': 0.4926208651399491, 'tent': 0}, {'VotingDistrict': 32980260, 'station': 'LAUDIUM COMMUNITY HALL', 'station_type': 'Hall/Centre', 'registered': 1774, 'turnout': 0.48928974069898534, 'tent': 0}]"
79900062,Tshwane,11697,5252,61,6,0.4542,0.0115,ANC,0.5809,0.3787,2.5029,0.5809,0.0331,0.1365,0.2022,0.0,0.6745,0.4049,4.9346,Low risk,0.4488,0.3968,0.5008,62,"[{'VotingDistrict': 32950683, 'station': 'KGABO PRIMARY SCHOOL', 'station_type': 'School', 'registered': 1217, 'turnout': 0.5472473294987674, 'tent': 0}, {'VotingDistrict': 32950739, 'station': 'SEAPARANKWE PRIMARY SCHOOL', 'station_type': 'School', 'registered': 2209, 'turnout': 0.43186962426437303, 'tent': 0}, {'VotingDistrict': 32950762, 'station': 'MATSEKE PRIMARY SCHOOL', 'station_type': 'School', 'registered': 2218, 'turnout': 0.4616771866546438, 'tent': 0}]"
79900063,Tshwane,13473,5078,52,6,0.3808,0.0101,ANC,0.6014,0.4145,2.4218,0.6014,0.0388,0.1869,0.1178,0.0,0.7092,0.4075,-2.673,Medium risk,0.3663,0.3143,0.4183,63,"[{'VotingDistrict': 32950649, 'station': 'THOHO YANDOU PRIMARY SCHOOL', 'station_type': 'School', 'registered': 1993, 'turnout': 0.42900150526843955, 'tent': 0}, {'VotingDistrict': 32950650, 'station': 'ESIKHISINI COMBINED SCHOOL', 'station_type': 'School', 'registered': 1338, 'turnout': 0.4147982062780269, 'tent': 0}, {'VotingDistrict': 32950672, 'station': 'MAKGATHO PRIMARY SCHOOL', 'station_type': 'School', 'registered': 2272, 'turnout': 0.3996478873239437, 'tent': 0}]"
79900064,Tshwane,12398,7199,36,6,0.5836,0.005,DA,0.5331,0.4144,3.0127,0.1104,0.5331,0.0908,0.1188,0.135,0.7987,0.4849,9.868,Low risk,0.5628,0.5108,0.6148,64,"[{'VotingDistrict': 32980103, 'station': 'AFM ROOIHUISKRAAL COMMUNITY CHURCH', 'station_type': 'Church', 'registered': 3309, 'turnout': 0.567240858265337, 'tent': 0}, {'VotingDistrict': 32980170, 'station': 'LAERSKOOL UITSIG', 'station_type': 'School', 'registered': 3754, 'turnout': 0.5151838039424613, 'tent': 0}, {'VotingDistrict': 32980204, 'station': 'HOËRSKOOL UITSIG', 'station_type': 'Other', 'registered': 2916, 'turnout': 0.5610425240054869, 'tent': 0}]"
79900065,Tshwane,17238,9389,94,5,0.5501,0.0099,DA,0.6835,0.5711,2.0264,0.0685,0.6835,0.0269,0.0905,0.3383,0.95,0.5202,2.9913,Low risk,0.5501,0.4981,0.6021,65,"[{'VotingDistrict': 32980035, 'station': 'IRENE PRIMARY SCHOOL', 'station_type': 'School', 'registered': 5751, 'turnout': 0.5885932881238045, 'tent': 0}, {'VotingDistrict': 32980091, 'station': 'LAERSKOOL ROOIHUISKRAAL', 'station_type': 'School', 'registered': 3588, 'turnout': 0.5303790412486065, 'tent': 0}, {'VotingDistrict': 32980383, 'station': 'TENT - CENTURION TESTING GROUND', 'station_type': 'Tent', 'registered': 5832, 'turnout': 0.4929698216735254, 'tent': 1}]"
79900066,Tshwane,16113,8835,56,5,0.5518,0.0063,DA,0.7705,0.6454,1.6331,0.044,0.7705,0.0121,0.0289,0.0192,0.4194,0.567,-1.5242,Medium risk,0.5476,0.4956,0.5996,66,"[{'VotingDistrict': 32950267, 'station': 'VHALLIESPARK PRIMARY SCHOOL', 'station_type': 'School', 'registered': 3941, 'turnout': 0.5643237756914489, 'tent': 0}, {'VotingDistrict': 32951943, 'station': 'LAERSKOOL SWARTKOP', 'station_type': 'School', 'registered': 3345, 'turnout': 0.5997010463378176, 'tent': 0}, {'VotingDistrict': 32980147, 'station': 'ALPHA CENTURION RUNNER CLUB', 'station_type': 'Other', 'registered': 4152, 'turnout': 0.47928709055876684, 'tent': 0}]"
79900067,Tshwane,11633,4681,96,8,0.4106,0.0201,ANC,0.6484,0.5307,2.1997,0.6484,0.1109,0.1177,0.0852,0.0536,0.8347,0.4201,-0.9461,Medium risk,0.4105,0.3585,0.4625,67,"[{'VotingDistrict': 32951314, 'station': '12 APOSTOLIC CHURCH', 'station_type': 'Church', 'registered': 1326, 'turnout': 0.3650075414781297, 'tent': 0}, {'VotingDistrict': 32951325, 'station': 'EMTHUNZINI PRIMARY SCHOOL', 'station_type': 'School', 'registered': 1917, 'turnout': 0.3813249869587898, 'tent': 0}, {'VotingDistrict': 32951370, 'station': 'SALVATION ARMY CHURCH', 'station_type': 'Church', 'registered': 1372, 'turnout': 0.39067055393586003, 'tent': 0}]"
79900068,Tshwane,12009,5024,77,6,0.4248,0.0151,ANC,0.6977,0.5681,1.9423,0.6977,0.032,0.1296,0.0973,0.0,0.7055,0.4165,0.826,Low risk,0.4316,0.3796,0.4836,68,"[{'VotingDistrict': 32950627, 'station': 'MASIZANE PRIMARY SCHOOL', 'station_type': 'School', 'registered': 2687, 'turnout': 0.4160774097506513, 'tent': 0}, {'VotingDistrict': 32950638, 'station': 'EDWARD PHATUDI HIGH SCHOOL', 'station_type': 'School', 'registered': 3857, 'turnout': 0.39849624060150374, 'tent': 0}, {'VotingDistrict': 32950661, 'station': 'KINGDOM LIFE CHILDREN CENTRE', 'station_type': 'Hall/Centre', 'registered': 1359, 'turnout': 0.4179543782192789, 'tent': 0}]"
79900069,Tshwane,16486,10274,35,4,0.6253,0.0034,DA,0.7819,0.6384,1.5785,0.015,0.7819,0.0078,0.0343,0.0,0.3254,0.5725,5.2789,Low risk,0.6069,0.5549,0.6589,69,"[{'VotingDistrict': 32980169, 'station': 'KIEPERSOL COMMUNITY HALL ELDORAIGNE', 'station_type': 'Hall/Centre', 'registered': 4005, 'turnout': 0.6491885143570537, 'tent': 0}, {'VotingDistrict': 32980181, 'station': 'NG WIERDA PARK', 'station_type': 'Other', 'registered': 4348, 'turnout': 0.6658233670653174, 'tent': 0}, {'VotingDistrict': 32980215, 'station': 'LAERSKOOL BAKENKOP', 'station_type': 'School', 'registered': 5867, 'turnout': 0.5355377535367308, 'tent': 0}]"
79900070,Tshwane,16659,9161,94,5,0.5556,0.0102,DA,0.6302,0.4896,2.3095,0.106,0.6302,0.0312,0.0581,0.0,0.4084,0.5253,3.0298,Low risk,0.5491,0.4971,0.6011,70,"[{'VotingDistrict': 32980192, 'station': 'LAERSKOOL WIERDAPARK', 'station_type': 'School', 'registered': 4726, 'turnout': 0.5666525603046975, 'tent': 0}, {'VotingDistrict': 32980226, 'station': 'ZWARTKOP LAPA', 'station_type': 'Other', 'registered': 3392, 'turnout': 0.6002358490566038, 'tent': 0}, {'VotingDistrict': 32980338, 'station': 'MADIBA CAFE', 'station_type': 'Other', 'registered': 2958, 'turnout': 0.3191345503718729, 'tent': 0}]"
79900071,Tshwane,14194,4328,68,4,0.3097,0.0155,ANC,0.637,0.4106,2.1617,0.637,0.033,0.2264,0.0437,0.1817,0.95,0.3969,-8.7166,High risk,0.2958,0.2438,0.3478,71,"[{'VotingDistrict': 32951763, 'station': 'TENT - OPEN-SPACE NEXT TO DR MABE', 'station_type': 'Tent', 'registered': 2579, 'turnout': 0.27762698720434276, 'tent': 1}, {'VotingDistrict': 32951774, 'station': 'MODIRWADI DAY CARE', 'station_type': 'Other', 'registered': 2231, 'turnout': 0.30524428507395784, 'tent': 0}, {'VotingDistrict': 32951785, 'station': 'SITHOLE COMMUNITY HALL', 'station_type': 'Hall/Centre', 'registered': 4201, 'turnout': 0.30897405379671505, 'tent': 0}]"
79900072,Tshwane,12951,5153,36,5,0.4007,0.0069,ANC,0.5903,0.3877,2.4407,0.5903,0.0272,0.2026,0.1366,0.0,0.7015,0.4051,-0.4414,Medium risk,0.3935,0.3415,0.4455,72,"[{'VotingDistrict': 32950694, 'station': ""N'WA MHINGA PRIMARY SCHOOL"", 'station_type': 'School', 'registered': 2100, 'turnout': 0.4576190476190476, 'tent': 0}, {'VotingDistrict': 32950706, 'station': 'MAKGWARANENG PRIMARY SCHOOL', 'station_type': 'School', 'registered': 2577, 'turnout': 0.4346138921226232, 'tent': 0}, {'VotingDistrict': 32950717, 'station': 'PATOGENG PRIMARY SCHOOL', 'station_type': 'School', 'registered': 2255, 'turnout': 0.4008869179600887, 'tent': 0}]"
79900073,Tshwane,15491,6063,144,10,0.4007,0.0232,ANC,0.4666,0.3117,3.5604,0.4666,0.0551,0.1494,0.0693,0.0,0.6759,0.391,0.9708,Low risk,0.3867,0.3347,0.4387,73,"[{'VotingDistrict': 33170048, 'station': 'PHARANANI MULTIPURPOSE CENTRE', 'station_type': 'Hall/Centre', 'registered': 3025, 'turnout': 0.3563636363636364, 'tent': 0}, {'VotingDistrict': 33170127, 'station': 'ST CAMILLIS SKOOL', 'station_type': 'Other', 'registered': 1198, 'turnout': 0.43823038397328884, 'tent': 0}, {'VotingDistrict': 33170150, 'station': 'DITEBOGO DAY CARE CENTER', 'station_type': 'Hall/Centre', 'registered': 1945, 'turnout': 0.4287917737789203, 'tent': 0}]"
79900074,Tshwane,12010,4950,102,8,0.4206,0.0202,ANC,0.5747,0.4216,2.6988,0.5747,0.0543,0.1531,0.0907,0.0,0.6833,0.406,1.4637,Low risk,0.4095,0.3575,0.4615,74,"[{'VotingDistrict': 86661210, 'station': 'MAROKOLONG PRIMARY SCHOOL', 'station_type': 'School', 'registered': 1793, 'turnout': 0.39263803680981596, 'tent': 0}, {'VotingDistrict': 86720025, 'station': 'GLORY CHRISTIAN CHURCH', 'station_type': 'Church', 'registered': 1191, 'turnout': 0.4105793450881612, 'tent': 0}, {'VotingDistrict': 86720081, 'station': 'RENEILWE PRIMARY SCHOOL', 'station_type': 'School', 'registered': 1791, 'turnout': 0.3562255723059743, 'tent': 0}]"
79900075,Tshwane,13823,5483,93,9,0.4034,0.0167,ANC,0.5532,0.3817,2.7293,0.5532,0.0553,0.1714,0.1556,0.0,0.6876,0.4052,-0.1845,Medium risk,0.4002,0.3482,0.4522,75,"[{'VotingDistrict': 86720014, 'station': 'MADISONG SECONDARY SCHOOL', 'station_type': 'School', 'registered': 2010, 'turnout': 0.4134328358208955, 'tent': 0}, {'VotingDistrict': 86720036, 'station': 'LEBONENG PRIMARY SCHOOL', 'station_type': 'School', 'registered': 1237, 'turnout': 0.3726758286176233, 'tent': 0}, {'VotingDistrict': 86720047, 'station': 'PHL MORAKA HIGH SCHOOL', 'station_type': 'School', 'registered': 2038, 'turnout': 0.4519136408243376, 'tent': 0}]"
79900076,Tshwane,12091,4817,118,10,0.4082,0.0239,ANC,0.6612,0.5456,2.1421,0.6612,0.0743,0.1156,0.0498,0.1222,0.95,0.4112,-0.3008,Medium risk,0.3836,0.3316,0.4356,76,"[{'VotingDistrict': 86661052, 'station': 'MABUATLOU PRIMARY SCHOOL', 'station_type': 'School', 'registered': 1858, 'turnout': 0.38751345532831, 'tent': 0}, {'VotingDistrict': 86661119, 'station': 'LETHABONG LA RONA DAY CARE CENTRE', 'station_type': 'Hall/Centre', 'registered': 1961, 'turnout': 0.37939826619071904, 'tent': 0}, {'VotingDistrict': 86661704, 'station': 'KEKANA PRIMARY SCHOOL', 'station_type': 'School', 'registered': 1098, 'turnout': 0.4435336976320583, 'tent': 0}]"
79900077,Tshwane,22916,8662,129,6,0.3836,0.0147,ANC,0.3854,0.1617,3.9047,0.3854,0.1324,0.2236,0.1976,0.4374,0.95,0.3632,2.0446,Low risk,0.4035,0.3515,0.4555,77,"[{'VotingDistrict': 32980114, 'station': 'OREFILE PRIMARY SCHOOL', 'station_type': 'School', 'registered': 6651, 'turnout': 0.3118328070966772, 'tent': 0}, {'VotingDistrict': 32980394, 'station': 'SESHEGONG SECONDARY SCHOOL', 'station_type': 'School', 'registered': 6241, 'turnout': 0.26630347700688994, 'tent': 0}, {'VotingDistrict': 32980428, 'station': 'TENT - CNR. ROOIHUISKRAAL & RIETSPRUIT ROAD', 'station_type': 'Tent', 'registered': 2948, 'turnout': 0.5312075983717774, 'tent': 1}]"
79900078,Tshwane,13012,7185,26,3,0.5542,0.0036,DA,0.6839,0.564,2.026,0.0596,0.6839,0.0313,0.0816,0.2283,0.95,0.5282,2.5944,Low risk,0.5225,0.4705,0.5745,78,"[{'VotingDistrict': 32980079, 'station': 'LAERSKOOL DORINGKLOOF', 'station_type': 'School', 'registered': 5733, 'turnout': 0.5862550148264434, 'tent': 0}, {'VotingDistrict': 32980080, 'station': 'KERK SONDER MURE', 'station_type': 'Church', 'registered': 4309, 'turnout': 0.5609190067300998, 'tent': 0}, {'VotingDistrict': 32980136, 'station': 'TENT (OPEN SPACE C/O LENCHEN AVE & JOHN VORSTER)', 'station_type': 'Tent', 'registered': 2970, 'turnout': 0.48249158249158247, 'tent': 1}]"
79900079,Tshwane,15643,9554,31,5,0.6127,0.0032,DA,0.6315,0.4322,2.229,0.0464,0.6315,0.0166,0.0869,0.2049,0.947,0.514,9.8747,Low risk,0.5761,0.5241,0.6281,79,"[{'VotingDistrict': 32952898, 'station': 'TENT - PEFFER & VAN POMMEREN STREET', 'station_type': 'Tent', 'registered': 1268, 'turnout': 0.7539432176656151, 'tent': 1}, {'VotingDistrict': 32952966, 'station': 'TENT - OPEN SPACE CNR. BOEING & PIERING', 'station_type': 'Tent', 'registered': 1937, 'turnout': 0.6484254001032524, 'tent': 1}, {'VotingDistrict': 32980013, 'station': 'N.G CHURCH PIERRE VAN RYNEVELD', 'station_type': 'Church', 'registered': 4064, 'turnout': 0.6190944881889764, 'tent': 0}]"
79900080,Tshwane,14754,3380,35,4,0.2315,0.0102,ANC,0.379,0.0213,3.375,0.379,0.079,0.3577,0.132,0.0,0.7329,0.3917,-16.0208,High risk,0.2419,0.1899,0.2939,80,"[{'VotingDistrict': 32950458, 'station': 'LAERSKOOL OOST EIND', 'station_type': 'School', 'registered': 3810, 'turnout': 0.17874015748031497, 'tent': 0}, {'VotingDistrict': 32951145, 'station': 'HAMILTON PRIMARY SCHOOL', 'station_type': 'School', 'registered': 6729, 'turnout': 0.1920047555357408, 'tent': 0}, {'VotingDistrict': 32951910, 'station': 'JOPIE FOURIE LAERSKOOL', 'station_type': 'School', 'registered': 2533, 'turnout': 0.4149230161863403, 'tent': 0}]"
79900081,Tshwane,12319,2588,19,4,0.2116,0.0073,ANC,0.4049,0.1403,3.6707,0.4049,0.1024,0.2647,0.1627,0.7952,0.95,0.3366,-12.4947,High risk,0.2172,0.1652,0.2692,81,"[{'VotingDistrict': 32950447, 'station': 'TENT AT CALEDONIAN SPORTS GROUNDS', 'station_type': 'Tent', 'registered': 2449, 'turnout': 0.17762351980400162, 'tent': 1}, {'VotingDistrict': 32950470, 'station': 'TENT AT JUBILEE SQUARE PARK', 'station_type': 'Tent', 'registered': 7347, 'turnout': 0.19286783721246767, 'tent': 1}, {'VotingDistrict': 32952977, 'station': 'HARMONIE HOF HOME OF THE ELDERLY', 'station_type': 'Other', 'registered': 1984, 'turnout': 0.2913306451612903, 'tent': 0}]"
79900082,Tshwane,13481,7950,31,5,0.592,0.0039,DA,0.7908,0.6889,1.5649,0.037,0.7908,0.0106,0.0395,0.0775,0.5585,0.5693,2.269,Low risk,0.5836,0.5316,0.6356,82,"[{'VotingDistrict': 32950605, 'station': 'LAERSKOOL LYNNWOOD', 'station_type': 'School', 'registered': 2915, 'turnout': 0.5873070325900515, 'tent': 0}, {'VotingDistrict': 32950616, 'station': 'LAERSKOOL MENLOPARK', 'station_type': 'School', 'registered': 4527, 'turnout': 0.5378838082615418, 'tent': 0}, {'VotingDistrict': 32950863, 'station': 'NEDERDUITSE GEREFORMEERDE KERK', 'station_type': 'Church', 'registered': 2995, 'turnout': 0.6307178631051753, 'tent': 0}]"
79900083,Tshwane,15007,8920,55,8,0.5981,0.0061,DA,0.6934,0.5243,1.9439,0.0433,0.6934,0.0147,0.0504,0.346,0.95,0.5224,7.57,Low risk,0.5895,0.5375,0.6415,83,"[{'VotingDistrict': 32950212, 'station': 'WATERKLOOF HOËRSKOOL', 'station_type': 'Other', 'registered': 2495, 'turnout': 0.5539078156312626, 'tent': 0}, {'VotingDistrict': 32950829, 'station': 'SCOUT CENTRE', 'station_type': 'Hall/Centre', 'registered': 2916, 'turnout': 0.6237997256515775, 'tent': 0}, {'VotingDistrict': 32950896, 'station': 'TENT NEXT TO RADEMEYERS CONSERVATION', 'station_type': 'Tent', 'registered': 3421, 'turnout': 0.5629932768196434, 'tent': 1}]"
79900084,Tshwane,16300,9818,36,9,0.6045,0.0037,DA,0.655,0.4402,2.0848,0.0332,0.655,0.013,0.0526,0.2758,0.95,0.5163,8.8224,Low risk,0.5862,0.5342,0.6382,84,"[{'VotingDistrict': 32950403, 'station': 'LAERSKOOL PIERNEEF', 'station_type': 'School', 'registered': 2732, 'turnout': 0.616398243045388, 'tent': 0}, {'VotingDistrict': 32950414, 'station': 'QUEENSWOOD LAERSKOOL', 'station_type': 'School', 'registered': 2185, 'turnout': 0.4993135011441648, 'tent': 0}, {'VotingDistrict': 32950436, 'station': 'TENT RIETONDALE PARK', 'station_type': 'Tent', 'registered': 2037, 'turnout': 0.5709376534118802, 'tent': 1}]"
79900085,Tshwane,15294,9418,93,7,0.6219,0.0098,DA,0.6718,0.5425,2.0876,0.069,0.6718,0.0376,0.0672,0.1516,0.7869,0.5292,9.2629,Low risk,0.5898,0.5378,0.6418,85,"[{'VotingDistrict': 32950290, 'station': 'WILLOWRIDGE HIGH SCHOOL', 'station_type': 'School', 'registered': 3715, 'turnout': 0.6123822341857336, 'tent': 0}, {'VotingDistrict': 32950571, 'station': 'WILLOWS METHODIST CHURCH', 'station_type': 'Church', 'registered': 2863, 'turnout': 0.5731749912679008, 'tent': 0}, {'VotingDistrict': 32952304, 'station': 'STELLENBERG DEPOT', 'station_type': 'Other', 'registered': 3223, 'turnout': 0.5662426310890475, 'tent': 0}]"
79900086,Tshwane,12300,4451,72,4,0.3677,0.0159,ANC,0.599,0.4165,2.4604,0.599,0.0512,0.1824,0.0998,0.0,0.7116,0.4087,-4.0964,Medium risk,0.3578,0.3058,0.4098,86,"[{'VotingDistrict': 32950201, 'station': 'NELLMAPIUS PRIMARY SCHOOL', 'station_type': 'School', 'registered': 4544, 'turnout': 0.336487676056338, 'tent': 0}, {'VotingDistrict': 32952089, 'station': 'VUKAUZENZELE PRIMARY SCHOOL', 'station_type': 'School', 'registered': 3221, 'turnout': 0.3672772430922074, 'tent': 0}, {'VotingDistrict': 32953046, 'station': 'NELLMAPIUS COMMUNITY HALL AND LIBRARY', 'station_type': 'Hall/Centre', 'registered': 3322, 'turnout': 0.37808549066827213, 'tent': 0}]"
79900087,Tshwane,14644,7553,70,10,0.5206,0.0092,DA,0.5288,0.3261,2.8473,0.165,0.5288,0.043,0.0339,0.2255,0.95,0.4744,4.6108,Low risk,0.4948,0.4428,0.5468,87,"[{'VotingDistrict': 32951864, 'station': 'DE VRIES AMBULANS AKADEMIE', 'station_type': 'Other', 'registered': 651, 'turnout': 0.3456221198156682, 'tent': 0}, {'VotingDistrict': 32951886, 'station': 'DERDEPOORT LAERSKOOL', 'station_type': 'School', 'registered': 2845, 'turnout': 0.4474516695957821, 'tent': 0}, {'VotingDistrict': 32952360, 'station': 'TENT ON CNR PARK BRAAM PRETORIUS & FLUFF TAIL STR', 'station_type': 'Tent', 'registered': 1878, 'turnout': 0.72790202342918, 'tent': 1}]"
79900088,Tshwane,14097,5540,64,8,0.3975,0.0114,ANC,0.6518,0.4852,2.1642,0.6518,0.0558,0.1666,0.0682,0.0,0.7049,0.4148,-1.7292,Medium risk,0.4002,0.3482,0.4522,88,"[{'VotingDistrict': 32960381, 'station': 'PULAMADIBOGO PRIMARY SCHOOL', 'station_type': 'School', 'registered': 2412, 'turnout': 0.3718905472636816, 'tent': 0}, {'VotingDistrict': 32960437, 'station': 'ST FRANCIS PRIMARY SCHOOL', 'station_type': 'School', 'registered': 2399, 'turnout': 0.3834931221342226, 'tent': 0}, {'VotingDistrict': 32960448, 'station': 'KGOMOTSO HIGH SCHOOL', 'station_type': 'School', 'registered': 2201, 'turnout': 0.39845524761472056, 'tent': 0}]"
79900089,Tshwane,14712,4898,73,5,0.3379,0.0147,ANC,0.6484,0.4473,2.1314,0.6484,0.0492,0.2011,0.0727,0.0,0.7329,0.4132,-7.536,High risk,0.3255,0.2735,0.3775,89,"[{'VotingDistrict': 32960505, 'station': 'RODNEY MOKOENA PRIMARY SCHOOL', 'station_type': 'School', 'registered': 1997, 'turnout': 0.39759639459188784, 'tent': 0}, {'VotingDistrict': 32960640, 'station': 'REFIHLILE-PELE PRIMARY SCHOOL', 'station_type': 'School', 'registered': 3805, 'turnout': 0.3082785808147175, 'tent': 0}, {'VotingDistrict': 32960684, 'station': 'BOKAMOSO PRIMARY SCHOOL', 'station_type': 'School', 'registered': 4774, 'turnout': 0.2857142857142857, 'tent': 0}]"
79900090,Tshwane,16139,5786,61,6,0.3623,0.0104,ANC,0.6053,0.3934,2.3592,0.6053,0.0525,0.2119,0.0944,0.0,0.7146,0.4096,-4.7301,Medium risk,0.339,0.287,0.391,90,"[{'VotingDistrict': 32960516, 'station': 'LESEDI PRIMARY SCHOOL', 'station_type': 'School', 'registered': 3788, 'turnout': 0.3761879619852165, 'tent': 0}, {'VotingDistrict': 32960673, 'station': 'SOSHANGUVE EAST SECONDARY', 'station_type': 'School', 'registered': 2928, 'turnout': 0.35860655737704916, 'tent': 0}, {'VotingDistrict': 32960763, 'station': 'PELE PRIMARY SCHOOL', 'station_type': 'School', 'registered': 2994, 'turnout': 0.3530394121576486, 'tent': 0}]"
79900091,Tshwane,15610,9420,44,5,0.6063,0.0046,DA,0.5609,0.3729,2.7191,0.0965,0.5609,0.0411,0.0789,0.5632,0.95,0.4639,14.2423,Low risk,0.5833,0.5313,0.6353,91,"[{'VotingDistrict': 32952315, 'station': 'TENT - WEKKER & MARY ETHEL', 'station_type': 'Tent', 'registered': 7019, 'turnout': 0.5819917367146317, 'tent': 1}, {'VotingDistrict': 32953349, 'station': 'TENT JOZINI & WEKKER', 'station_type': 'Tent', 'registered': 843, 'turnout': 0.7935943060498221, 'tent': 1}, {'VotingDistrict': 32953350, 'station': 'TENT LUCKYBEAN NEXT TO VISTARIA COMPLEX', 'station_type': 'Tent', 'registered': 929, 'turnout': 0.7578040904198062, 'tent': 1}]"
79900092,Tshwane,13153,4072,97,6,0.317,0.0233,DA,0.3399,0.0918,4.2774,0.248,0.3399,0.169,0.1591,0.3615,0.95,0.3955,-7.8559,High risk,0.3136,0.2616,0.3656,92,"[{'VotingDistrict': 32950469, 'station': 'PRETORIA TECHNICAL HIGH SCHOOL', 'station_type': 'School', 'registered': 2293, 'turnout': 0.2564326210204972, 'tent': 0}, {'VotingDistrict': 32950559, 'station': 'HOTEL 224', 'station_type': 'Other', 'registered': 2676, 'turnout': 0.28774289985052315, 'tent': 0}, {'VotingDistrict': 32950560, 'station': 'TENT- UNION BUILDING OPEN SPACE', 'station_type': 'Tent', 'registered': 3265, 'turnout': 0.2542113323124043, 'tent': 1}]"
79900093,Tshwane,13861,4960,89,12,0.3643,0.0176,ANC,0.6081,0.4183,2.3572,0.6081,0.052,0.1897,0.1244,0.0,0.7143,0.4104,-4.6129,Medium risk,0.3449,0.2929,0.3969,93,"[{'VotingDistrict': 32951189, 'station': 'STANZA BOPAPE HIGH SCHOOL', 'station_type': 'School', 'registered': 1604, 'turnout': 0.2855361596009975, 'tent': 0}, {'VotingDistrict': 32951820, 'station': 'NEW DAY MINISTRIES CHURCH', 'station_type': 'Church', 'registered': 2335, 'turnout': 0.26895074946466807, 'tent': 0}, {'VotingDistrict': 32952124, 'station': 'REFORMED APOSTOLIC CHURCH PHASE 1', 'station_type': 'Church', 'registered': 1641, 'turnout': 0.3820840950639854, 'tent': 0}]"
79900094,Tshwane,11869,5447,31,7,0.4615,0.0057,ANC,0.6609,0.5107,2.1254,0.6609,0.038,0.1502,0.0804,0.0,0.6819,0.4136,4.7951,Low risk,0.4354,0.3834,0.4874,94,"[{'VotingDistrict': 32960202, 'station': 'TIAMOKO PRIMARY SCHOOL', 'station_type': 'School', 'registered': 1592, 'turnout': 0.4277638190954774, 'tent': 0}, {'VotingDistrict': 32960213, 'station': 'BAXOXELA PRIMARY SCHOOL', 'station_type': 'School', 'registered': 2214, 'turnout': 0.4832881662149955, 'tent': 0}, {'VotingDistrict': 32960224, 'station': 'PADISAGO PRIMARY SCHOOL', 'station_type': 'School', 'registered': 1550, 'turnout': 0.4309677419354839, 'tent': 0}]"
79900095,Tshwane,12283,5332,69,10,0.4397,0.0128,ANC,0.627,0.4906,2.3258,0.627,0.1163,0.1363,0.0229,0.2113,0.95,0.407,3.2737,Low risk,0.4302,0.3782,0.4822,95,"[{'VotingDistrict': 33170082, 'station': 'TENT NEXT TO PB ALGEMENE HANDELAAR', 'station_type': 'Tent', 'registered': 1711, 'turnout': 0.45295149035651666, 'tent': 1}, {'VotingDistrict': 86660848, 'station': 'ALFA HEALTH CENTRE', 'station_type': 'Hall/Centre', 'registered': 2095, 'turnout': 0.31742243436754175, 'tent': 0}, {'VotingDistrict': 86660927, 'station': 'TENT - NO PROBLEM STORE', 'station_type': 'Tent', 'registered': 885, 'turnout': 0.46214689265536724, 'tent': 1}]"
79900096,Tshwane,15210,7449,43,7,0.4926,0.0057,DA,0.5311,0.3273,2.9065,0.0945,0.5311,0.0832,0.0663,0.0,0.4598,0.4936,-0.1071,Medium risk,0.4815,0.4295,0.5335,96,"[{'VotingDistrict': 32951707, 'station': 'NG KERK DOORNPOORT', 'station_type': 'Church', 'registered': 4490, 'turnout': 0.5991091314031181, 'tent': 0}, {'VotingDistrict': 32952067, 'station': 'PLOT/ 827 BACCARA', 'station_type': 'Other', 'registered': 4063, 'turnout': 0.395520551316761, 'tent': 0}, {'VotingDistrict': 32952641, 'station': 'THORNRIDGE SECONDARY SCHOOL', 'station_type': 'School', 'registered': 1974, 'turnout': 0.6094224924012158, 'tent': 0}]"
79900097,Tshwane,14969,5282,98,9,0.3594,0.0182,ANC,0.6689,0.479,2.0417,0.6689,0.0555,0.1899,0.0424,0.0,0.7247,0.416,-5.655,Medium risk,0.341,0.289,0.393,97,"[{'VotingDistrict': 32951729, 'station': 'THE GRACE OF THE LIVING GOD MINISTRIES', 'station_type': 'Church', 'registered': 2878, 'turnout': 0.2682418346073662, 'tent': 0}, {'VotingDistrict': 32952102, 'station': 'SEDIBA SA THUTO PRIMARY SCHOOL', 'station_type': 'School', 'registered': 2377, 'turnout': 0.40260832982751366, 'tent': 0}, {'VotingDistrict': 32952157, 'station': 'ASSEMBLIES OF GOD-STANZA BOPAPE', 'station_type': 'Other', 'registered': 2811, 'turnout': 0.34756314478833156, 'tent': 0}]"
79900098,Tshwane,15510,7872,44,8,0.5104,0.0056,DA,0.4205,0.2571,3.9413,0.1634,0.4205,0.0921,0.138,0.0,0.4897,0.4505,5.9857,Low risk,0.488,0.436,0.54,98,"[{'VotingDistrict': 32951673, 'station': 'HOËRSKOOL GERRIT MARITZ', 'station_type': 'Other', 'registered': 2017, 'turnout': 0.5746157659890927, 'tent': 0}, {'VotingDistrict': 32960482, 'station': 'THERESA PARK PRIMARY SCHOOL', 'station_type': 'School', 'registered': 3340, 'turnout': 0.48263473053892214, 'tent': 0}, {'VotingDistrict': 32960493, 'station': 'LAERSKOOL AKASIA', 'station_type': 'School', 'registered': 2617, 'turnout': 0.4119220481467329, 'tent': 0}]"
79900099,Tshwane,13043,5317,102,15,0.4155,0.0188,ANC,0.5543,0.4045,2.8055,0.5543,0.1498,0.1179,0.013,0.1054,0.95,0.4104,0.5067,Low risk,0.4065,0.3545,0.4585,99,"[{'VotingDistrict': 33050012, 'station': 'REFILWE MUNICIPAL OFFICES', 'station_type': 'Other', 'registered': 1683, 'turnout': 0.33392751039809865, 'tent': 0}, {'VotingDistrict': 33050034, 'station': 'REFILWE LIBRARY', 'station_type': 'Other', 'registered': 2364, 'turnout': 0.35194585448392557, 'tent': 0}, {'VotingDistrict': 33050089, 'station': 'CHOKOE PRIMARY SCHOOL', 'station_type': 'School', 'registered': 1697, 'turnout': 0.37360047142015324, 'tent': 0}]"
79900100,Tshwane,14250,6432,93,16,0.4579,0.0143,DA,0.4058,0.1317,3.7102,0.2741,0.4058,0.0955,0.0451,0.1281,0.8922,0.4325,2.5433,Low risk,0.4224,0.3704,0.4744,100,"[{'VotingDistrict': 33050045, 'station': 'CULLINAN COMBINE SCHOOL', 'station_type': 'School', 'registered': 1846, 'turnout': 0.5557963163596966, 'tent': 0}, {'VotingDistrict': 33050056, 'station': 'RAYTON COMMUNITY HALL', 'station_type': 'Hall/Centre', 'registered': 2121, 'turnout': 0.5464403583215465, 'tent': 0}, {'VotingDistrict': 33050067, 'station': 'CHRIS HANI FLATS', 'station_type': 'Other', 'registered': 289, 'turnout': 0.06228373702422145, 'tent': 0}]"
79900101,Tshwane,20202,11530,67,7,0.5741,0.0058,DA,0.6508,0.5039,2.1945,0.0734,0.6508,0.031,0.0589,0.1788,0.8907,0.5205,5.3592,Low risk,0.5357,0.4837,0.5877,101,"[{'VotingDistrict': 32952506, 'station': 'TENT - OPEN SPACE OPP THE WILDS ESTATE', 'station_type': 'Tent', 'registered': 3613, 'turnout': 0.5286465541101578, 'tent': 1}, {'VotingDistrict': 33110244, 'station': 'SILVERLAKES CLUB HOUSE', 'station_type': 'Other', 'registered': 3540, 'turnout': 0.6748587570621469, 'tent': 0}, {'VotingDistrict': 33110255, 'station': 'LAERSKOOL TYGERPOORT', 'station_type': 'School', 'registered': 3164, 'turnout': 0.5448798988621998, 'tent': 0}]"
79900102,Tshwane,14630,6590,125,16,0.459,0.0186,ANC,0.4692,0.2496,3.2865,0.4692,0.2196,0.1038,0.0197,0.0246,0.6778,0.4151,4.3868,Low risk,0.4344,0.3824,0.4864,102,"[{'VotingDistrict': 33040033, 'station': 'MSHULUZANE MAISELA PRIMARY SCHOOL', 'station_type': 'School', 'registered': 2980, 'turnout': 0.4526845637583893, 'tent': 0}, {'VotingDistrict': 33040055, 'station': 'KGORO PRIMARY SCHOOL', 'station_type': 'School', 'registered': 1845, 'turnout': 0.45582655826558266, 'tent': 0}, {'VotingDistrict': 33040066, 'station': 'BRONKHORSTSPRUIT PRIMARY SCHOOL', 'station_type': 'School', 'registered': 1632, 'turnout': 0.46200980392156865, 'tent': 0}]"
79900103,Tshwane,13194,5383,68,11,0.4131,0.0125,ANC,0.6586,0.446,2.0651,0.6586,0.0604,0.2125,0.0372,0.0,0.6978,0.4155,-0.2335,Medium risk,0.3975,0.3455,0.4495,103,"[{'VotingDistrict': 33040011, 'station': 'CHRISTIAN CATHOLIC CHURCH', 'station_type': 'Church', 'registered': 1070, 'turnout': 0.40654205607476634, 'tent': 0}, {'VotingDistrict': 33040022, 'station': 'COMMUNITY HALL RETHABISENG', 'station_type': 'Hall/Centre', 'registered': 1711, 'turnout': 0.4582115721800117, 'tent': 0}, {'VotingDistrict': 33040101, 'station': 'RETHABISENG PRIMARY SCHOOL', 'station_type': 'School', 'registered': 1702, 'turnout': 0.43772032902467684, 'tent': 0}]"
79900104,Tshwane,15210,5886,104,11,0.3938,0.0174,ANC,0.7671,0.6337,1.6424,0.7671,0.0398,0.1334,0.019,0.0,0.7279,0.422,-2.8221,Medium risk,0.3867,0.3347,0.4387,104,"[{'VotingDistrict': 54510016, 'station': 'ZIVUSENI COMBINED SCHOOL', 'station_type': 'School', 'registered': 1235, 'turnout': 0.42834008097165993, 'tent': 0}, {'VotingDistrict': 54510027, 'station': 'SITJHEJIWE SECONDARY SCHOOL', 'station_type': 'School', 'registered': 2632, 'turnout': 0.3594224924012158, 'tent': 0}, {'VotingDistrict': 54510061, 'station': 'MANDLOMSOBO COMBINED SCHOOL', 'station_type': 'School', 'registered': 1373, 'turnout': 0.39475600873998545, 'tent': 0}]"
79900105,Tshwane,14585,6785,162,21,0.4763,0.0233,ANC,0.4152,0.1459,3.5974,0.4152,0.2693,0.1384,0.0267,0.0278,0.6586,0.4147,6.1584,Low risk,0.4842,0.4322,0.5362,105,"[{'VotingDistrict': 33040044, 'station': 'R.J SEKGOLELA CENTRE', 'station_type': 'Hall/Centre', 'registered': 2051, 'turnout': 0.3554363725012189, 'tent': 0}, {'VotingDistrict': 33040077, 'station': 'LAERSKOOL DU PREEZ VAN WYK', 'station_type': 'School', 'registered': 1925, 'turnout': 0.5038961038961038, 'tent': 0}, {'VotingDistrict': 33040088, 'station': 'KAIA MANZI LODGE', 'station_type': 'Other', 'registered': 831, 'turnout': 0.6040914560770156, 'tent': 0}]"
79900106,Tshwane,13403,4241,69,4,0.3216,0.016,ANC,0.5791,0.3902,2.5896,0.5791,0.0604,0.1889,0.0507,0.0617,0.8998,0.4032,-8.1633,High risk,0.3248,0.2728,0.3768,106,"[{'VotingDistrict': 32980305, 'station': 'TENT - NEXT TO OLD PHILENA MIDDLE SCHOOL', 'station_type': 'Tent', 'registered': 827, 'turnout': 0.32285368802902054, 'tent': 1}, {'VotingDistrict': 32980372, 'station': 'WALTER SISULU PRIMARY SCHOOL', 'station_type': 'School', 'registered': 7134, 'turnout': 0.29955144379029996, 'tent': 0}, {'VotingDistrict': 32980417, 'station': 'OLIEVENHOUTBOSCH CHRISTIAN-SCHOOL', 'station_type': 'School', 'registered': 4699, 'turnout': 0.30921472653756116, 'tent': 0}]"
79900107,Tshwane,14524,5119,49,4,0.3558,0.0095,ANC,0.5599,0.2493,2.4087,0.5599,0.035,0.3106,0.0596,0.0,0.7151,0.4031,-4.7275,Medium risk,0.3428,0.2908,0.3948,107,"[{'VotingDistrict': 32951808, 'station': 'WORD ALIVE CHRISTIAN CHURCH', 'station_type': 'Church', 'registered': 4164, 'turnout': 0.3414985590778098, 'tent': 0}, {'VotingDistrict': 33280084, 'station': 'GRACE CHRISTIAN WORSHIP CENTRE', 'station_type': 'Hall/Centre', 'registered': 6349, 'turnout': 0.32981571901086787, 'tent': 0}, {'VotingDistrict': 33280095, 'station': 'OASIS DAY CARE AND COMMUNITY CRECHE', 'station_type': 'Hall/Centre', 'registered': 2273, 'turnout': 0.3941926968763748, 'tent': 0}]"
